ID,SKU,Name,Stock,"Sale price",Categories,Images,Parent,Brands,"Meta: stackable_optimized_css","Meta: rank_math_internal_links_processed","Meta: rank_math_analytic_object_id","Meta: blocksy_demos_imported_post","Meta: _ei_product_url","Meta: _ei_product_domain","Meta: _ei_last_update","Meta: _wp_page_template","Meta: rank_math_seo_score","Meta: _ct-woo-attributes-list","Meta: rank_math_focus_keyword","Meta: rank_math_primary_product_brand","Meta: rank_math_title","Meta: rank_math_description"
98,,"Brown Cap",,,Accessories,http://aussievapes.com.au/wp-content/uploads/2021/12/shop-item-2_optimized.webp,,,,1,2110,1,,,,,,,
100,,"Quartz Watch",,50,Accessories,http://aussievapes.com.au/wp-content/uploads/2021/12/shop-item-3_optimized.webp,,,,1,2111,1,,,,,,,
525,,"Retro Sunglasses",,55,Accessories,http://aussievapes.com.au/wp-content/uploads/2021/12/shop-item-9_optimized.webp,,,,1,2117,1,,,,,,,
532,,"Snapback Cap",,30,Accessories,http://aussievapes.com.au/wp-content/uploads/2021/12/shop-item-10_optimized.webp,,,,1,2120,1,,,,,,,
4920,,"ADALYA - LOVE 66 - 16000 PUFFS",,,"ADALYA vape",http://aussievapes.com.au/wp-content/uploads/2026/01/adalya-love-66-16000-puffs-iget-australia.jpg,,,,1,2075,,https://igetaustralia.com/product/adalya-love-66-16000-puffs/,igetaustralia.com,1767740168,default,79,{},"ADALYA - LOVE 66 - 16000 PUFFS"
4922,,"ADALYA - THE TWO APPLES - 16000 PUFFS",,,"ADALYA vape",http://aussievapes.com.au/wp-content/uploads/2026/01/adalya-the-two-apples-16000-puffs-iget-australia-e1767741682735.jpg,,,,1,2074,,https://igetaustralia.com/product/adalya-the-two-apples-16000-puffs/,igetaustralia.com,1769703063,default,69,{},"ADALYA - THE TWO APPLES - 16000 PUFFS"
4926,,"ALFAKHER CROWN BAR - BLUE RAZZ LEMONADE - 15000 PUFFS",,,"ALFAKHER vape > ALFAKHER CROWN BAR 15000",http://aussievapes.com.au/wp-content/uploads/2026/01/alfakher-crown-bar-blue-razz-lemonade-15000-puffs-iget-australia-e1767886999483.jpg,,,,1,2071,,https://igetaustralia.com/product/alfakher-crown-bar-blue-razz-lemonade-150000-puffs/,igetaustralia.com,1767741937,default,65,{},"ALFAKHER CROWN BAR - BLUE RAZZ LEMONADE - 15000 PUFFS"
4927,,"ALFAKHER CROWN BAR - TWO APPLE - 15000 PUFFS",,,"ALFAKHER vape > ALFAKHER CROWN BAR 15000",http://aussievapes.com.au/wp-content/uploads/2026/01/alfakher-crown-bar-two-apple-15000-puffs-iget-australia-e1767887208680.jpg,,,,1,2072,,https://igetaustralia.com/product/alfakher-crown-bar-two-apple-150000-puffs/,igetaustralia.com,1767741937,default,65,{},"ALFAKHER CROWN BAR - TWO APPLE - 15000 PUFFS"
4928,,"ALFAKHER CROWN BAR - GRAPE MINT - 15000 PUFFS",,,"ALFAKHER vape > ALFAKHER CROWN BAR 15000",http://aussievapes.com.au/wp-content/uploads/2026/01/alfakher-crown-bar-grape-mint-15000-puffs-iget-australia-e1767887256262.jpg,,,,1,2073,,https://igetaustralia.com/product/alfakher-crown-bar-grape-mint-15000-puffs/,igetaustralia.com,1767741937,default,65,{},"ALFAKHER CROWN BAR - GRAPE MINT - 15000 PUFFS"
4932,,"ALFAKHER CROWN BAR - GUM FLAVOUR - 15000 PUFFS",,,"ALFAKHER vape > ALFAKHER CROWN BAR 15000",http://aussievapes.com.au/wp-content/uploads/2026/01/alfakher-crown-bar-gum-flavour-15000-puffs-iget-australia-e1767886801856.jpg,,,,1,2068,,https://igetaustralia.com/product/alfakher-crown-bar-gum-flavour-15000-puffs/,igetaustralia.com,1767741940,default,65,{},"ALFAKHER CROWN BAR - GUM FLAVOUR - 15000 PUFFS"
4933,,"ALFAKHER CROWN BAR - TWO APPLE - 15000 PUFFS",,,"ALFAKHER vape > ALFAKHER CROWN BAR 15000",http://aussievapes.com.au/wp-content/uploads/2026/01/alfakher-crown-bar-two-apple-15000-puffs-iget-australia-1-e1767886868243.jpg,,,,1,2069,,https://igetaustralia.com/product/alfakher-crown-bar-two-apple-pro-max-15000-puffs/,igetaustralia.com,1767741940,default,65,{},"ALFAKHER CROWN BAR - TWO APPLE - 15000 PUFFS"
4934,,"ALFAKHER CROWN BAR - LUSH ICE- 15000 PUFFS",,,"ALFAKHER vape > ALFAKHER CROWN BAR 15000",http://aussievapes.com.au/wp-content/uploads/2026/01/alfakher-crown-bar-lush-ice-15000-puffs-iget-australia-e1767886921823.jpg,,,,1,2070,,https://igetaustralia.com/product/alfakher-crown-bar-lush-ice-150000-puffs/,igetaustralia.com,1769697047,default,65,{},"ALFAKHER CROWN BAR - LUSH ICE- 15000 PUFFS"
4937,,"ALFAKHER CROWN BAR - PEACH ICE- 15000 PUFFS",,,"ALFAKHER vape > ALFAKHER CROWN BAR 15000",http://aussievapes.com.au/wp-content/uploads/2026/01/alfakher-crown-bar-peach-ice-15000-puffs-iget-australia-e1767886649272.jpg,,,,1,2066,,https://igetaustralia.com/product/alfakher-crown-bar-peach-ice-150000-puffs/,igetaustralia.com,1769697379,default,65,{},"ALFAKHER CROWN BAR - PEACH ICE- 15000 PUFFS"
4939,,"ALFAKHER CROWN BAR - BLACK CURRENT ICE - 15000 PUFFS",,,"ALFAKHER vape > ALFAKHER CROWN BAR 15000",http://aussievapes.com.au/wp-content/uploads/2026/01/alfakher-crown-bar-black-current-ice-15000-puffs-iget-australia-e1767886718471.jpg,,,,1,2067,,https://igetaustralia.com/product/alfakher-crown-bar-black-current-ice-15000-puffs/,igetaustralia.com,1767741944,default,65,{},"ALFAKHER CROWN BAR - BLACK CURRENT ICE - 15000 PUFFS"
4940,,"ALFAKHER CROWN BAR - STRAWBERRY PUNCH - 15000 PUFFS",,,"ALFAKHER vape > ALFAKHER CROWN BAR 15000",http://aussievapes.com.au/wp-content/uploads/2026/01/alfakher-crown-bar-strawberry-punch-15000-puffs-iget-australia-e1767886588712.jpg,,,,1,2065,,https://igetaustralia.com/product/alfakher-crown-bar-strawberry-punch-150000-puffs/,igetaustralia.com,1778359679,default,66,{},"ALFAKHER CROWN BAR - STRAWBERRY PUNCH - 15000 PUFFS"
4943,,"ALFAKHER CROWN BAR - WHITE FLASH - 15000 PUFFS",,,"ALFAKHER vape > ALFAKHER CROWN BAR 15000",http://aussievapes.com.au/wp-content/uploads/2026/01/alfakher-crown-bar-white-flash-15000-puffs-iget-australia-e1767886536330.jpg,,,,1,2064,,https://igetaustralia.com/product/alfakher-crown-bar-white-flash-15000-puffs/,igetaustralia.com,1767741947,default,65,{},"ALFAKHER CROWN BAR - WHITE FLASH - 15000 PUFFS"
4944,,"ALFAKHER CROWN BAR - LEMON MINT - 15000 PUFFS",,,"ALFAKHER vape > ALFAKHER CROWN BAR 15000",http://aussievapes.com.au/wp-content/uploads/2026/01/alfakher-crown-bar-lemon-mint-15000-puffs-iget-australia-e1767886482205.jpg,,,,1,2063,,https://igetaustralia.com/product/alfakher-crown-bar-lemon-mint-15000-puffs/,igetaustralia.com,1767741947,default,65,{},"ALFAKHER CROWN BAR - LEMON MINT - 15000 PUFFS"
4947,,"ALFAKHER CROWN BAR - SWEET PASSSIONFRUIT - 15000 PUFFS",,,"ALFAKHER vape > ALFAKHER CROWN BAR 15000",http://aussievapes.com.au/wp-content/uploads/2026/01/alfakher-crown-bar-sweet-passsionfruit-15000-puffs-iget-australia-e1767886348731.jpg,,,,1,2061,,https://igetaustralia.com/product/alfakher-crown-bar-sweet-passsionfruit-15000-puffs/,igetaustralia.com,1778342529,default,65,{},"ALFAKHER CROWN BAR - SWEET PASSSIONFRUIT - 15000 PUFFS"
4948,,"ALFAKHER CROWN BAR - GUM MINT - 15000 PUFFS",,,"ALFAKHER vape > ALFAKHER CROWN BAR 15000",http://aussievapes.com.au/wp-content/uploads/2026/01/alfakher-crown-bar-gum-mint-15000-puffs-iget-australia-e1767886425662.jpg,,,,1,2062,,https://igetaustralia.com/product/alfakher-crown-bar-gum-mint-15000-puffs/,igetaustralia.com,1767741948,default,65,{},"ALFAKHER CROWN BAR - GUM MINT - 15000 PUFFS"
4950,,"ALFAKHER CROWN BAR - BERRY ICE - 15000 PUFFS",,,"ALFAKHER vape > ALFAKHER CROWN BAR 15000",http://aussievapes.com.au/wp-content/uploads/2026/01/alfakher-crown-bar-berry-ice-15000-puffs-iget-australia-e1767886303390.jpg,,,,1,2060,,https://igetaustralia.com/product/alfakher-crown-bar-berry-ice-15000-puffs/,igetaustralia.com,1767741950,default,65,{},"ALFAKHER CROWN BAR - BERRY ICE - 15000 PUFFS"
4953,,"ALFAKHER CROWN BAR - BLUEBERRY GUM - 15000 PUFFS",,,"ALFAKHER vape > ALFAKHER CROWN BAR 15000",http://aussievapes.com.au/wp-content/uploads/2026/01/alfakher-crown-bar-blueberry-gum-15000-puffs-iget-australia-e1767886247491.jpg,,,,1,2058,,https://igetaustralia.com/product/alfakher-crown-bar-blueberry-gum-15000-puffs-copy/,igetaustralia.com,1769702752,default,65,{},"ALFAKHER CROWN BAR - BLUEBERRY GUM - 15000 PUFFS"
4954,,"ALFAKHER CROWN BAR - MAGIC LOVE - 15000 PUFFS",,,"ALFAKHER vape > ALFAKHER CROWN BAR 15000",http://aussievapes.com.au/wp-content/uploads/2026/01/alfakher-crown-bar-magic-love-15000-puffs-iget-australia-e1767886185766.jpg,,,,1,2059,,https://igetaustralia.com/product/alfakher-crown-bar-magic-love-15000-puffs/,igetaustralia.com,1767741951,default,66,{},"ALFAKHER CROWN BAR - MAGIC LOVE - 15000 PUFFS"
4956,,"ALFAKHER CROWN BAR - SWEET PASSSIONFRUIT - 15000 PUFFS",,,"ALFAKHER vape > ALFAKHER CROWN BAR 15000",http://aussievapes.com.au/wp-content/uploads/2026/01/alfakher-crown-bar-sweet-passsionfruit-15000-puffs-iget-australia-1-e1767886122419.jpg,,,,1,2057,,https://igetaustralia.com/product/alfakher-crown-bar-sweet-passsionfruit-15000-puffs-2/,igetaustralia.com,1767741952,default,59,{},"ALFAKHER CROWN BAR - SWEET PASSSIONFRUIT - 15000 PUFFS"
4958,,"ALFAKHER CROWN BAR - LUCID DREAMS - 15000 PUFFS",,,"ALFAKHER vape > ALFAKHER CROWN BAR 15000",http://aussievapes.com.au/wp-content/uploads/2026/01/alfakher-crown-bar-lucid-dreams-15000-puffs-iget-australia-e1767886040764.jpg,,,,1,2056,,https://igetaustralia.com/product/alfakher-crown-bar-lucid-dreams-15000-puffs/,igetaustralia.com,1767741953,default,59,{},"ALFAKHER CROWN BAR - LUCID DREAMS - 15000 PUFFS"
4960,,"ALFAKHER CROWN BAR - 15000 PUFFS - 3 PACK",,,"ALFAKHER vape > ALFAKHER CROWN BAR 15000",http://aussievapes.com.au/wp-content/uploads/2026/01/alfakher-crown-bar-15000-puffs-3-pack-iget-australia.jpg,,,,1,2055,,https://igetaustralia.com/product/alfakher-crown-bar-150000-puffs-3-packs/,igetaustralia.com,1767741954,default,69,{},"ALFAKHER CROWN BAR - 15000 PUFFS - 3 PACK"
4962,,"ALFAKHER CROWN BAR - 15000 PUFFS - 5 PACK",,,"ALFAKHER vape > ALFAKHER CROWN BAR 15000",http://aussievapes.com.au/wp-content/uploads/2026/01/alfakher-crown-bar-15000-puffs-5-pack-iget-australia-e1767885899735.jpg,,,,1,2054,,https://igetaustralia.com/product/alfakher-crown-bar-150000-puffs-5-packs/,igetaustralia.com,1767741956,default,64,{},"ALFAKHER CROWN BAR - 15000 PUFFS - 5 PACK"
4964,,"ALFAKHER CROWN BAR - 15000 PUFFS - 10 PACK",,,"ALFAKHER vape > ALFAKHER CROWN BAR 15000",http://aussievapes.com.au/wp-content/uploads/2026/01/alfakher-crown-bar-15000-puffs-10-pack-iget-australia-e1767885772833.jpg,,,,1,2053,,https://igetaustralia.com/product/alfakher-crown-bar-150000-puffs-10-packs/,igetaustralia.com,1767741964,default,59,{},"ALFAKHER CROWN BAR - 15000 PUFFS - 10 PACK"
4966,,"ALFAKHER CROWN BAR - 15000 PUFFS",,,"ALFAKHER vape > ALFAKHER CROWN BAR 15000",http://aussievapes.com.au/wp-content/uploads/2026/01/alfakher-crown-bar-15000-puffs-20-pack-iget-australia-e1767885706234.jpg,,,,1,2052,,https://igetaustralia.com/product/alfakher-crown-bar-150000-puffs-20-packs/,igetaustralia.com,1767741966,default,64,{},"ALFAKHER CROWN BAR - 15000 PUFFS"
4970,,"ALFAKHER CROWN BAR BLACKCURRANT ICE - 8000 PUFFS",,,"ALFAKHER vape > ALFAKHER CROWN BAR 8000",http://aussievapes.com.au/wp-content/uploads/2026/01/alfakher-crown-bar-blackcurrant-ice-8000-puffs-iget-australia.png,,,,1,2049,,https://igetaustralia.com/product/crown-bar-alfakher-blackcurrant-ice-8000-puffs/,igetaustralia.com,1767742055,default,65,{},"ALFAKHER CROWN BAR BLACKCURRANT ICE - 8000 PUFFS"
4971,,"ALFAKHER CROWN BAR BERRY ICE - 8000 PUFFS",,,"ALFAKHER vape > ALFAKHER CROWN BAR 8000",http://aussievapes.com.au/wp-content/uploads/2026/01/alfakher-crown-bar-berry-ice-8000-puffs-iget-australia.png,,,,1,2050,,https://igetaustralia.com/product/crown-bar-alfakher-berry-ice-8000-puffs/,igetaustralia.com,1769697314,default,65,{},"ALFAKHER CROWN BAR BERRY ICE - 8000 PUFFS"
4972,,"ALFAKHER CROWN BAR BERRY MINT - 8000 PUFFS",,,"ALFAKHER vape > ALFAKHER CROWN BAR 8000",http://aussievapes.com.au/wp-content/uploads/2026/01/alfakher-crown-bar-berry-mint-8000-puffs-iget-australia.png,,,,1,2051,,https://igetaustralia.com/product/crown-bar-alfakher-berry-mint-8000-puffs/,igetaustralia.com,1767742055,default,65,{},"ALFAKHER CROWN BAR BERRY MINT - 8000 PUFFS"
4975,,"ALFAKHER CROWN BAR LEMON MINT - 8000 PUFFS",,,"ALFAKHER vape > ALFAKHER CROWN BAR 8000",http://aussievapes.com.au/wp-content/uploads/2026/01/alfakher-crown-bar-lemon-mint-8000-puffs-iget-australia.png,,,,1,2047,,https://igetaustralia.com/product/crown-bar-alfakher-lemon-mint-8000-puffs/,igetaustralia.com,1767742058,default,65,{},"ALFAKHER CROWN BAR LEMON MINT - 8000 PUFFS"
4976,,"ALFAKHER CROWN BAR BLUEBERRY BUBBLE GUM - 8000 PUFFS",,,"ALFAKHER vape > ALFAKHER CROWN BAR 8000",http://aussievapes.com.au/wp-content/uploads/2026/01/alfakher-crown-bar-blueberry-bubble-gum-8000-puffs-iget-australia.png,,,,1,2048,,https://igetaustralia.com/product/crown-bar-alfakher-blueberry-bubble-gum-8000-puffs/,igetaustralia.com,1769694505,default,65,{},"ALFAKHER CROWN BAR BLUEBERRY BUBBLE GUM - 8000 PUFFS"
4978,,"ALFAKHER CROWN BAR PEACH ICE - 8000 PUFFS",,,"ALFAKHER vape > ALFAKHER CROWN BAR 8000",http://aussievapes.com.au/wp-content/uploads/2026/01/alfakher-crown-bar-peach-ice-8000-puffs-iget-australia.png,,,,1,2046,,https://igetaustralia.com/product/crown-bar-alfakher-peach-ice-8000-puffs/,igetaustralia.com,1767742059,default,65,{},"ALFAKHER CROWN BAR PEACH ICE - 8000 PUFFS"
4980,,"ALFAKHER CROWN BAR WHITE FLASH - 8000 PUFFS | IGET Australia",,,"ALFAKHER vape > ALFAKHER CROWN BAR 8000",http://aussievapes.com.au/wp-content/uploads/2026/01/alfakher-crown-bar-white-flash-8000-puffs-iget-australia.png,,,,1,2045,,https://igetaustralia.com/product/crown-bar-alfakher-white-flash-8000-puffs/,igetaustralia.com,1767742062,,,,
4982,,"ALFAKHER CROWN BAR- CHERRY FIESTA - 8000 PUFFS | IGET Australia",,,"ALFAKHER vape > ALFAKHER CROWN BAR 8000",http://aussievapes.com.au/wp-content/uploads/2026/01/alfakher-crown-bar-cherry-fiesta-8000-puffs-iget-australia.png,,,,1,2044,,https://igetaustralia.com/product/alfakher-crown-bar-cherry-fiesta-8000-puffs/,igetaustralia.com,1767742067,default,9,{},
4984,,"ALFAKHER CROWN BAR GUM FLAVOUR - 8000 PUFFS",,,"ALFAKHER vape > ALFAKHER CROWN BAR 8000",http://aussievapes.com.au/wp-content/uploads/2026/01/alfakher-crown-bar-gum-flavour-8000-puffs-iget-australia.jpg,,,,1,2043,,https://igetaustralia.com/product/alfakher-crown-bar-gum-flavour-8000-puffs/,igetaustralia.com,1767742069,default,65,{},"ALFAKHER CROWN BAR GUM FLAVOUR - 8000 PUFFS"
4986,,"ALFAKHER CROWN BAR BLUE RAZZ LEMONADE - 8000 PUFFS",,,"ALFAKHER vape > ALFAKHER CROWN BAR 8000",http://aussievapes.com.au/wp-content/uploads/2026/01/alfakher-crown-bar-blue-razz-lemonade-8000-puffs-iget-australia.png,,,,1,2042,,https://igetaustralia.com/product/crown-bar-alfakher-blue-razz-lemonade-8000-puffs/,igetaustralia.com,1767742072,default,65,{},"ALFAKHER CROWN BAR BLUE RAZZ LEMONADE - 8000 PUFFS"
4988,,"ALFAKHER CROWN BAR CHERRY RASPBERRY - 8000 PUFFS",,,"ALFAKHER vape > ALFAKHER CROWN BAR 8000",http://aussievapes.com.au/wp-content/uploads/2026/01/alfakher-crown-bar-cherry-raspberry-8000-puffs-iget-australia.png,,,,1,2041,,https://igetaustralia.com/product/crown-bar-alfakher-cherry-raspberry-8000-puffs/,igetaustralia.com,1767742079,default,65,{},"ALFAKHER CROWN BAR CHERRY RASPBERRY - 8000 PUFFS"
4990,,"ALFAKHER CROWN BAR GUM MINT - 8000 PUFFS",,,"ALFAKHER vape > ALFAKHER CROWN BAR 8000",http://aussievapes.com.au/wp-content/uploads/2026/01/alfakher-crown-bar-gum-mint-8000-puffs-iget-australia.png,,,,1,2040,,https://igetaustralia.com/product/crown-bar-alfakher-gum-mint-8000-puffs/,igetaustralia.com,1769685137,default,65,{},"ALFAKHER CROWN BAR GUM MINT - 8000 PUFFS"
4992,,"ALFAKHER CROWN BAR LUCID DREAM - 8000 PUFFS",,,"ALFAKHER vape > ALFAKHER CROWN BAR 8000",http://aussievapes.com.au/wp-content/uploads/2026/01/alfakher-crown-bar-lucid-dream-8000-puffs-iget-australia.png,,,,1,2039,,https://igetaustralia.com/product/crown-bar-alfakher-lucid-dream-8000-puffs/,igetaustralia.com,1767742087,default,65,{},"ALFAKHER CROWN BAR LUCID DREAM - 8000 PUFFS"
4994,,"ALFAKHER CROWN BAR LUSH ICE - 8000 PUFFS",,,"ALFAKHER vape > ALFAKHER CROWN BAR 8000",http://aussievapes.com.au/wp-content/uploads/2026/01/alfakher-crown-bar-lush-ice-8000-puffs-iget-australia.png,,,,1,2038,,https://igetaustralia.com/product/crown-bar-alfakher-lush-ice-8000-puffs/,igetaustralia.com,1767742091,default,65,{},"ALFAKHER CROWN BAR LUSH ICE - 8000 PUFFS"
4996,,"ALFAKHER CROWN BAR MANGO FREEZE - 8000 PUFFS",,,"ALFAKHER vape > ALFAKHER CROWN BAR 8000",http://aussievapes.com.au/wp-content/uploads/2026/01/alfakher-crown-bar-mango-freeze-8000-puffs-iget-australia.png,,,,1,2037,,https://igetaustralia.com/product/crown-bar-alfakher-mango-freeze-8000-puffs/,igetaustralia.com,1767742094,default,66,{},"ALFAKHER CROWN BAR MANGO FREEZE - 8000 PUFFS"
4998,,"ALFAKHER CROWN BAR MINT - 8000 PUFFS",,,"ALFAKHER vape > ALFAKHER CROWN BAR 8000",http://aussievapes.com.au/wp-content/uploads/2026/01/alfakher-crown-bar-mint-8000-puffs-iget-australia.png,,,,1,2036,,https://igetaustralia.com/product/crown-bar-alfakher-mint-8000-puffs/,igetaustralia.com,1767742097,default,69,{},"ALFAKHER CROWN BAR MINT - 8000 PUFFS"
5000,,"ALFAKHER CROWN BAR STRAWBERRY PUNCH - 8000 PUFFS",,,"ALFAKHER vape > ALFAKHER CROWN BAR 8000",http://aussievapes.com.au/wp-content/uploads/2026/01/alfakher-crown-bar-strawberry-punch-8000-puffs-iget-australia.png,,,,1,2035,,https://igetaustralia.com/product/crown-bar-alfakher-strawberry-punch-8000-puffs/,igetaustralia.com,1767742101,default,66,{},"ALFAKHER CROWN BAR STRAWBERRY PUNCH - 8000 PUFFS"
5002,,"ALFAKHER CROWN BAR SWEET PASSIONFRUIT - 8000 PUFFS",,,"ALFAKHER vape > ALFAKHER CROWN BAR 8000",http://aussievapes.com.au/wp-content/uploads/2026/01/alfakher-crown-bar-sweet-passionfruit-8000-puffs-iget-australia.png,,,,1,2034,,https://igetaustralia.com/product/crown-bar-alfakher-sweet-passionfruit-8000-puffs/,igetaustralia.com,1767742103,default,65,{},"ALFAKHER CROWN BAR SWEET PASSIONFRUIT - 8000 PUFFS"
5004,,"ALFAKHER CROWN BAR TWO APPLE - 8000 PUFFS",,,"ALFAKHER vape > ALFAKHER CROWN BAR 8000",http://aussievapes.com.au/wp-content/uploads/2026/01/alfakher-crown-bar-two-apple-8000-puffs-iget-australia.png,,,,1,2033,,https://igetaustralia.com/product/crown-bar-alfakher-two-apple-8000-puffs/,igetaustralia.com,1767742106,default,65,{},"ALFAKHER CROWN BAR TWO APPLE - 8000 PUFFS"
5006,,"ALFAKHER CROWN BAR MAGIC LOVE - 8000 PUFFS",,,"ALFAKHER vape > ALFAKHER CROWN BAR 8000",http://aussievapes.com.au/wp-content/uploads/2026/01/alfakher-crown-bar-magic-love-8000-puffs-iget-australia.png,,,,1,2032,,https://igetaustralia.com/product/crown-bar-alfakher-magic-love-8000-puffs/,igetaustralia.com,1767742111,default,66,{},"ALFAKHER CROWN BAR MAGIC LOVE - 8000 PUFFS"
5008,,"ALFAKHER CROWN BAR- MANGO ICE- 8000 PUFFS",,,"ALFAKHER vape > ALFAKHER CROWN BAR 8000",http://aussievapes.com.au/wp-content/uploads/2026/01/alfakher-crown-bar-mango-ice-8000-puffs-iget-australia.png,,,,1,2031,,https://igetaustralia.com/product/alfakher-crown-bar-mango-ice-8000-puffs/,igetaustralia.com,1767742118,default,65,{},"ALFAKHER CROWN BAR- MANGO ICE- 8000 PUFFS"
5010,,"ALFAKHER CROWN BAR- GRAPE MINT - 8000 PUFFS",,,"ALFAKHER vape > ALFAKHER CROWN BAR 8000",http://aussievapes.com.au/wp-content/uploads/2026/01/alfakher-crown-bar-grape-mint-8000-puffs-iget-australia.png,,,,1,2030,,https://igetaustralia.com/product/alfakher-crown-bar-grape-mint-8000-puffs/,igetaustralia.com,1767742122,default,65,{},"ALFAKHER CROWN BAR- GRAPE MINT - 8000 PUFFS"
5012,,"ALFAKHER CROWN BAR – 8000 PUFFS – 3 PACK",,,"ALFAKHER vape > ALFAKHER CROWN BAR 8000",http://aussievapes.com.au/wp-content/uploads/2026/01/alfakher-crown-bar-8000-puffs-3-pack-iget-australia-e1767887775644.jpg,,,,1,2029,,https://igetaustralia.com/product/crown-bar-alfakher-8000-puffs-3-pack/,igetaustralia.com,1767742124,default,69,{},"ALFAKHER CROWN BAR – 8000 PUFFS – 3 PACK",
5014,,"ALFAKHER CROWN BAR – 8000 PUFFS – 5 PACK",,,"ALFAKHER vape > ALFAKHER CROWN BAR 8000",http://aussievapes.com.au/wp-content/uploads/2026/01/alfakher-crown-bar-8000-puffs-5-pack-iget-australia-e1767887682911.jpg,,,,1,2028,,https://igetaustralia.com/product/crown-bar-alfakher-8000-puffs-5-pack/,igetaustralia.com,1767742127,default,69,{},"ALFAKHER CROWN BAR – 8000 PUFFS – 5 PACK",
5016,,"ALFAKHER CROWN BAR – 8000 PUFFS – 10 PACK",,,"ALFAKHER vape > ALFAKHER CROWN BAR 8000",http://aussievapes.com.au/wp-content/uploads/2026/01/alfakher-crown-bar-8000-puffs-10-pack-iget-australia-e1767887495487.jpg,,,,1,2027,,https://igetaustralia.com/product/crown-bar-alfakher-8000-puffs-10-pack/,igetaustralia.com,1767742131,default,69,{},"ALFAKHER CROWN BAR – 8000 PUFFS – 10 PACK",
5018,,"ALFAKHER CROWN BAR – 8000 PUFFS – 20 PACK",,,"ALFAKHER vape > ALFAKHER CROWN BAR 8000",http://aussievapes.com.au/wp-content/uploads/2026/01/alfakher-crown-bar-8000-puffs-20-pack-iget-australia-e1767887611175.jpg,,,,1,2026,,https://igetaustralia.com/product/crown-bar-alfakher-8000-puffs-10-pack-2/,igetaustralia.com,1767742134,default,69,{},"ALFAKHER CROWN BAR – 8000 PUFFS – 20 PACK",
5022,,"ALIBARBAR INGOT - PASSIONFRUIT MANGO LIME - 9000 PUFFS",,,"ALIBARBAR Vape > ALIBARBAR 9000",http://aussievapes.com.au/wp-content/uploads/2026/01/alibarbar-ingot-passionfruit-mango-lime-9000-puffs-iget-australia.jpg,,"Brands > ALIBARBAR Vape",,1,2023,,https://igetaustralia.com/product/alibarbar-ingot-passionfruit-mango-lime-9000-puffs/,igetaustralia.com,1767743285,default,65,{},"ALIBARBAR INGOT - PASSIONFRUIT MANGO LIME - 9000 PUFFS",144
5023,,"ALIBARBAR INGOT - STRAWBERRY COCONUT WATERMELON - 9000 PUFFS",,,"ALIBARBAR Vape > ALIBARBAR 9000",http://aussievapes.com.au/wp-content/uploads/2026/01/alibarbar-ingot-strawberry-coconut-watermelon-9000-puffs-iget-australia.jpg,,"Brands > ALIBARBAR Vape",,1,2024,,https://igetaustralia.com/product/alibarbar-ingot-strawberry-coconut-watermelon-9000-puffs/,igetaustralia.com,1778342520,default,65,{},"ALIBARBAR INGOT - STRAWBERRY COCONUT WATERMELON - 9000 PUFFS",144
5024,,"ALIBARBAR INGOT - KIWI PINEAPPLE - 9000 PUFFS",,,"ALIBARBAR Vape > ALIBARBAR 9000",http://aussievapes.com.au/wp-content/uploads/2026/01/alibarbar-ingot-kiwi-pineapple-9000-puffs-iget-australia.jpg,,"Brands > ALIBARBAR Vape",,1,2025,,https://igetaustralia.com/product/alibarbar-ingot-kiwi-pineapple-9000-puffs/,igetaustralia.com,1767743285,default,65,{},"ALIBARBAR INGOT - KIWI PINEAPPLE - 9000 PUFFS",144
5028,,"ALIBARBAR INGOT - WATERMELON ICE – 9000 PUFFS",,,"ALIBARBAR Vape > ALIBARBAR 9000",http://aussievapes.com.au/wp-content/uploads/2026/01/alibarbar-ingot-watermelon-ice-9000-puffs-iget-australia.jpg,,"Brands > ALIBARBAR Vape",,1,2021,,https://igetaustralia.com/product/alibarbar-ingot-watermelon-ice-9000-puffs/,igetaustralia.com,1767743287,default,65,{},"ALIBARBAR INGOT - WATERMELON ICE – 9000 PUFFS",144
5029,,"ALIBARBAR INGOT - GRAPE ICE – 9000 PUFFS",,,"ALIBARBAR Vape > ALIBARBAR 9000",http://aussievapes.com.au/wp-content/uploads/2026/01/alibarbar-ingot-grape-ice-9000-puffs-iget-australia.jpg,,"Brands > ALIBARBAR Vape",,1,2022,,https://igetaustralia.com/product/alibarbar-ingot-grape-ice-9000-puffs/,igetaustralia.com,1767743287,default,69,{},"ALIBARBAR INGOT - GRAPE ICE – 9000 PUFFS",144
5030,,"ALIBARBAR INGOT - BLUEBERRY BLAST – 9000 PUFFS",,,"ALIBARBAR Vape > ALIBARBAR 9000",http://aussievapes.com.au/wp-content/uploads/2026/01/alibarbar-ingot-blueberry-blast-9000-puffs-iget-australia.jpg,,"Brands > ALIBARBAR Vape",,1,2020,,https://igetaustralia.com/product/alibarbar-ingot-blueberry-blast-9000-puffs/,igetaustralia.com,1767743287,default,66,{},"ALIBARBAR INGOT - BLUEBERRY BLAST – 9000 PUFFS",144
5034,,"ALIBARBAR INGOT - PINK LEMON – 9000 PUFFS",,,"ALIBARBAR Vape > ALIBARBAR 9000",http://aussievapes.com.au/wp-content/uploads/2026/01/alibarbar-ingot-pink-lemon-9000-puffs-iget-australia.jpg,,"Brands > ALIBARBAR Vape",,1,2017,,https://igetaustralia.com/product/alibarbar-ingot-pink-lemon-9000-puffs/,igetaustralia.com,1767743288,default,69,{},"ALIBARBAR INGOT - PINK LEMON – 9000 PUFFS",144
5035,,"ALIBARBAR INGOT - BLACKBERRY ICE – 9000 PUFFS",,,"ALIBARBAR Vape > ALIBARBAR 9000",http://aussievapes.com.au/wp-content/uploads/2026/01/alibarbar-ingot-blackberry-ice-9000-puffs-iget-australia.jpg,,"Brands > ALIBARBAR Vape",,1,2018,,https://igetaustralia.com/product/alibarbar-ingot-blackberry-ice-9000-puffs/,igetaustralia.com,1769789811,default,65,{},"ALIBARBAR INGOT - BLACKBERRY ICE – 9000 PUFFS",144
5036,,"ALIBARBAR INGOT - MANGO MAGIC – 9000 PUFFS",,,"ALIBARBAR Vape > ALIBARBAR 9000",http://aussievapes.com.au/wp-content/uploads/2026/01/alibarbar-ingot-mango-magic-9000-puffs-iget-australia.jpg,,,,1,2019,,https://igetaustralia.com/product/alibarbar-ingot-mango-magic-9000-puffs/,igetaustralia.com,1769702995,default,66,{},"ALIBARBAR INGOT - MANGO MAGIC – 9000 PUFFS",
5039,,"ALIBARBAR INGOT - CHUPA CHUPS STRAWBERRY – 9000 PUFFS",,,"ALIBARBAR Vape > ALIBARBAR 9000",http://aussievapes.com.au/wp-content/uploads/2026/01/alibarbar-ingot-chupa-chups-strawberry-9000-puffs-iget-australia.jpg,,"Brands > ALIBARBAR Vape",,1,2015,,https://igetaustralia.com/product/alibarbar-ingot-chupa-chups-strawberry-9000-puffs/,igetaustralia.com,1767743289,default,65,{},"ALIBARBAR INGOT - CHUPA CHUPS STRAWBERRY – 9000 PUFFS",144
5040,,"ALIBARBAR INGOT - BLUEBERRY MINT – 9000 PUFFS",,,"ALIBARBAR Vape > ALIBARBAR 9000",http://aussievapes.com.au/wp-content/uploads/2026/01/alibarbar-ingot-blueberry-mint-9000-puffs-iget-australia.jpg,,"Brands > ALIBARBAR Vape",,1,2016,,https://igetaustralia.com/product/alibarbar-ingot-blueberry-mint-9000-puffs/,igetaustralia.com,1767743289,default,65,{},"ALIBARBAR INGOT - BLUEBERRY MINT – 9000 PUFFS",144
5042,,"ALIBARBAR INGOT - FTP – 9000 PUFFS",,,"ALIBARBAR Vape > ALIBARBAR 9000",http://aussievapes.com.au/wp-content/uploads/2026/01/alibarbar-ingot-ftp-9000-puffs-iget-australia.jpg,,"Brands > ALIBARBAR Vape",,1,2014,,https://igetaustralia.com/product/alibarbar-ingot-ftp-9000-puffs/,igetaustralia.com,1767743290,default,69,{},"ALIBARBAR INGOT - FTP – 9000 PUFFS",144
5044,,"ALIBARBAR INGOT - CALIFORNIA SUNSET - 9000 PUFFS",,,"ALIBARBAR Vape > ALIBARBAR 9000",http://aussievapes.com.au/wp-content/uploads/2026/01/alibarbar-ingot-california-sunset-9000-puffs-iget-australia.jpg,,"Brands > ALIBARBAR Vape",,1,2013,,https://igetaustralia.com/product/alibarbar-ingot-california-sunset-9000-puffs/,igetaustralia.com,1767743291,default,65,{},"ALIBARBAR INGOT - CALIFORNIA SUNSET - 9000 PUFFS",144
5047,,"ALIBARBAR INGOT - STRAWBERRY LYCHEE - 9000 PUFFS",,,"ALIBARBAR Vape > ALIBARBAR 9000",http://aussievapes.com.au/wp-content/uploads/2026/01/alibarbar-ingot-strawberry-lychee-9000-puffs-iget-australia.jpg,,,,1,2012,,https://igetaustralia.com/product/alibarbar-ingot-strawberry-lychee-9000-puffs/,igetaustralia.com,1767743293,default,65,{},"ALIBARBAR INGOT - STRAWBERRY LYCHEE - 9000 PUFFS",
5048,,"ALIBARBAR INGOT - QUADRUPLE BERRY - 9000 PUFFS",,,"ALIBARBAR Vape > ALIBARBAR 9000",http://aussievapes.com.au/wp-content/uploads/2026/01/alibarbar-ingot-quadruple-berry-9000-puffs-iget-australia.jpg,,"Brands > ALIBARBAR Vape",,1,2010,,https://igetaustralia.com/product/alibarbar-ingot-quadruple-berry-9000-puffs/,igetaustralia.com,1767743293,default,66,{},"ALIBARBAR INGOT - QUADRUPLE BERRY - 9000 PUFFS",144
5050,,"ALIBARBAR INGOT - SKITTLES - 9000 PUFFS",,,"ALIBARBAR Vape > ALIBARBAR 9000",http://aussievapes.com.au/wp-content/uploads/2026/01/alibarbar-ingot-skittles-9000-puffs-iget-australia.jpg,,"Brands > ALIBARBAR Vape",,1,2011,,https://igetaustralia.com/product/alibarbar-ingot-skittles-9000-puffs/,igetaustralia.com,1767743294,default,69,{},"ALIBARBAR INGOT - SKITTLES - 9000 PUFFS",144
5052,,"ALIBARBAR INGOT BLACKBERRY CHERRY POMEGRANATE - 9000 PUFFS",,,"ALIBARBAR Vape > ALIBARBAR 9000",http://aussievapes.com.au/wp-content/uploads/2026/01/alibarbar-ingot-blackberry-cherry-pomegranate-9000-puffs-iget-australia.jpg,,"Brands > ALIBARBAR Vape",,1,2009,,https://igetaustralia.com/product/alibarbar-ingot-blackberry-cherry-pomegranate-9000-puffs/,igetaustralia.com,1769696779,default,65,{},"ALIBARBAR INGOT BLACKBERRY CHERRY POMEGRANATE - 9000 PUFFS",144
5054,,"ALIBARBAR INGOT - PEACH ICE - 9000 PUFFS",,,"ALIBARBAR Vape > ALIBARBAR 9000",http://aussievapes.com.au/wp-content/uploads/2026/01/alibarbar-ingot-peach-ice-9000-puffs-iget-australia.jpg,,"Brands > ALIBARBAR Vape",,1,2008,,https://igetaustralia.com/product/alibarbar-ingot-peach-ice-9000-puffs/,igetaustralia.com,1767743296,default,67,{},"ALIBARBAR INGOT - PEACH ICE - 9000 PUFFS",144
5056,,"ALIBARBAR INGOT YELLOW STARBURST - 9000 PUFFS",,,"ALIBARBAR Vape > ALIBARBAR 9000",http://aussievapes.com.au/wp-content/uploads/2026/01/alibarbar-ingot-yellow-starburst-9000-puffs-iget-australia.jpg,,"Brands > ALIBARBAR Vape",,1,2007,,https://igetaustralia.com/product/alibarbar-ingot-yellow-starburst-9000-puffs/,igetaustralia.com,1778348495,default,65,{},"ALIBARBAR INGOT YELLOW STARBURST - 9000 PUFFS",144
5058,,"ALIBARBAR INGOT STRAWBERRY KIWI - 9000 PUFFS",,,"ALIBARBAR Vape > ALIBARBAR 9000",http://aussievapes.com.au/wp-content/uploads/2026/01/alibarbar-ingot-strawberry-kiwi-9000-puffs-iget-australia.jpg,,"Brands > ALIBARBAR Vape",,1,2006,,https://igetaustralia.com/product/alibarbar-ingot-strawberry-kiwi-9000-puffs/,igetaustralia.com,1778348484,default,65,{},"ALIBARBAR INGOT STRAWBERRY KIWI - 9000 PUFFS",144
5060,,"ALIBARBAR INGOT - 3 PACK- 9000 PUFFS",,,"ALIBARBAR Vape > ALIBARBAR 9000",http://aussievapes.com.au/wp-content/uploads/2026/01/alibarbar-ingot-3-pack-9000-puffs-iget-australia.jpg,,"Brands > ALIBARBAR Vape",,1,2005,,https://igetaustralia.com/product/alibarbar-ingot-3-pack-9000-puffs/,igetaustralia.com,1769789737,default,69,{},"ALIBARBAR INGOT - 3 PACK- 9000 PUFFS",144
5062,,"ALIBARBAR INGOT - 5 PACK- 9000 PUFFS",,,"ALIBARBAR Vape > ALIBARBAR 9000",http://aussievapes.com.au/wp-content/uploads/2026/01/alibarbar-ingot-5-pack-9000-puffs-iget-australia.jpg,,"Brands > ALIBARBAR Vape",,1,2004,,https://igetaustralia.com/product/alibarbar-ingot-5-pack-9000-puffs/,igetaustralia.com,1769789766,default,69,{},"ALIBARBAR INGOT - 5 PACK- 9000 PUFFS",144
5064,,"ALIBARBAR INGOT - 10 PACK- 9000 PUFFS",,,"ALIBARBAR Vape > ALIBARBAR 9000",http://aussievapes.com.au/wp-content/uploads/2026/01/alibarbar-ingot-10-pack-9000-puffs-iget-australia.jpg,,"Brands > ALIBARBAR Vape",,1,2003,,https://igetaustralia.com/product/alibarbar-ingot-3-pack-9000-puffs-2/,igetaustralia.com,1769751141,default,69,{},"ALIBARBAR INGOT - 10 PACK- 9000 PUFFS",144
5066,,"ALIBARBAR INGOT - 20 PACK - 9000 PUFFS",,,"ALIBARBAR Vape > ALIBARBAR 9000",http://aussievapes.com.au/wp-content/uploads/2026/01/alibarbar-ingot-20-pack-9000-puffs-iget-australia.jpg,,"Brands > ALIBARBAR Vape",,1,2002,,https://igetaustralia.com/product/alibarbar-ingot-20-pack-9000-puffs/,igetaustralia.com,1769789763,default,69,{},"ALIBARBAR INGOT - 20 PACK - 9000 PUFFS",144
5068,,"ALIBARBAR INGOT 9000 PUFFS - 50 PACK",,,"ALIBARBAR Vape > ALIBARBAR 9000",http://aussievapes.com.au/wp-content/uploads/2026/01/alibarbar-ingot-9000-puffs-50-pack-iget-australia.jpg,,"Brands > ALIBARBAR Vape",,1,2001,,https://igetaustralia.com/product/alibarbar-ingot-9000-puffs-50-packs/,igetaustralia.com,1769684574,default,69,{},"ALIBARBAR INGOT 9000 PUFFS - 50 PACK",144
5070,,"ALIBARBAR INGOT 9000 PUFFS - 100 PACK",,,"ALIBARBAR Vape > ALIBARBAR 9000",http://aussievapes.com.au/wp-content/uploads/2026/01/alibarbar-ingot-9000-puffs-100-pack-iget-australia.jpg,,"Brands > ALIBARBAR Vape",,1,2000,,https://igetaustralia.com/product/alibarbar-ingot-9000-puffs-100-packs/,igetaustralia.com,1767743331,default,69,{},"ALIBARBAR INGOT 9000 PUFFS - 100 PACK",144
5072,,"ALIBARBAR INGOT - COOL MINT - 9000 PUFFS",,,"ALIBARBAR Vape > ALIBARBAR 9000",http://aussievapes.com.au/wp-content/uploads/2026/01/alibarbar-ingot-cool-mint-9000-puffs-iget-australia.jpg,,"Brands > ALIBARBAR Vape",,1,1999,,https://igetaustralia.com/product/alibarbar-ingot-cool-mint-9000-puffs/,igetaustralia.com,1767743334,default,70,{},"ALIBARBAR INGOT - COOL MINT - 9000 PUFFS",144
5074,,"ALIBARBAR INGOT - DOUBLE APPLE - 9000 PUFFS",,,"ALIBARBAR Vape > ALIBARBAR 9000",http://aussievapes.com.au/wp-content/uploads/2026/01/alibarbar-ingot-double-apple-9000-puffs-iget-australia.jpg,,"Brands > ALIBARBAR Vape",,1,1998,,https://igetaustralia.com/product/alibarbar-ingot-double-apple-9000-puffs/,igetaustralia.com,1767743338,default,66,{},"ALIBARBAR INGOT - DOUBLE APPLE - 9000 PUFFS",144
5076,,"ALIBARBAR INGOT - FANTA - 9000 PUFFS",,,"ALIBARBAR Vape > ALIBARBAR 9000",http://aussievapes.com.au/wp-content/uploads/2026/01/alibarbar-ingot-fanta-9000-puffs-iget-australia.jpg,,"Brands > ALIBARBAR Vape",,1,1997,,https://igetaustralia.com/product/alibarbar-ingot-fanta-9000-puffs/,igetaustralia.com,1767743345,default,69,{},"ALIBARBAR INGOT - FANTA - 9000 PUFFS",144
5078,,"ALIBARBAR INGOT - BANANA BUZZ - 9000 PUFFS",,,"ALIBARBAR Vape > ALIBARBAR 9000",http://aussievapes.com.au/wp-content/uploads/2026/01/alibarbar-ingot-banana-buzz-9000-puffs-iget-australia.jpg,,"Brands > ALIBARBAR Vape",,1,1996,,https://igetaustralia.com/product/alibarbar-ingot-banana-buzz-9000-puffs/,igetaustralia.com,1769789784,default,65,{},"ALIBARBAR INGOT - BANANA BUZZ - 9000 PUFFS",144
5080,,"ALIBARBAR INGOT - TOBACCO – 9000 PUFFS",,,"ALIBARBAR Vape > ALIBARBAR 9000",http://aussievapes.com.au/wp-content/uploads/2026/01/alibarbar-ingot-tobacco-9000-puffs-iget-australia.jpg,,"Brands > ALIBARBAR Vape",,1,1995,,https://igetaustralia.com/product/alibarbar-ingot-tobacco-9000-puffs/,igetaustralia.com,1767743354,default,69,{},"ALIBARBAR INGOT - TOBACCO – 9000 PUFFS",144
5082,,"ALIBARBAR INGOT - WTF - 9000 PUFFS",,,"ALIBARBAR Vape > ALIBARBAR 9000",http://aussievapes.com.au/wp-content/uploads/2026/01/alibarbar-ingot-wtf-9000-puffs-iget-australia.jpg,,"Brands > ALIBARBAR Vape",,1,1994,,https://igetaustralia.com/product/alibarbar-ingot-wtp-9000-puffs/,igetaustralia.com,1767743357,default,69,{},"ALIBARBAR INGOT - WTF - 9000 PUFFS",144
5084,,"ALIBARBAR INGOT - FLAVOURS ROULETTE - 9000 PUFFS",,,"ALIBARBAR Vape > ALIBARBAR 9000",http://aussievapes.com.au/wp-content/uploads/2026/01/alibarbar-ingot-flavours-roulette-9000-puffs-iget-australia.jpg,,"Brands > ALIBARBAR Vape",,1,1993,,https://igetaustralia.com/product/alibarbar-ingot-flavours-roulette-9000-puffs/,igetaustralia.com,1769714895,default,65,{},"ALIBARBAR INGOT - FLAVOURS ROULETTE - 9000 PUFFS",144
5086,,"ALIBARBAR INGOT - STRAWBERRY WATERMELON - 9000 PUFFS",,,"ALIBARBAR Vape > ALIBARBAR 9000",http://aussievapes.com.au/wp-content/uploads/2026/01/alibarbar-ingot-strawberry-watermelon-9000-puffs-iget-australia.jpg,,"Brands > ALIBARBAR Vape",,1,1992,,https://igetaustralia.com/product/alibarbar-ingot-strawberry-watermelon-9000-puffs/,igetaustralia.com,1767743363,default,57,{},"ALIBARBAR INGOT - STRAWBERRY WATERMELON - 9000 PUFFS",144
5090,,"BANG - STRAWBERRY WATERMELON - 20000 PUFFS",,,"ALFAKHER vape > BANG 20000 vape",http://aussievapes.com.au/wp-content/uploads/2026/01/bang-strawberry-watermelon-20000-puffs-iget-australia-e1767889970485.jpg,,,,1,1989,,https://igetaustralia.com/product/bang-strawberry-watermelon-20000-puffs/,igetaustralia.com,1767743834,default,63,{},"BANG - STRAWBERRY WATERMELON - 20000 PUFFS",
5091,,"BANG - PEACH ICE - 20000 PUFFS",,,"ALFAKHER vape > BANG 20000 vape",http://aussievapes.com.au/wp-content/uploads/2026/01/bang-peach-ice-20000-puffs-iget-australia-e1767890039120.jpg,,,,1,1990,,https://igetaustralia.com/product/bang-peach-ice-20000-puffs/,igetaustralia.com,1767743834,default,67,{},"BANG - PEACH ICE - 20000 PUFFS",
5092,,"BANG - BLUEBERRY ICE - 20000 PUFFS",,,"ALFAKHER vape > BANG 20000 vape",http://aussievapes.com.au/wp-content/uploads/2026/01/bang-blueberry-ice-20000-puffs-iget-australia-e1767890124637.jpg,,,,1,1991,,https://igetaustralia.com/product/bang-blueberry-ice-20000-puffs/,igetaustralia.com,1769688966,default,67,{},"BANG - BLUEBERRY ICE - 20000 PUFFS",
5094,,"BANG - MINT - 20000 PUFFS",,,"ALFAKHER vape > BANG 20000 vape",http://aussievapes.com.au/wp-content/uploads/2026/01/bang-mint-20000-puffs-iget-australia-e1767889916259.jpg,,,,1,1988,,https://igetaustralia.com/product/bang-mint-20000-puffs/,igetaustralia.com,1778355937,default,67,{},"BANG - MINT - 20000 PUFFS",
5096,,"BANG - STRAWBERRY KIWI- 20000 PUFFS",,,"ALFAKHER vape > BANG 20000 vape",http://aussievapes.com.au/wp-content/uploads/2026/01/bang-strawberry-kiwi-20000-puffs-iget-australia-e1767889857878.jpg,,,,1,1987,,https://igetaustralia.com/product/bang-strawberry-kiwi-20000-puffs/,igetaustralia.com,1769817111,default,67,{},"BANG - STRAWBERRY KIWI- 20000 PUFFS",
5098,,"BANG - MIXED FRUITS - 20000 PUFFS",,,"ALFAKHER vape > BANG 20000 vape",http://aussievapes.com.au/wp-content/uploads/2026/01/bang-mixed-fruits-20000-puffs-iget-australia-e1767889809808.jpg,,,,1,1986,,https://igetaustralia.com/product/bang-mixed-fruits-20000-puffs/,igetaustralia.com,1767743844,default,67,{},"BANG - MIXED FRUITS - 20000 PUFFS",
5100,,"BANG - WATERMELON ICE - 20000 PUFFS",,,"ALFAKHER vape > BANG 20000 vape",http://aussievapes.com.au/wp-content/uploads/2026/01/bang-watermelon-ice-20000-puffs-iget-australia.jpg,,,,1,1985,,https://igetaustralia.com/product/bang-watermelon-ice-20000-puffs/,igetaustralia.com,1767743849,default,67,{},"BANG - WATERMELON ICE - 20000 PUFFS",
5102,,"BANG - BLUEBERRY RASPBERRY- 20000 PUFFS",,,"ALFAKHER vape > BANG 20000 vape",http://aussievapes.com.au/wp-content/uploads/2026/01/bang-blueberry-raspberry-20000-puffs-iget-australia-e1767889713743.jpg,,,,1,1984,,https://igetaustralia.com/product/bang-bluebarry-raspbarry-20000-puffs/,igetaustralia.com,1767743853,default,67,{},"BANG - BLUEBERRY RASPBERRY- 20000 PUFFS",
5104,,"BANG - RED BULL - 20000 PUFFS",,,"ALFAKHER vape > BANG 20000 vape",http://aussievapes.com.au/wp-content/uploads/2026/01/bang-red-bull-20000-puffs-iget-australia-e1767889656968.jpg,,,,1,1983,,https://igetaustralia.com/product/bang-red-bull-20000-puffs/,igetaustralia.com,1767743856,default,67,{},"BANG - RED BULL - 20000 PUFFS",
5106,,"BANG - GRAPE ICE - 20000 PUFFS",,,"ALFAKHER vape > BANG 20000 vape",http://aussievapes.com.au/wp-content/uploads/2026/01/bang-grape-ice-20000-puffs-iget-australia-e1767889579759.jpg,,,,1,1982,,https://igetaustralia.com/product/bang-grape-ice-20000-puffs/,igetaustralia.com,1767743860,default,67,{},"BANG - GRAPE ICE - 20000 PUFFS",
5108,,"BANG - BLUEBERRY WATERMELON - 20000 PUFFS",,,"ALFAKHER vape > BANG 20000 vape",http://aussievapes.com.au/wp-content/uploads/2026/01/bang-blueberry-watermelon-20000-puffs-iget-australia-e1767889506935.jpg,,,,1,1981,,https://igetaustralia.com/product/bang-bluebarry-watermelon-20000-puffs/,igetaustralia.com,1767743870,default,62,{},"BANG - BLUEBERRY WATERMELON - 20000 PUFFS",
5110,,"BANG - STRAWBERRY LYCHEE - 20000 PUFFS",,,"ALFAKHER vape > BANG 20000 vape",http://aussievapes.com.au/wp-content/uploads/2026/01/bang-strawberry-lychee-20000-puffs-iget-australia-e1767889447625.jpg,,,,1,1980,,https://igetaustralia.com/product/bang-strawberry-lychee-20000-puffs/,igetaustralia.com,1767743874,default,67,{},"BANG - STRAWBERRY LYCHEE - 20000 PUFFS",
5112,,"BANG - MANGO PEACH WATERMELON - 20000 PUFFS",,,"ALFAKHER vape > BANG 20000 vape",http://aussievapes.com.au/wp-content/uploads/2026/01/bang-mango-peach-watermelon-20000-puffs-iget-australia-e1767889391108.jpg,,,,1,1979,,https://igetaustralia.com/product/bang-mango-peach-watermelon-20000-puffs-2/,igetaustralia.com,1767743879,default,63,{},"BANG - MANGO PEACH WATERMELON - 20000 PUFFS",
5114,,"BANG - STRAWBERRY MANGO - 20000 PUFFS",,,"ALFAKHER vape > BANG 20000 vape",http://aussievapes.com.au/wp-content/uploads/2026/01/bang-strawberry-mango-20000-puffs-iget-australia-e1767889338710.jpg,,,,1,1978,,https://igetaustralia.com/product/bang-strawberry-mango-20000-puffs/,igetaustralia.com,1767743883,default,67,{},"BANG - STRAWBERRY MANGO - 20000 PUFFS",
5116,,"BANG - DOUBLE APPLE - 20000 PUFFS",,,"ALFAKHER vape > BANG 20000 vape",http://aussievapes.com.au/wp-content/uploads/2026/01/bang-double-apple-20000-puffs-iget-australia-e1767889267379.jpg,,,,1,1977,,https://igetaustralia.com/product/bang-double-apple-20000-puffs/,igetaustralia.com,1767743887,default,68,{},"BANG - DOUBLE APPLE - 20000 PUFFS",
5118,,"BANG - RASPBERRY WATERMELON - 20000 PUFFS",,,"ALFAKHER vape > BANG 20000 vape",http://aussievapes.com.au/wp-content/uploads/2026/01/bang-raspberry-watermelon-20000-puffs-iget-australia-e1767889193662.jpg,,,,1,1976,,https://igetaustralia.com/product/bang-raspberry-watermelon-20000-puffs/,igetaustralia.com,1767743891,default,67,{},"BANG - RASPBERRY WATERMELON - 20000 PUFFS",
5120,,"BANG - 3 PACK - 20000 PUFFS",,,"ALFAKHER vape > BANG 20000 vape",http://aussievapes.com.au/wp-content/uploads/2026/01/bang-3-pack-20000-puffs-iget-australia.jpg,,,,1,1975,,https://igetaustralia.com/product/bang-3-packs-20000-puffs/,igetaustralia.com,1767743895,default,67,{},"BANG - 3 PACK - 20000 PUFFS",
5122,,"BANG - 5 PACK - 20000 PUFFS",,,"ALFAKHER vape > BANG 20000 vape",http://aussievapes.com.au/wp-content/uploads/2026/01/bang-5-pack-20000-puffs-iget-australia.jpg,,,,1,1974,,https://igetaustralia.com/product/bang-5-packs-20000-puffs/,igetaustralia.com,1767743899,default,67,{},"BANG - 5 PACK - 20000 PUFFS",
5124,,"BANG - 10 PACK - 20000 PUFFS",,,"ALFAKHER vape > BANG 20000 vape",http://aussievapes.com.au/wp-content/uploads/2026/01/bang-10-pack-20000-puffs-iget-australia.jpg,,,,1,1973,,https://igetaustralia.com/product/bang-10-packs-20000-puffs/,igetaustralia.com,1767743902,default,67,{},"BANG - 10 PACK - 20000 PUFFS",
5126,,"BANG - 20 PACK - 20000 PUFFS",,,"ALFAKHER vape > BANG 20000 vape",http://aussievapes.com.au/wp-content/uploads/2026/01/bang-20-pack-20000-puffs-iget-australia.jpg,,,,1,1972,,https://igetaustralia.com/product/bang-20-packs-20000-puffs/,igetaustralia.com,1767743906,default,67,{},"BANG - 20 PACK - 20000 PUFFS",
5129,,"BRISK BAR LUSH ICE - 5000 PUFFS",,,"BRISK BAR vape > BRISK BAR 5000",http://aussievapes.com.au/wp-content/uploads/2026/01/brisk-bar-lush-ice-5000-puffs-iget-australia.jpeg,,,,1,1971,,https://igetaustralia.com/product/briskbar-lush-ice-5000-puffs/,igetaustralia.com,1767744233,default,69,{},"BRISK BAR LUSH ICE - 5000 PUFFS",
5131,,"BRISK BAR BLOODY COLD – 5000 PUFFS",,,"BRISK BAR vape > BRISK BAR 5000",http://aussievapes.com.au/wp-content/uploads/2026/01/brisk-bar-bloody-cold-5000-puffs-iget-australia.jpeg,,,,1,1970,,https://igetaustralia.com/product/briskbar-bloody-cold-5000-puffs/,igetaustralia.com,1767744234,default,70,{},"BRISK BAR BLOODY COLD – 5000 PUFFS",
5132,,"BRISK BAR BANANA CRISPY ICE – 5000 PUFFS",,,"BRISK BAR vape > BRISK BAR 5000",http://aussievapes.com.au/wp-content/uploads/2026/01/brisk-bar-banana-crispy-ice-5000-puffs-iget-australia.png,,,,1,1969,,https://igetaustralia.com/product/briskbar-banana-crispy-ice-5000-puffs/,igetaustralia.com,1767744235,default,65,{},"BRISK BAR BANANA CRISPY ICE – 5000 PUFFS",
5134,,"BRISK BAR BLUEBERRY ICE – 5000 PUFFS",,,"BRISK BAR vape > BRISK BAR 5000",http://aussievapes.com.au/wp-content/uploads/2026/01/brisk-bar-blueberry-ice-5000-puffs-iget-australia.jpeg,,,,1,1968,,https://igetaustralia.com/product/briskbar-blueberry-ice-5000-puffs/,igetaustralia.com,1767744237,default,69,{},"BRISK BAR BLUEBERRY ICE – 5000 PUFFS",
5136,,"BRISK BAR COLA ICE – 5000 PUFFS",,,"BRISK BAR vape > BRISK BAR 5000",http://aussievapes.com.au/wp-content/uploads/2026/01/brisk-bar-cola-ice-5000-puffs-iget-australia.jpeg,,,,1,1967,,https://igetaustralia.com/product/briskbar-cola-ice-5000-puffs/,igetaustralia.com,1767744240,default,69,{},"BRISK BAR COLA ICE – 5000 PUFFS",
5138,,"BRISK BAR DOUBLE APPLE – 5000 PUFFS",,,"BRISK BAR vape > BRISK BAR 5000",http://aussievapes.com.au/wp-content/uploads/2026/01/brisk-bar-double-apple-5000-puffs-iget-australia.jpeg,,,,1,1966,,https://igetaustralia.com/product/briskbar-double-apple-5000-puffs/,igetaustralia.com,1767744243,default,70,{},"BRISK BAR DOUBLE APPLE – 5000 PUFFS",
5140,,"BRISK BAR EXOTIC FRUIT – 5000 PUFFS",,,"BRISK BAR vape > BRISK BAR 5000",http://aussievapes.com.au/wp-content/uploads/2026/01/brisk-bar-exotic-fruit-5000-puffs-iget-australia.jpeg,,,,1,1965,,https://igetaustralia.com/product/briskbar-exotic-fruit-5000-puffs/,igetaustralia.com,1767744249,default,69,{},"BRISK BAR EXOTIC FRUIT – 5000 PUFFS",
5142,,"BRISK BAR GRAPE ICE – 5000 PUFFS",,,"BRISK BAR vape > BRISK BAR 5000",http://aussievapes.com.au/wp-content/uploads/2026/01/brisk-bar-grape-ice-5000-puffs-iget-australia.jpeg,,,,1,1964,,https://igetaustralia.com/product/briskbar-grape-ice-5000-puffs/,igetaustralia.com,1767744253,default,69,{},"BRISK BAR GRAPE ICE – 5000 PUFFS",
5144,,"BRISK BAR LOVE 69 – 5000 PUFFS",,,"BRISK BAR vape > BRISK BAR 5000",http://aussievapes.com.au/wp-content/uploads/2026/01/brisk-bar-love-69-5000-puffs-iget-australia.jpeg,,,,1,1963,,https://igetaustralia.com/product/briskbar-love-69-5000-puffs/,igetaustralia.com,1767744256,default,70,{},"BRISK BAR LOVE 69 – 5000 PUFFS",
5146,,"BRISK BAR MANGO MONSTER – 5000 PUFFS",,,"BRISK BAR vape > BRISK BAR 5000",http://aussievapes.com.au/wp-content/uploads/2026/01/brisk-bar-mango-monster-5000-puffs-iget-australia.jpeg,,,,1,1962,,https://igetaustralia.com/product/briskbar-mango-monster-5000-puffs/,igetaustralia.com,1767744259,default,69,{},"BRISK BAR MANGO MONSTER – 5000 PUFFS",
5148,,"BRISK BAR MANGO PASSION FRUIT – 5000 PUFFS",,,"BRISK BAR vape > BRISK BAR 5000",http://aussievapes.com.au/wp-content/uploads/2026/01/brisk-bar-mango-passion-fruit-5000-puffs-iget-australia.jpeg,,,,1,1961,,https://igetaustralia.com/product/briskbar-mango-passion-fruit-5000-puffs/,igetaustralia.com,1767744269,default,66,{},"BRISK BAR MANGO PASSION FRUIT – 5000 PUFFS",
5150,,"BRISK BAR PEACH ICE – 5000 PUFFS",,,"BRISK BAR vape > BRISK BAR 5000",http://aussievapes.com.au/wp-content/uploads/2026/01/brisk-bar-peach-ice-5000-puffs-iget-australia.png,,,,1,1960,,https://igetaustralia.com/product/briskbar-peach-ice-5000-puffs/,igetaustralia.com,1767744274,default,69,{},"BRISK BAR PEACH ICE – 5000 PUFFS",
5153,,"BRISK BAR PINEAPPLE PEACH ICE – 5000 PUFFS | IGET Australia",,,"BRISK BAR vape > BRISK BAR 5000",http://aussievapes.com.au/wp-content/uploads/2026/01/brisk-bar-pineapple-peach-ice-5000-puffs-iget-australia.png,,,,1,1959,,https://igetaustralia.com/product/briskbar-pineapple-peach-ice-5000-puffs/,igetaustralia.com,1769707408,,,,,
5155,,"BRISK BAR STRAWBERRY KIWI – 5000 PUFFS",,,"BRISK BAR vape > BRISK BAR 5000",http://aussievapes.com.au/wp-content/uploads/2026/01/brisk-bar-strawberry-kiwi-5000-puffs-iget-australia.png,,,,1,1958,,https://igetaustralia.com/product/briskbar-strawberry-kiwi-5000-puffs/,igetaustralia.com,1767744284,default,64,{},"BRISK BAR STRAWBERRY KIWI – 5000 PUFFS",
5157,,"BRISK BAR – 5000 PUFFS – 3 PACK",,,"BRISK BAR vape > BRISK BAR 5000",http://aussievapes.com.au/wp-content/uploads/2026/01/brisk-bar-5000-puffs-3-pack-iget-australia.png,,,,1,1957,,https://igetaustralia.com/product/briskbar-5000-puffs-3-pack/,igetaustralia.com,1767744287,default,69,{},"BRISK BAR – 5000 PUFFS – 3 PACK",
5158,,"BRISK BAR STRAWBERRY WATERMELON – 5000 PUFFS",,,"BRISK BAR vape > BRISK BAR 5000",http://aussievapes.com.au/wp-content/uploads/2026/01/brisk-bar-strawberry-watermelon-5000-puffs-iget-australia.png,,,,1,1956,,https://igetaustralia.com/product/briskbar-strawberry-watermelon-5000-puffs/,igetaustralia.com,1767744288,default,65,{},"BRISK BAR STRAWBERRY WATERMELON – 5000 PUFFS",
5160,,"BRISK BAR – 5000 PUFFS – 5 PACK",,,"BRISK BAR vape > BRISK BAR 5000",http://aussievapes.com.au/wp-content/uploads/2026/01/brisk-bar-5000-puffs-5-pack-iget-australia.png,,,,1,1955,,https://igetaustralia.com/product/brisk-bar-5000-puffs-5-pack/,igetaustralia.com,1769702851,default,69,{},"BRISK BAR – 5000 PUFFS – 5 PACK",
5162,,"BRISK BAR – 5000 PUFFS – 10 PACK",,,"BRISK BAR vape > BRISK BAR 5000",http://aussievapes.com.au/wp-content/uploads/2026/01/brisk-bar-5000-puffs-10-pack-iget-australia.png,,,,1,1954,,https://igetaustralia.com/product/brisk-bar-5000-puffs-10-pack/,igetaustralia.com,1769682999,default,69,{},"BRISK BAR – 5000 PUFFS – 10 PACK",
5164,,"BRISK BAR – 5000 PUFFS – 20 PACK",,,"BRISK BAR vape > BRISK BAR 5000",http://aussievapes.com.au/wp-content/uploads/2026/01/brisk-bar-5000-puffs-20-pack-iget-australia.png,,,,1,1953,,https://igetaustralia.com/product/brisk-bar-5000-puffs-20-pack/,igetaustralia.com,1767744299,default,66,{},"BRISK BAR – 5000 PUFFS – 20 PACK",
5166,,"BRISK BAR – 5000 PUFFS – 50 PACK",,,"BRISK BAR vape > BRISK BAR 5000",http://aussievapes.com.au/wp-content/uploads/2026/01/brisk-bar-5000-puffs-50-pack-iget-australia.png,,,,1,1952,,https://igetaustralia.com/product/brisk-bar-5000-puffs-50-pack/,igetaustralia.com,1769694197,default,66,{},"BRISK BAR – 5000 PUFFS – 50 PACK",
5170,,"CALIBARN STRAWBERRY BANANA - 6000 PUFFS",,,"CALIBARN 6000",http://aussievapes.com.au/wp-content/uploads/2026/01/calibarn-strawberry-banana-6000-puffs-iget-australia.jpg,,,,1,1949,,https://igetaustralia.com/product/calibarn-strawberry-banana-6000-puffs/,igetaustralia.com,1767744612,default,69,{},"CALIBARN STRAWBERRY BANANA - 6000 PUFFS",
5171,,"CALIBARN STRAWBERRY KIWI - 6000 PUFFS",,,"CALIBARN 6000",http://aussievapes.com.au/wp-content/uploads/2026/01/calibarn-strawberry-kiwi-6000-puffs-iget-australia.jpg,,,,1,1950,,https://igetaustralia.com/product/calibarn-strawberry-kiwi-6000-puffs/,igetaustralia.com,1767744612,default,69,{},"CALIBARN STRAWBERRY KIWI - 6000 PUFFS",
5172,,"CALIBARN SOUR APPLE - 6000 PUFFS",,,"CALIBARN 6000",http://aussievapes.com.au/wp-content/uploads/2026/01/calibarn-sour-apple-6000-puffs-iget-australia.jpg,,,,1,1951,,https://igetaustralia.com/product/calibarn-sour-apple-6000-puffs/,igetaustralia.com,1767744612,default,69,{},"CALIBARN SOUR APPLE - 6000 PUFFS",
5174,,"CALIBARN PINEAPPLE MANGO - 6000 PUFFS",,,"CALIBARN 6000",http://aussievapes.com.au/wp-content/uploads/2026/01/calibarn-pineapple-mango-6000-puffs-iget-australia.jpg,,,,1,1948,,https://igetaustralia.com/product/calibarn-pineapple-mango-6000-puffs/,igetaustralia.com,1767744615,default,69,{},"CALIBARN PINEAPPLE MANGO - 6000 PUFFS",
5176,,"CALIBARN MELON COCONUT - 6000 PUFFS",,,"CALIBARN 6000",http://aussievapes.com.au/wp-content/uploads/2026/01/calibarn-melon-coconut-6000-puffs-iget-australia.jpg,,,,1,1947,,https://igetaustralia.com/product/calibarn-melon-coconut-6000-puffs/,igetaustralia.com,1767744618,default,69,{},"CALIBARN MELON COCONUT - 6000 PUFFS",
5178,,"CALIBARN GRAPE ICE - 6000 PUFFS",,,"CALIBARN 6000",http://aussievapes.com.au/wp-content/uploads/2026/01/calibarn-grape-ice-6000-puffs-iget-australia.jpg,,,,1,1946,,https://igetaustralia.com/product/calibarn-grape-ice-6000-puffs/,igetaustralia.com,1767744620,default,69,{},"CALIBARN GRAPE ICE - 6000 PUFFS",
5180,,"CALIBARN DRAGON FRUIT BERRY - 6000 PUFFS",,,"CALIBARN 6000",http://aussievapes.com.au/wp-content/uploads/2026/01/calibarn-dragon-fruit-berry-6000-puffs-iget-australia.jpg,,,,1,1945,,https://igetaustralia.com/product/calibarn-dragon-fruit-berry-6000-puffs/,igetaustralia.com,1767744624,default,65,{},"CALIBARN DRAGON FRUIT BERRY - 6000 PUFFS",
5182,,"CALIBARN COOL MINT - 6000 PUFFS",,,"CALIBARN 6000",http://aussievapes.com.au/wp-content/uploads/2026/01/calibarn-cool-mint-6000-puffs-iget-australia.jpg,,,,1,1944,,https://igetaustralia.com/product/calibarn-cool-mint-6000-puffs/,igetaustralia.com,1767744627,default,70,{},"CALIBARN COOL MINT - 6000 PUFFS",
5184,,"CALIBARN BLUE RAZZ - 6000 PUFFS",,,"CALIBARN 6000",http://aussievapes.com.au/wp-content/uploads/2026/01/calibarn-blue-razz-6000-puffs-iget-australia.jpg,,,,1,1943,,https://igetaustralia.com/product/calibarn-blue-razz-6000-puffs/,igetaustralia.com,1767744630,default,69,{},"CALIBARN BLUE RAZZ - 6000 PUFFS",
5191,,"Marlboro Ice Blast",,,CIGARETTES,http://aussievapes.com.au/wp-content/uploads/2026/01/marlboro-ice-blast-iget-australia.png,,,,1,1941,,https://igetaustralia.com/product/marlboro-ice-blast/,igetaustralia.com,1778355823,default,70,{},"Marlboro Ice Blast",
5192,,"Manchester Light",,,CIGARETTES,http://aussievapes.com.au/wp-content/uploads/2026/01/manchester-light-iget-australia.png,,,,1,1942,,https://igetaustralia.com/product/manchester-light/,igetaustralia.com,1778355685,default,70,{},"Manchester Light",
5193,,"Marlboro Gold",,,CIGARETTES,http://aussievapes.com.au/wp-content/uploads/2026/01/marlboro-gold-iget-australia.png,,,,1,1940,,https://igetaustralia.com/product/marlboro-gold/,igetaustralia.com,1769794554,default,69,{},"Marlboro Gold",
5196,,"Esse Menthol",,,CIGARETTES,http://aussievapes.com.au/wp-content/uploads/2026/01/esse-menthol-iget-australia.png,,,,1,1937,,https://igetaustralia.com/product/esse-menthol/,igetaustralia.com,1769794444,default,78,{},"Esse Menthol",
5197,,"Double Happiness Red",,,CIGARETTES,http://aussievapes.com.au/wp-content/uploads/2026/01/double-happiness-red-iget-australia.png,,,,1,1938,,https://igetaustralia.com/product/double-happiness-red/,igetaustralia.com,1778339448,default,79,{},"Double Happiness Red",
5199,,"Manchester Red",,,CIGARETTES,http://aussievapes.com.au/wp-content/uploads/2026/01/manchester-red-iget-australia.png,,,,1,1939,,https://igetaustralia.com/product/manchester-red/,igetaustralia.com,1769794515,default,69,{},"Manchester Red",
5201,,"Manchester Sapphire Blue",,,CIGARETTES,http://aussievapes.com.au/wp-content/uploads/2026/01/manchester-sapphire-blue-iget-australia.png,,,,1,1936,,https://igetaustralia.com/product/manchester-sapphire-blue/,igetaustralia.com,1769794535,default,69,{},"Manchester Sapphire Blue",
5203,,"Euro Blue",,,CIGARETTES,http://aussievapes.com.au/wp-content/uploads/2026/01/euro-blue-iget-australia.png,,,,1,1935,,https://igetaustralia.com/product/euro-blue/,igetaustralia.com,1778339428,default,69,{},"Euro Blue",
5206,,"MOSA CREAM CHARGERS N2O - 50 PACK",,,"Accessories > CREAM CHARGERS",http://aussievapes.com.au/wp-content/uploads/2026/01/mosa-cream-chargers-n2o-50-pack-iget-australia.png,,,,1,1933,,https://igetaustralia.com/product/mosa-cream-chargers-n2o-50-pack/,igetaustralia.com,1767744945,default,69,{},"MOSA CREAM CHARGERS N2O - 50 PACK",
5207,,"CREAM WHIP CHARGER CRACKER - 1PCs",,,"Accessories > CREAM CHARGERS",http://aussievapes.com.au/wp-content/uploads/2026/01/cream-whip-charger-cracker-1pcs-iget-australia.png,,,,1,1934,,https://igetaustralia.com/product/cream-whip-charger-cracker/,igetaustralia.com,1767744945,default,65,{},"CREAM WHIP CHARGER CRACKER - 1PCs",
5210,,"SUPREMEWHIP CREAM CHARGERS N2O",,,"Accessories > CREAM CHARGERS",http://aussievapes.com.au/wp-content/uploads/2026/01/supremewhip-cream-chargers-n2o-10-pack-iget-australia.png,,,,1,1931,,https://igetaustralia.com/product/supremewhip-cream-chargers-n2o-10-pack/,igetaustralia.com,1767744946,default,69,{},"SUPREMEWHIP CREAM CHARGERS N2O",
5211,,"SUPREMEWHIP CREAM CHARGERS N2O",,,"Accessories > CREAM CHARGERS",http://aussievapes.com.au/wp-content/uploads/2026/01/supremewhip-cream-chargers-n2o-wholesale-bulk-iget-australia.png,,,,1,1932,,https://igetaustralia.com/product/supremewhip-cream-chargers-n2o-wholesale-bulk/,igetaustralia.com,1767744946,default,69,{},"SUPREMEWHIP CREAM CHARGERS N2O",
5213,,"MOSA CREAM CHARGERS N2O",,,"Accessories > CREAM CHARGERS",http://aussievapes.com.au/wp-content/uploads/2026/01/mosa-cream-chargers-n2o-wholesale-bulk-iget-australia.png,,,,1,1930,,https://igetaustralia.com/product/mosa-cream-chargers-n2o-wholesale-bulk/,igetaustralia.com,1767744949,default,69,{},"MOSA CREAM CHARGERS N2O",
5215,,"Dope - Freeze",,,"Pouches > nicotine pouches > DOPE",http://aussievapes.com.au/wp-content/uploads/2026/01/dope-freeze-iget-australia.jpg,,,,1,1929,,https://igetaustralia.com/product/dope-freeze/,igetaustralia.com,1778355685,default,79,{},"Dope - Freeze",
5217,,"Dope - Lime Smash",,,"Pouches > nicotine pouches > DOPE",http://aussievapes.com.au/wp-content/uploads/2026/01/dope-lime-smash-iget-australia.jpg,,,,1,1927,,https://igetaustralia.com/product/dope-lime-smash/,igetaustralia.com,1778339452,default,79,{},"Dope - Lime Smash",
5219,,"Dope - Ice Mango",,,"Pouches > nicotine pouches > DOPE",http://aussievapes.com.au/wp-content/uploads/2026/01/dope-ice-mango-iget-australia.jpg,,,,1,1928,,https://igetaustralia.com/product/dope-ice-mango/,igetaustralia.com,1778363328,default,78,{},"Dope - Ice Mango",
5221,,"Dope - Melon",,,"Pouches > nicotine pouches > DOPE",http://aussievapes.com.au/wp-content/uploads/2026/01/dope-melon-iget-australia.jpg,,,,1,1926,,https://igetaustralia.com/product/dope-melon/,igetaustralia.com,1778358367,default,78,{},"Dope - Melon",
5223,,"Dope - Ice Cool",,,"Pouches > nicotine pouches > DOPE",http://aussievapes.com.au/wp-content/uploads/2026/01/dope-ice-cool-iget-australia.jpg,,,,1,1925,,https://igetaustralia.com/product/dope-ice-cool/,igetaustralia.com,1778355677,default,79,{},"Dope - Ice Cool",
5227,,"ELUX GUMMY BEAR - 15000 PUFFS",,,"ELUX 15000 PUFFS",http://aussievapes.com.au/wp-content/uploads/2026/01/elux-gummy-bear-15000-puffs-iget-australia-e1767937052419.jpg,,,,1,1923,,https://igetaustralia.com/product/elux-gummy-bear-15000-puffs/,igetaustralia.com,1767745925,default,69,{},"ELUX GUMMY BEAR - 15000 PUFFS",
5228,,"ELUX BLUE RASPBERRY - 15000 PUFFS",,,"ELUX 15000 PUFFS",http://aussievapes.com.au/wp-content/uploads/2026/01/elux-blue-raspberry-15000-puffs-iget-australia-e1767937102557.jpg,,,,1,1924,,https://igetaustralia.com/product/elux-blue-raspberry-15000-puffs/,igetaustralia.com,1767745925,default,69,{},"ELUX BLUE RASPBERRY - 15000 PUFFS",
5229,,"ELUX MR. BLUE - 15000 PUFFS",,,"ELUX 15000 PUFFS",http://aussievapes.com.au/wp-content/uploads/2026/01/elux-mr-blue-15000-puffs-iget-australia-e1767936986207.jpg,,,,1,1922,,https://igetaustralia.com/product/elux-mr-blue-15000-puffs/,igetaustralia.com,1767745925,default,69,{},"ELUX MR. BLUE - 15000 PUFFS",
5233,,"ELUX KIWI PASSIONFRUIT GUAVA - 15000 PUFFS",,,"ELUX 15000 PUFFS",http://aussievapes.com.au/wp-content/uploads/2026/01/elux-kiwi-passionfruit-guava-15000-puffs-iget-australia-e1767936829881.jpg,,,,1,1919,,https://igetaustralia.com/product/elux-kiwi-passionfruit-guava-15000-puffs/,igetaustralia.com,1767745928,default,65,{},"ELUX KIWI PASSIONFRUIT GUAVA - 15000 PUFFS",
5234,,"ELUX FRESH MINT- 15000 PUFFS",,,"ELUX 15000 PUFFS",http://aussievapes.com.au/wp-content/uploads/2026/01/elux-fresh-mint-15000-puffs-iget-australia-e1767936877940.jpg,,,,1,1920,,https://igetaustralia.com/product/elux-fresh-mint-15000-puffs/,igetaustralia.com,1767745928,default,69,{},"ELUX FRESH MINT- 15000 PUFFS",
5235,,"ELUX PEACH MANGO - 15000 PUFFS",,,"ELUX 15000 PUFFS",http://aussievapes.com.au/wp-content/uploads/2026/01/elux-peach-mango-15000-puffs-iget-australia-e1767936933442.jpg,,,,1,1921,,https://igetaustralia.com/product/elux-peach-mango-15000-puffs/,igetaustralia.com,1767745929,default,69,{},"ELUX PEACH MANGO - 15000 PUFFS",
5237,,"ELUX CHERRY ICE - 15000 PUFFS",,,"ELUX 15000 PUFFS",http://aussievapes.com.au/wp-content/uploads/2026/01/elux-cherry-ice-15000-puffs-iget-australia-e1767936761623.jpg,,,,1,1918,,https://igetaustralia.com/product/elux-cherry-ice-15000-puffs/,igetaustralia.com,1767745931,default,69,{},"ELUX CHERRY ICE - 15000 PUFFS",
5239,,"ELUX FRIZZY CHERRY - 15000 PUFFS",,,"ELUX 15000 PUFFS",http://aussievapes.com.au/wp-content/uploads/2026/01/elux-frizzy-cherry-15000-puffs-iget-australia-e1767936708785.jpg,,,,1,1917,,https://igetaustralia.com/product/elux-frizzy-cherry-15000-puffs/,igetaustralia.com,1767745935,default,69,{},"ELUX FRIZZY CHERRY - 15000 PUFFS",
5241,,"ELUX PINEAPPLE ICE - 15000 PUFFS",,,"ELUX 15000 PUFFS",http://aussievapes.com.au/wp-content/uploads/2026/01/elux-pineapple-ice-15000-puffs-iget-australia-e1767936639906.jpg,,,,1,1916,,https://igetaustralia.com/product/elux-pineapple-ice-15000-puffs/,igetaustralia.com,1767745938,default,64,{},"ELUX PINEAPPLE ICE - 15000 PUFFS",
5243,,"ELUX WATERMELON ICE - 15000 PUFFS",,,"ELUX 15000 PUFFS",http://aussievapes.com.au/wp-content/uploads/2026/01/elux-watermelon-ice-15000-puffs-iget-australia-e1767936582160.jpg,,,,1,1915,,https://igetaustralia.com/product/elux-watermelon-ice-15000-puffs/,igetaustralia.com,1767745943,default,78,{},"ELUX WATERMELON ICE - 15000 PUFFS",
5245,,"ELUX 15000 PUFFS - 3 PACK",,,"ELUX 15000 PUFFS",http://aussievapes.com.au/wp-content/uploads/2026/01/elux-15000-puffs-3-pack-iget-australia-e1767936523365.jpg,,,,1,1914,,https://igetaustralia.com/product/elux-15000-puffs-3-pack/,igetaustralia.com,1767745949,default,78,{},"ELUX 15000 PUFFS - 3 PACK",
5247,,"ELUX 15000 PUFFS - 5 PACK",,,"ELUX 15000 PUFFS",http://aussievapes.com.au/wp-content/uploads/2026/01/elux-15000-puffs-5-pack-iget-australia-e1767936377711.jpg,,,,1,1913,,https://igetaustralia.com/product/elux-15000-puffs-5-pack/,igetaustralia.com,1767745952,default,78,{},"ELUX 15000 PUFFS - 5 PACK",
5249,,"ELUX 15000 PUFFS - 10 PACK",,,"ELUX 15000 PUFFS",http://aussievapes.com.au/wp-content/uploads/2026/01/elux-15000-puffs-10-pack-iget-australia-e1767936254846.jpg,,,,1,1912,,https://igetaustralia.com/product/elux-15000-puffs-10-pack/,igetaustralia.com,1767745958,default,64,{},"ELUX 15000 PUFFS - 10 PACK",
5251,,"ELUX 15000 PUFFS - 20 PACK",,,"ELUX 15000 PUFFS",http://aussievapes.com.au/wp-content/uploads/2026/01/elux-15000-puffs-20-pack-iget-australia-e1767936205697.jpg,,,,1,1911,,https://igetaustralia.com/product/elux-15000-puffs-20-pack/,igetaustralia.com,1767745962,default,78,{},"ELUX 15000 PUFFS - 20 PACK",
5255,,"FISCO XPOD STRAWBERRY KIWI - 8000 PUFFS (POD ONLY)",,,"fisco vape > FISCO XPOD",http://aussievapes.com.au/wp-content/uploads/2026/01/fisco-xpod-strawberry-kiwi-8000-puffs-pod-only-iget-australia.jpg,,"Brands > fisco vape",,1,1908,,https://igetaustralia.com/product/fisco-xpod-strawberry-kiwi-8000-puffs-pod-only/,igetaustralia.com,1769678764,default,74,{},"FISCO XPOD STRAWBERRY KIWI - 8000 PUFFS (POD ONLY)",162
5256,,"FISCO XPOD STRAWBERRY RASPBERRY - 8000 PUFFS (POD ONLY)",,,"fisco vape > FISCO XPOD",http://aussievapes.com.au/wp-content/uploads/2026/01/fisco-xpod-strawberry-raspberry-8000-puffs-pod-only-iget-australia.jpg,,"Brands > fisco vape",,1,1909,,https://igetaustralia.com/product/fisco-xpod-strawberry-raspberry-8000-puffs-pod-only/,igetaustralia.com,1767746079,default,74,{},"FISCO XPOD STRAWBERRY RASPBERRY - 8000 PUFFS (POD ONLY)",162
5257,,"FISCO XPOD STRAWBERRY WATERMELON ICE - 8000 PUFFS (POD ONLY)",,,"fisco vape > FISCO XPOD",http://aussievapes.com.au/wp-content/uploads/2026/01/fisco-xpod-strawberry-watermelon-ice-8000-puffs-pod-only-iget-australia.jpg,,"Brands > fisco vape",,1,1910,,https://igetaustralia.com/product/fisco-xpod-strawberry-watermelon-ice-8000-puffs-pod-only/,igetaustralia.com,1767746079,default,71,{},"FISCO XPOD STRAWBERRY WATERMELON ICE - 8000 PUFFS (POD ONLY)",162
5261,,"FISCO XPOD MINT SHISHA - 8000 PUFFS (POD ONLY)",,,"fisco vape > FISCO XPOD",http://aussievapes.com.au/wp-content/uploads/2026/01/fisco-xpod-mint-shisha-8000-puffs-pod-only-iget-australia.jpg,,"Brands > fisco vape",,1,1905,,https://igetaustralia.com/product/fisco-xpod-mint-shisha-8000-puffs-pod-only/,igetaustralia.com,1767746081,default,74,{},"FISCO XPOD MINT SHISHA - 8000 PUFFS (POD ONLY)",162
5262,,"FISCO XPOD COOL MINT- 8000 PUFFS (POD ONLY)",,,"fisco vape > FISCO XPOD",http://aussievapes.com.au/wp-content/uploads/2026/01/fisco-xpod-cool-mint-8000-puffs-pod-only-iget-australia.jpg,,"Brands > fisco vape",,1,1906,,https://igetaustralia.com/product/fisco-xpod-cool-mint-8000-puffs-pod-only/,igetaustralia.com,1767746081,default,75,{},"FISCO XPOD COOL MINT- 8000 PUFFS (POD ONLY)",162
5263,,"FISCO XPOD CHERRY POMEGRANTE - 8000 PUFFS (POD ONLY)",,,"fisco vape > FISCO XPOD",http://aussievapes.com.au/wp-content/uploads/2026/01/fisco-xpod-cherry-pomegrante-8000-puffs-pod-only-iget-australia.jpg,,"Brands > fisco vape",,1,1907,,https://igetaustralia.com/product/fisco-xpod-cherry-pomegrante-8000-puffs-pod-only/,igetaustralia.com,1767746081,default,65,{},"FISCO XPOD CHERRY POMEGRANTE - 8000 PUFFS (POD ONLY)",162
5266,,"FISCO XPOD BLUEBERRY ICE - 8000 PUFFS (POD ONLY)",,,"fisco vape > FISCO XPOD",http://aussievapes.com.au/wp-content/uploads/2026/01/fisco-xpod-blueberry-ice-8000-puffs-pod-only-iget-australia.jpg,,"Brands > fisco vape",,1,1903,,https://igetaustralia.com/product/fisco-xpod-blueberry-ice-8000-puffs-pod-only/,igetaustralia.com,1767746082,default,74,{},"FISCO XPOD BLUEBERRY ICE - 8000 PUFFS (POD ONLY)",162
5267,,"FISCO XPOD BLACKBERRY POMEGRANTE CHERRY ICE - 8000 PUFFS (POD ONLY)",,,"fisco vape > FISCO XPOD",http://aussievapes.com.au/wp-content/uploads/2026/01/fisco-xpod-blackberry-pomegrante-cherry-ice-8000-puffs-pod-only-iget.jpg,,"Brands > fisco vape",,1,1904,,https://igetaustralia.com/product/fisco-xpod-blackberry-pomegrante-cherry-ice-8000-puffs-pod-only/,igetaustralia.com,1769788932,default,65,{},"FISCO XPOD BLACKBERRY POMEGRANTE CHERRY ICE - 8000 PUFFS (POD ONLY)",162
5269,,"FISCO XPOD BLACKBERRY ICE - 8000 PUFFS (POD ONLY)",,,"fisco vape > FISCO XPOD",http://aussievapes.com.au/wp-content/uploads/2026/01/fisco-xpod-blackberry-ice-8000-puffs-pod-only-iget-australia.jpg,,"Brands > fisco vape",,1,1902,,https://igetaustralia.com/product/fisco-xpod-blackberry-ice-8000-puffs-pod-only/,igetaustralia.com,1769704278,default,65,{},"FISCO XPOD BLACKBERRY ICE - 8000 PUFFS (POD ONLY)",162
5272,,"FISCO XPOD 8000 PUFFS (DEVICE ONLY)",,,"fisco vape > FISCO XPOD",http://aussievapes.com.au/wp-content/uploads/2026/01/fisco-xpod-8000-puffs-device-only-iget-australia.jpg,,"Brands > fisco vape",,1,1900,,https://igetaustralia.com/product/fisco-xpod-8000-puffs-device-only/,igetaustralia.com,1778344726,default,76,{},"FISCO XPOD 8000 PUFFS (DEVICE ONLY)",162
5274,,"FISCO XPOD GRAPE ICE - 8000 PUFFS (POD ONLY)",,,"fisco vape > FISCO XPOD",http://aussievapes.com.au/wp-content/uploads/2026/01/fisco-xpod-grape-ice-8000-puffs-pod-only-iget-australia.jpg,,"Brands > fisco vape",,1,1901,,https://igetaustralia.com/product/fisco-xpod-grape-ice-8000-puffs-pod-only/,igetaustralia.com,1767746085,default,74,{},"FISCO XPOD GRAPE ICE - 8000 PUFFS (POD ONLY)",162
5276,,"FISCO XPOD GOLDEN TOBACCO - 8000 PUFFS (POD ONLY)",,,"fisco vape > FISCO XPOD",http://aussievapes.com.au/wp-content/uploads/2026/01/fisco-xpod-golden-tobacco-8000-puffs-pod-only-iget-australia.jpg,,"Brands > fisco vape",,1,1899,,https://igetaustralia.com/product/fisco-xpod-golden-tobacco-8000-puffs-pod-only/,igetaustralia.com,1767746085,default,74,{},"FISCO XPOD GOLDEN TOBACCO - 8000 PUFFS (POD ONLY)",162
5277,,"FISCO XPOD APPLE SHISHA - 8000 PUFFS (POD ONLY)",,,"fisco vape > FISCO XPOD",http://aussievapes.com.au/wp-content/uploads/2026/01/fisco-xpod-apple-shisha-8000-puffs-pod-only-iget-australia.png,,"Brands > fisco vape",,1,1898,,https://igetaustralia.com/product/fisco-xpod-apple-shisha-8000-puffs-pod-only/,igetaustralia.com,1769788888,default,65,{},"FISCO XPOD APPLE SHISHA - 8000 PUFFS (POD ONLY)",162
5280,,"FUNKY LAND WHITE GRAPE ICE - 6000 PUFFS",,,"FUNKY LAND 6000 PUFFS",http://aussievapes.com.au/wp-content/uploads/2026/01/funky-land-white-grape-ice-6000-puffs-iget-australia.jpg,,,,1,1896,,https://igetaustralia.com/product/funky-land-white-grape-ice-6000-puffs/,igetaustralia.com,1767746234,default,70,{},"FUNKY LAND WHITE GRAPE ICE - 6000 PUFFS",
5281,,"FUNKY LAND DOUBLE APPLE - 6000 PUFFS",,,"FUNKY LAND 6000 PUFFS",http://aussievapes.com.au/wp-content/uploads/2026/01/funky-land-double-apple-6000-puffs-iget-australia.jpg,,,,1,1897,,https://igetaustralia.com/product/funky-land-double-apple-6000-puffs/,igetaustralia.com,1767746234,default,79,{},"FUNKY LAND DOUBLE APPLE - 6000 PUFFS",
5285,,"GOAT - Blueberry",,,"Pouches > nicotine pouches > GOAT",http://aussievapes.com.au/wp-content/uploads/2026/01/goat-blueberry-iget-australia.jpg,,,,1,1893,,https://igetaustralia.com/product/goat-blueberry/,igetaustralia.com,1778355700,default,78,{},"GOAT - Blueberry",
5286,,"GOAT - Frosted",,,"Pouches > nicotine pouches > GOAT",http://aussievapes.com.au/wp-content/uploads/2026/01/goat-frosted-iget-australia.jpg,,,,1,1894,,https://igetaustralia.com/product/goat-frosted/,igetaustralia.com,1767746907,default,78,{},"GOAT - Frosted",
5287,,"GOAT - Cool Mint",,,"Pouches > nicotine pouches > GOAT",http://aussievapes.com.au/wp-content/uploads/2026/01/goat-cool-mint-iget-australia.jpg,,,,1,1895,,https://igetaustralia.com/product/goat-cool-mint/,igetaustralia.com,1778355685,default,79,{},"GOAT - Cool Mint",
5289,,"GOAT - Wild Cherry",,,"Pouches > nicotine pouches > GOAT",http://aussievapes.com.au/wp-content/uploads/2026/01/goat-wild-cherry-iget-australia.jpg,,,,1,1892,,https://igetaustralia.com/product/goat-wild-cherry/,igetaustralia.com,1767746909,default,79,{},"GOAT - Wild Cherry",
5291,,"GOAT - Crystal Ice",,,"Pouches > nicotine pouches > GOAT",http://aussievapes.com.au/wp-content/uploads/2026/01/goat-crystal-ice-iget-australia.png,,,,1,1891,,https://igetaustralia.com/product/goat-crystal-ice/,igetaustralia.com,1778353100,default,78,{},"GOAT - Crystal Ice",
5300,,"GOLIT MIAMI MINT - 15000 PUFFS",,,"GOLIT 15000 PUFFS",http://aussievapes.com.au/wp-content/uploads/2026/01/golit-miami-mint-15000-puffs-iget-australia.jpg,,,,1,1889,,https://igetaustralia.com/product/olit-miami-mint-15000-puffs/,igetaustralia.com,1767746996,default,69,{},"GOLIT MIAMI MINT - 15000 PUFFS",
5301,,"GOLIT PEACH ICE CREAM - 15000 PUFFS",,,"GOLIT 15000 PUFFS",http://aussievapes.com.au/wp-content/uploads/2026/01/golit-peach-ice-cream-15000-puffs-iget-australia.jpg,,,,1,1890,,https://igetaustralia.com/product/olit-peach-ice-cream-15000-puffs/,igetaustralia.com,1767746996,default,69,{},"GOLIT PEACH ICE CREAM - 15000 PUFFS",
5304,,"GROO MAX - DOUBLE APPLE - 10000 PUFFS",,,"groo vape > GROO MAX",http://aussievapes.com.au/wp-content/uploads/2026/01/groo-max-double-apple-10000-puffs-iget-australia.jpg,,"Brands > groo vape",,1,1887,,https://igetaustralia.com/product/groo-max-double-apple/,igetaustralia.com,1769702691,default,70,{},"GROO MAX - DOUBLE APPLE - 10000 PUFFS",164
5305,,"GROO MAX - BLUEBERRY ICE - 10000 PUFFS",,,"groo vape > GROO MAX",http://aussievapes.com.au/wp-content/uploads/2026/01/groo-max-blueberry-ice-10000-puffs-iget-australia.jpg,,"Brands > groo vape",,1,1888,,https://igetaustralia.com/product/groo-max-blueberry-ice/,igetaustralia.com,1769648904,default,69,{},"GROO MAX - BLUEBERRY ICE - 10000 PUFFS",164
5307,,"GROO MAX - LUSH ICE - 10000 PUFFS",,,"groo vape > GROO MAX",http://aussievapes.com.au/wp-content/uploads/2026/01/groo-max-lush-ice-10000-puffs-iget-australia.jpg,,"Brands > groo vape",,1,1886,,https://igetaustralia.com/product/groo-max-lush-ice/,igetaustralia.com,1769685823,default,69,{},"GROO MAX - LUSH ICE - 10000 PUFFS",164
5309,,"GROO MAX - MANGO GRAPE - 10000 PUFFS",,,"groo vape > GROO MAX",http://aussievapes.com.au/wp-content/uploads/2026/01/groo-max-mango-grape-10000-puffs-iget-australia.jpg,,"Brands > groo vape",,1,1885,,https://igetaustralia.com/product/groo-max-mango-grape/,igetaustralia.com,1767747186,default,69,{},"GROO MAX - MANGO GRAPE - 10000 PUFFS",164
5311,,"GROO MAX - BANANA ICE- 10000 PUFFS",,,"groo vape > GROO MAX",http://aussievapes.com.au/wp-content/uploads/2026/01/groo-max-banana-ice-10000-puffs-iget-australia.jpg,,"Brands > groo vape",,1,1884,,https://igetaustralia.com/product/groo-max-banana-ice-10000-puffs/,igetaustralia.com,1769683449,default,69,{},"GROO MAX - BANANA ICE- 10000 PUFFS",164
5313,,"GROO MAX - BLOOD ORANGE MANGO - 10000 PUFFS",,,"groo vape > GROO MAX",http://aussievapes.com.au/wp-content/uploads/2026/01/groo-max-blood-orange-mango-10000-puffs-iget-australia.jpg,,"Brands > groo vape",,1,1883,,https://igetaustralia.com/product/groo-max-blood-orange-mango-10000-puffs/,igetaustralia.com,1769720743,default,66,{},"GROO MAX - BLOOD ORANGE MANGO - 10000 PUFFS",164
5315,,"GROO MAX -CHERRY POMEGRANATE- 10000 PUFFS",,,"groo vape > GROO MAX",http://aussievapes.com.au/wp-content/uploads/2026/01/groo-max-cherry-pomegranate-10000-puffs-iget-australia.jpg,,"Brands > groo vape",,1,1882,,https://igetaustralia.com/product/groo-max-cherry-pomegranate-10000-puffs/,igetaustralia.com,1767747196,default,65,{},"GROO MAX -CHERRY POMEGRANATE- 10000 PUFFS",164
5317,,"GROO MAX - PASSION FRUIT KIWI GUAVA - 10000 PUFFS",,,"groo vape > GROO MAX",http://aussievapes.com.au/wp-content/uploads/2026/01/groo-max-passion-fruit-kiwi-guava-10000-puffs-iget-australia.jpg,,"Brands > groo vape",,1,1881,,https://igetaustralia.com/product/groo-max-passion-fruit-kiwi-guava-10000-puffs/,igetaustralia.com,1767747199,default,66,{},"GROO MAX - PASSION FRUIT KIWI GUAVA - 10000 PUFFS",164
5319,,"GROO MAX - STRAWBERRY KIWI - 10000 PUFFS",,,"groo vape > GROO MAX",http://aussievapes.com.au/wp-content/uploads/2026/01/groo-max-strawberry-kiwi-10000-puffs-iget-australia.jpg,,"Brands > groo vape",,1,1880,,https://igetaustralia.com/product/groo-max-strawberry-kiwi-10000-puffs/,igetaustralia.com,1767747202,default,69,{},"GROO MAX - STRAWBERRY KIWI - 10000 PUFFS",164
5321,,"GROO MAX - STRAWBERRY WATERMELON - 10000 PUFFS",,,"groo vape > GROO MAX",http://aussievapes.com.au/wp-content/uploads/2026/01/groo-max-strawberry-watermelon-10000-puffs-iget-australia.jpg,,"Brands > groo vape",,1,1879,,https://igetaustralia.com/product/groo-max-strawberry-watermelon-10000-puffs/,igetaustralia.com,1767747205,default,65,{},"GROO MAX - STRAWBERRY WATERMELON - 10000 PUFFS",164
5323,,"GROO MAX - BLACKBERRY RASPBERRY - 10000 PUFFS",,,"groo vape > GROO MAX",http://aussievapes.com.au/wp-content/uploads/2026/01/groo-max-blackberry-raspberry-10000-puffs-iget-australia-e1767942382545.jpg,,"Brands > groo vape",,1,1878,,https://igetaustralia.com/product/groo-max-blueberry-raspberry-10000-puffs/,igetaustralia.com,1769788772,default,65,{},"GROO MAX - BLACKBERRY RASPBERRY - 10000 PUFFS",164
5325,,"GROO MAX - MENTOS MINT - 10000 PUFFS",,,"groo vape > GROO MAX",http://aussievapes.com.au/wp-content/uploads/2026/01/groo-max-mentos-mint-10000-puffs-iget-australia.jpg,,"Brands > groo vape",,1,1877,,https://igetaustralia.com/product/groo-max-mentor-mint-10000-puffs/,igetaustralia.com,1767747218,default,69,{},"GROO MAX - MENTOS MINT - 10000 PUFFS",164
5327,,"GROO MAX - PINAPPLE JUICE - 10000 PUFFS",,,"groo vape > GROO MAX",http://aussievapes.com.au/wp-content/uploads/2026/01/groo-max-pinapple-juice-10000-puffs-iget-australia-e1767942303270.jpg,,"Brands > groo vape",,1,1876,,https://igetaustralia.com/product/groo-max-pinapple-juice-10000-puffs/,igetaustralia.com,1767747222,default,69,{},"GROO MAX - PINAPPLE JUICE - 10000 PUFFS",164
5351,,"GUNNPOD STRAWBERRY LUSH – 2000 PUFFS",,,"Gunnpod vape > GUNNPOD 2000",http://aussievapes.com.au/wp-content/uploads/2026/01/gunnpod-strawberry-lush-2000-puffs-iget-australia.jpeg,,"Brands > Gunnpod vape",,1,1875,,https://igetaustralia.com/product/gunnpod-strawberry-lush-2000-puffs/,igetaustralia.com,1767747785,default,78,{},"GUNNPOD STRAWBERRY LUSH – 2000 PUFFS",203
5353,,"GUNNPOD BANANA PAPAYA – 2000 PUFFS",,,"Gunnpod vape > GUNNPOD 2000",http://aussievapes.com.au/wp-content/uploads/2026/01/gunnpod-banana-papaya-2000-puffs-iget-australia.png,,"Brands > Gunnpod vape",,1,1874,,https://igetaustralia.com/product/gunnpod-banana-papaya-2000-puffs/,igetaustralia.com,1767747786,default,78,{},"GUNNPOD BANANA PAPAYA – 2000 PUFFS",203
5355,,"GUNNPOD BLUEBERRY ICE – 2000 PUFFS",,,"Gunnpod vape > GUNNPOD 2000",http://aussievapes.com.au/wp-content/uploads/2026/01/gunnpod-blueberry-ice-2000-puffs-iget-australia.png,,"Brands > Gunnpod vape",,1,1873,,https://igetaustralia.com/product/gunnpod-blueberry-ice-2000-puffs/,igetaustralia.com,1767747787,default,78,{},"GUNNPOD BLUEBERRY ICE – 2000 PUFFS",203
5357,,"GUNNPOD CLASSIC TOBACCO – 2000 PUFFS",,,"Gunnpod vape > GUNNPOD 2000",http://aussievapes.com.au/wp-content/uploads/2026/01/gunnpod-classic-tobacco-2000-puffs-iget-australia.png,,"Brands > Gunnpod vape",,1,1872,,https://igetaustralia.com/product/gunnpod-classic-tobacco-2000-puffs/,igetaustralia.com,1767747790,default,78,{},"GUNNPOD CLASSIC TOBACCO – 2000 PUFFS",203
5359,,"GUNNPOD COLA ICE – 2000 PUFFS",,,"Gunnpod vape > GUNNPOD 2000",http://aussievapes.com.au/wp-content/uploads/2026/01/gunnpod-cola-ice-2000-puffs-iget-australia.png,,"Brands > Gunnpod vape",,1,1871,,https://igetaustralia.com/product/gunnpod-cola-ice-2000-puffs/,igetaustralia.com,1767747794,default,78,{},"GUNNPOD COLA ICE – 2000 PUFFS",203
5361,,"GUNNPOD GRAPE – 2000 PUFFS",,,"Gunnpod vape > GUNNPOD 2000",http://aussievapes.com.au/wp-content/uploads/2026/01/gunnpod-grape-2000-puffs-iget-australia.png,,"Brands > Gunnpod vape",,1,1870,,https://igetaustralia.com/product/gunnpod-grape-2000-puffs/,igetaustralia.com,1767747798,default,78,{},"GUNNPOD GRAPE – 2000 PUFFS",203
5363,,"GUNNPOD HONEY PUSH ICE – 2000 PUFFS",,,"Gunnpod vape > GUNNPOD 2000",http://aussievapes.com.au/wp-content/uploads/2026/01/gunnpod-honey-push-ice-2000-puffs-iget-australia.png,,"Brands > Gunnpod vape",,1,1869,,https://igetaustralia.com/product/gunnpod-honey-push-ice-2000-puffs/,igetaustralia.com,1767747802,default,79,{},"GUNNPOD HONEY PUSH ICE – 2000 PUFFS",203
5365,,"GUNNPOD LUSH ICE – 2000 PUFFS",,,"Gunnpod vape > GUNNPOD 2000",http://aussievapes.com.au/wp-content/uploads/2026/01/gunnpod-lush-ice-2000-puffs-iget-australia.png,,"Brands > Gunnpod vape",,1,1868,,https://igetaustralia.com/product/gunnpod-lush-ice-2000-puffs/,igetaustralia.com,1767747805,default,78,{},"GUNNPOD LUSH ICE – 2000 PUFFS",203
5367,,"GUNNPOD LYCHEE ICE – 2000 PUFFS",,,"Gunnpod vape > GUNNPOD 2000",http://aussievapes.com.au/wp-content/uploads/2026/01/gunnpod-lychee-ice-2000-puffs-iget-australia.png,,"Brands > Gunnpod vape",,1,1867,,https://igetaustralia.com/product/gunnpod-lychee-ice-2000-puffs/,igetaustralia.com,1767747808,default,78,{},"GUNNPOD LYCHEE ICE – 2000 PUFFS",203
5369,,"GUNNPOD MANGO GUAVA – 2000 PUFFS",,,"Gunnpod vape > GUNNPOD 2000",http://aussievapes.com.au/wp-content/uploads/2026/01/gunnpod-mango-guava-2000-puffs-iget-australia.png,,"Brands > Gunnpod vape",,1,1866,,https://igetaustralia.com/product/gunnpod-mango-guava-2000-puffs/,igetaustralia.com,1767747812,default,78,{},"GUNNPOD MANGO GUAVA – 2000 PUFFS",203
5371,,"GUNNPOD MANGO ICE – 2000 PUFFS",,,"Gunnpod vape > GUNNPOD 2000",http://aussievapes.com.au/wp-content/uploads/2026/01/gunnpod-mango-ice-2000-puffs-iget-australia.png,,"Brands > Gunnpod vape",,1,1865,,https://igetaustralia.com/product/gunnpod-mango-ice-2000-puffs/,igetaustralia.com,1767747817,default,78,{},"GUNNPOD MANGO ICE – 2000 PUFFS",203
5373,,"GUNNPOD MAXI ENERGY – 2000 PUFFS",,,"Gunnpod vape > GUNNPOD 2000",http://aussievapes.com.au/wp-content/uploads/2026/01/gunnpod-maxi-energy-2000-puffs-iget-australia.png,,"Brands > Gunnpod vape",,1,1864,,https://igetaustralia.com/product/gunnpod-maxi-energy-2000-puffs/,igetaustralia.com,1767747822,default,79,{},"GUNNPOD MAXI ENERGY – 2000 PUFFS",203
5375,,"GUNNPOD MILK TEA – 2000 PUFFS",,,"Gunnpod vape > GUNNPOD 2000",http://aussievapes.com.au/wp-content/uploads/2026/01/gunnpod-milk-tea-2000-puffs-iget-australia.png,,"Brands > Gunnpod vape",,1,1863,,https://igetaustralia.com/product/gunnpod-milk-tea-2000-puffs/,igetaustralia.com,1767747824,default,78,{},"GUNNPOD MILK TEA – 2000 PUFFS",203
5377,,"GUNNPOD MINT CHOCOLATE – 2000 PUFFS",,,"Gunnpod vape > GUNNPOD 2000",http://aussievapes.com.au/wp-content/uploads/2026/01/gunnpod-mint-chocolate-2000-puffs-iget-australia.png,,"Brands > Gunnpod vape",,1,1862,,https://igetaustralia.com/product/gunnpod-mint-chocolate-2000-puffs/,igetaustralia.com,1767747831,default,78,{},"GUNNPOD MINT CHOCOLATE – 2000 PUFFS",203
5379,,"GUNNPOD MIXED BERRY – 2000 PUFFS",,,"Gunnpod vape > GUNNPOD 2000",http://aussievapes.com.au/wp-content/uploads/2026/01/gunnpod-mixed-berry-2000-puffs-iget-australia.png,,"Brands > Gunnpod vape",,1,1861,,https://igetaustralia.com/product/gunnpod-mixed-berry-2000-puffs/,igetaustralia.com,1767747834,default,78,{},"GUNNPOD MIXED BERRY – 2000 PUFFS",203
5381,,"GUNNPOD PASSIONFRUIT MANGO – 2000 PUFFS",,,"Gunnpod vape > GUNNPOD 2000",http://aussievapes.com.au/wp-content/uploads/2026/01/gunnpod-passionfruit-mango-2000-puffs-iget-australia.png,,"Brands > Gunnpod vape",,1,1860,,https://igetaustralia.com/product/gunnpod-passionfruit-mango-2000-puffs/,igetaustralia.com,1767747839,default,78,{},"GUNNPOD PASSIONFRUIT MANGO – 2000 PUFFS",203
5383,,"GUNNPOD PEACH ICE – 2000 PUFFS",,,"Gunnpod vape > GUNNPOD 2000",http://aussievapes.com.au/wp-content/uploads/2026/01/gunnpod-peach-ice-2000-puffs-iget-australia.png,,"Brands > Gunnpod vape",,1,1859,,https://igetaustralia.com/product/gunnpod-peach-ice-2000-puffs/,igetaustralia.com,1767747844,default,78,{},"GUNNPOD PEACH ICE – 2000 PUFFS",203
5385,,"GUNNPOD PINA COLADA – 2000 PUFFS",,,"Gunnpod vape > GUNNPOD 2000",http://aussievapes.com.au/wp-content/uploads/2026/01/gunnpod-pina-colada-2000-puffs-iget-australia.png,,"Brands > Gunnpod vape",,1,1858,,https://igetaustralia.com/product/gunnpod-pina-colada-2000-puffs/,igetaustralia.com,1767747847,default,78,{},"GUNNPOD PINA COLADA – 2000 PUFFS",203
5387,,"GUNNPOD RASPBERRY MINT – 2000 PUFFS",,,"Gunnpod vape > GUNNPOD 2000",http://aussievapes.com.au/wp-content/uploads/2026/01/gunnpod-raspberry-mint-2000-puffs-iget-australia.png,,"Brands > Gunnpod vape",,1,1857,,https://igetaustralia.com/product/gunnpod-raspberry-mint-2000-puffs/,igetaustralia.com,1767747852,default,78,{},"GUNNPOD RASPBERRY MINT – 2000 PUFFS",203
5389,,"GUNNPOD STRAWBERRY KIWI – 2000 PUFFS",,,"Gunnpod vape > GUNNPOD 2000",http://aussievapes.com.au/wp-content/uploads/2026/01/gunnpod-strawberry-kiwi-2000-puffs-iget-australia.jpeg,,"Brands > Gunnpod vape",,1,1856,,https://igetaustralia.com/product/gunnpod-strawberry-kiwi-2000-puffs/,igetaustralia.com,1767747854,default,78,{},"GUNNPOD STRAWBERRY KIWI – 2000 PUFFS",203
5391,,"GUNNPOD PASSIONFRUIT – 2000 PUFFS",,,"Gunnpod vape > GUNNPOD 2000",http://aussievapes.com.au/wp-content/uploads/2026/01/gunnpod-passionfruit-2000-puffs-iget-australia.jpeg,,"Brands > Gunnpod vape",,1,1855,,https://igetaustralia.com/product/gunnpod-passionfruit-2000-puffs/,igetaustralia.com,1767747862,default,78,{},"GUNNPOD PASSIONFRUIT – 2000 PUFFS",203
5393,,"GUNNPOD BLUEBERRY RASPBERRY – 2000 PUFFS",,,"Gunnpod vape > GUNNPOD 2000",http://aussievapes.com.au/wp-content/uploads/2026/01/gunnpod-blueberry-raspberry-2000-puffs-iget-australia.jpg,,"Brands > Gunnpod vape",,1,1854,,https://igetaustralia.com/product/gunnpod-blueberry-raspberry-2000-puffs/,igetaustralia.com,1767747865,default,74,{},"GUNNPOD BLUEBERRY RASPBERRY – 2000 PUFFS",203
5395,,"GUNNPOD PINEAPPLE – 2000 PUFFS",,,"Gunnpod vape > GUNNPOD 2000",http://aussievapes.com.au/wp-content/uploads/2026/01/gunnpod-pineapple-2000-puffs-iget-australia.jpeg,,"Brands > Gunnpod vape",,1,1853,,https://igetaustralia.com/product/gunnpod-pineapple-2000-puffs/,igetaustralia.com,1767747868,default,78,{},"GUNNPOD PINEAPPLE – 2000 PUFFS",203
5397,,"GUNNPOD FRUIT MONSTER – 2000 PUFFS",,,"Gunnpod vape > GUNNPOD 2000",http://aussievapes.com.au/wp-content/uploads/2026/01/gunnpod-fruit-monster-2000-puffs-iget-australia.jpg,,"Brands > Gunnpod vape",,1,1852,,https://igetaustralia.com/product/gunnpod-fruit-monster-2000-puffs/,igetaustralia.com,1767747873,default,78,{},"GUNNPOD FRUIT MONSTER – 2000 PUFFS",203
5399,,"GUNNPOD PRESIDENT – 2000 PUFFS",,,"Gunnpod vape > GUNNPOD 2000",http://aussievapes.com.au/wp-content/uploads/2026/01/gunnpod-president-2000-puffs-iget-australia.jpg,,"Brands > Gunnpod vape",,1,1851,,https://igetaustralia.com/product/gunnpod-president-2000-puffs/,igetaustralia.com,1767747877,default,78,{},"GUNNPOD PRESIDENT – 2000 PUFFS",203
5401,,"GUNNPOD APPLE CHERRY – 2000 PUFFS",,,"Gunnpod vape > GUNNPOD 2000",http://aussievapes.com.au/wp-content/uploads/2026/01/gunnpod-apple-cherry-2000-puffs-iget-australia.jpg,,"Brands > Gunnpod vape",,1,1850,,https://igetaustralia.com/product/gunnpod-apple-cherry-2000-puffs/,igetaustralia.com,1767747881,default,78,{},"GUNNPOD APPLE CHERRY – 2000 PUFFS",203
5403,,"GUNNPOD APPLE BOMB – 2000 PUFFS",,,"Gunnpod vape > GUNNPOD 2000",http://aussievapes.com.au/wp-content/uploads/2026/01/gunnpod-apple-bomb-2000-puffs-iget-australia.jpeg,,"Brands > Gunnpod vape",,1,1849,,https://igetaustralia.com/product/gunnpod-apple-bomb-2000-puffs/,igetaustralia.com,1767747886,default,79,{},"GUNNPOD APPLE BOMB – 2000 PUFFS",203
5405,,"GUNNPOD SWEETSOUR BERRY – 2000 PUFFS",,,"Gunnpod vape > GUNNPOD 2000",http://aussievapes.com.au/wp-content/uploads/2026/01/gunnpod-sweetsour-berry-2000-puffs-iget-australia.jpeg,,"Brands > Gunnpod vape",,1,1848,,https://igetaustralia.com/product/gunnpod-sweetsour-berry-2000-puffs/,igetaustralia.com,1767747891,default,78,{},"GUNNPOD SWEETSOUR BERRY – 2000 PUFFS",203
5406,,"GUNNPOD BLACKBERRY ICE – 2000 PUFFS",,,"Gunnpod vape > GUNNPOD 2000",,,"Brands > Gunnpod vape",,1,1847,,https://igetaustralia.com/product/gunnpod-blackberry-ice-2000-puffs/,igetaustralia.com,1767747893,default,75,{},"GUNNPOD BLACKBERRY ICE – 2000 PUFFS",203
5408,,"GUNNPOD COOL MINT – 2000 PUFFS",,,"Gunnpod vape > GUNNPOD 2000",http://aussievapes.com.au/wp-content/uploads/2026/01/gunnpod-cool-mint-2000-puffs-iget-australia.jpeg,,"Brands > Gunnpod vape",,1,1846,,https://igetaustralia.com/product/gunnpod-cool-mint-2000-puffs/,igetaustralia.com,1767747899,default,79,{},"GUNNPOD COOL MINT – 2000 PUFFS",203
5412,,"GUNNPOD BANANA PAPAYA - 1400 PUFFS",,,"Gunnpod vape > GUNNPOD LITE 1400",http://aussievapes.com.au/wp-content/uploads/2026/01/gunnpod-banana-papaya-1400-puffs-iget-australia.jpg,,"Brands > Gunnpod vape",,1,1844,,https://igetaustralia.com/product/gunnpod-banana-papaya-1400-puffs/,igetaustralia.com,1767748390,default,78,{},"GUNNPOD BANANA PAPAYA - 1400 PUFFS",203
5413,,"GUNNPOD LUSH ICE - 1400 PUFFS",,,"Gunnpod vape > GUNNPOD LITE 1400",http://aussievapes.com.au/wp-content/uploads/2026/01/gunnpod-lush-ice-1400-puffs-iget-australia.jpg,,"Brands > Gunnpod vape",,1,1845,,https://igetaustralia.com/product/gunnpod-lush-ice-1400-puffs/,igetaustralia.com,1767748390,default,78,{},"GUNNPOD LUSH ICE - 1400 PUFFS",203
5414,,"GUNNPOD MELON BERRY - 1400 PUFFS",,,"Gunnpod vape > GUNNPOD LITE 1400",http://aussievapes.com.au/wp-content/uploads/2026/01/gunnpod-melon-berry-1400-puffs-iget-australia.jpeg,,"Brands > Gunnpod vape",,1,1843,,https://igetaustralia.com/product/gunnpod-melon-berry-1400-puffs/,igetaustralia.com,1767748390,default,76,{},"GUNNPOD MELON BERRY - 1400 PUFFS",203
5417,,"GUNNPOD PASSIONFRUIT MANGO - 1400 PUFFS",,,"Gunnpod vape > GUNNPOD LITE 1400",http://aussievapes.com.au/wp-content/uploads/2026/01/gunnpod-passionfruit-mango-1400-puffs-iget-australia.jpg,,"Brands > Gunnpod vape",,1,1841,,https://igetaustralia.com/product/gunnpod-passionfruit-mango-1400-puffs/,igetaustralia.com,1767748393,default,78,{},"GUNNPOD PASSIONFRUIT MANGO - 1400 PUFFS",203
5418,,"GUNNPOD PINEAPPLE - 1400 PUFFS",,,"Gunnpod vape > GUNNPOD LITE 1400",http://aussievapes.com.au/wp-content/uploads/2026/01/gunnpod-pineapple-1400-puffs-iget-australia.jpg,,"Brands > Gunnpod vape",,1,1842,,https://igetaustralia.com/product/gunnpod-pineapple-1400-puffs/,igetaustralia.com,1767748394,default,78,{},"GUNNPOD PINEAPPLE - 1400 PUFFS",203
5421,,"GUNNPOD LUME GRAPE ICE - 5000 PUFFS",,,"Gunnpod vape > GUNNPOD LUME 5000",http://aussievapes.com.au/wp-content/uploads/2026/01/gunnpod-lume-grape-ice-5000-puffs-iget-australia.jpg,,"Brands > Gunnpod vape",,1,1839,,https://igetaustralia.com/product/gunnpod-lume-grape-ice-5000-puffs/,igetaustralia.com,1767748455,default,60,{},"GUNNPOD LUME GRAPE ICE - 5000 PUFFS",203
5422,,"GUNNPOD LUME BLUEBERRY ICE - 5000 PUFFS",,,"Gunnpod vape > GUNNPOD LUME 5000",http://aussievapes.com.au/wp-content/uploads/2026/01/gunnpod-lume-blueberry-ice-5000-puffs-iget-australia.jpg,,"Brands > Gunnpod vape",,1,1840,,https://igetaustralia.com/product/gunnpod-lume-blueberry-ice-5000-puffs/,igetaustralia.com,1767748455,default,60,{},"GUNNPOD LUME BLUEBERRY ICE - 5000 PUFFS",203
5424,,"GUNNPOD LUME ICE CONE - 5000 PUFFS",,,"Gunnpod vape > GUNNPOD LUME 5000",http://aussievapes.com.au/wp-content/uploads/2026/01/gunnpod-lume-ice-cone-5000-puffs-iget-australia.jpg,,"Brands > Gunnpod vape",,1,1838,,https://igetaustralia.com/product/gunnpod-lume-ice-cone-5000-puffs/,igetaustralia.com,1767748457,default,66,{},"GUNNPOD LUME ICE CONE - 5000 PUFFS",203
5426,,"GUNNPOD LUME ENERGY DRINK BERRIES - 5000 PUFFS",,,"Gunnpod vape > GUNNPOD LUME 5000",http://aussievapes.com.au/wp-content/uploads/2026/01/gunnpod-lume-energy-drink-berries-5000-puffs-iget-australia.jpg,,"Brands > Gunnpod vape",,1,1837,,https://igetaustralia.com/product/gunnpod-lume-energy-drink-berries-5000-puffs/,igetaustralia.com,1767748460,default,63,{},"GUNNPOD LUME ENERGY DRINK BERRIES - 5000 PUFFS",203
5428,,"GUNNPOD LUME BLUEBERRY RAZZ LIME - 5000 PUFFS",,,"Gunnpod vape > GUNNPOD LUME 5000",http://aussievapes.com.au/wp-content/uploads/2026/01/gunnpod-lume-blueberry-razz-lime-5000-puffs-iget-australia.jpg,,"Brands > Gunnpod vape",,1,1836,,https://igetaustralia.com/product/gunnpod-lume-blueberry-razz-lime-5000-puffs/,igetaustralia.com,1767748467,default,62,{},"GUNNPOD LUME BLUEBERRY RAZZ LIME - 5000 PUFFS",203
5430,,"GUNNPOD LUME PASSIONFRUIT MANGO LIME - 5000 PUFFS",,,"Gunnpod vape > GUNNPOD LUME 5000",http://aussievapes.com.au/wp-content/uploads/2026/01/gunnpod-lume-passionfruit-mango-lime-5000-puffs-iget-australia.jpg,,"Brands > Gunnpod vape",,1,1835,,https://igetaustralia.com/product/gunnpod-lume-passionfruit-mango-lime-5000-puffs/,igetaustralia.com,1767748470,default,62,{},"GUNNPOD LUME PASSIONFRUIT MANGO LIME - 5000 PUFFS",203
5432,,"GUNNPOD LUME STRAWBERRY KIWI - 5000 PUFFS",,,"Gunnpod vape > GUNNPOD LUME 5000",http://aussievapes.com.au/wp-content/uploads/2026/01/gunnpod-lume-strawberry-kiwi-5000-puffs-iget-australia.jpg,,"Brands > Gunnpod vape",,1,1834,,https://igetaustralia.com/product/gunnpod-lume-strawberry-kiwi-5000-puffs/,igetaustralia.com,1767748474,default,62,{},"GUNNPOD LUME STRAWBERRY KIWI - 5000 PUFFS",203
5434,,"GUNNPOD LUME STRAWBERRY WATERMELON - 5000 PUFFS",,,"Gunnpod vape > GUNNPOD LUME 5000",http://aussievapes.com.au/wp-content/uploads/2026/01/gunnpod-lume-strawberry-watermelon-5000-puffs-iget-australia.jpg,,"Brands > Gunnpod vape",,1,1833,,https://igetaustralia.com/product/gunnpod-lume-strawberry-watermelon-5000-puffs/,igetaustralia.com,1767748477,default,62,{},"GUNNPOD LUME STRAWBERRY WATERMELON - 5000 PUFFS",203
5436,,"GUNNPOD LUME MINT ICE - 5000 PUFFS",,,"Gunnpod vape > GUNNPOD LUME 5000",http://aussievapes.com.au/wp-content/uploads/2026/01/gunnpod-lume-mint-ice-5000-puffs-iget-australia.jpg,,"Brands > Gunnpod vape",,1,1832,,https://igetaustralia.com/product/gunnpod-lume-mint-ice-5000-puffs/,igetaustralia.com,1767748481,default,66,{},"GUNNPOD LUME MINT ICE - 5000 PUFFS",203
5438,,"GUNNPOD LUME LUSH ICE - 5000 PUFFS",,,"Gunnpod vape > GUNNPOD LUME 5000",http://aussievapes.com.au/wp-content/uploads/2026/01/gunnpod-lume-lush-ice-5000-puffs-iget-australia.jpg,,"Brands > Gunnpod vape",,1,1831,,https://igetaustralia.com/product/gunnpod-lume-lush-ice-5000-puffs/,igetaustralia.com,1767748483,default,66,{},"GUNNPOD LUME LUSH ICE - 5000 PUFFS",203
5440,,"GUNNPOD LUME CHERRY POMEGRANATE - 5000 PUFFS",,,"Gunnpod vape > GUNNPOD LUME 5000",http://aussievapes.com.au/wp-content/uploads/2026/01/gunnpod-lume-cherry-pomegranate-5000-puffs-iget-australia.jpg,,"Brands > Gunnpod vape",,1,1830,,https://igetaustralia.com/product/gunnpod-lume-cherry-pomegranate-5000-puffs/,igetaustralia.com,1767748491,default,62,{},"GUNNPOD LUME CHERRY POMEGRANATE - 5000 PUFFS",203
5442,,"GUNNPOD LUME FRUIT MONSTER - 5000 PUFFS",,,"Gunnpod vape > GUNNPOD LUME 5000",http://aussievapes.com.au/wp-content/uploads/2026/01/gunnpod-lume-fruit-monster-5000-puffs-iget-australia.jpg,,"Brands > Gunnpod vape",,1,1829,,https://igetaustralia.com/product/gunnpod-lume-fruit-monster-5000-puffs/,igetaustralia.com,1767748496,default,66,{},"GUNNPOD LUME FRUIT MONSTER - 5000 PUFFS",203
5444,,"GUNNPOD LUME COLA ICE - 5000 PUFFS",,,"Gunnpod vape > GUNNPOD LUME 5000",http://aussievapes.com.au/wp-content/uploads/2026/01/gunnpod-lume-cola-ice-5000-puffs-iget-australia.jpg,,"Brands > Gunnpod vape",,1,1828,,https://igetaustralia.com/product/gunnpod-lume-cola-ice-5000-puffs/,igetaustralia.com,1767748500,default,66,{},"GUNNPOD LUME COLA ICE - 5000 PUFFS",203
5446,,"GUNNPOD LUME TOBACCO - 5000 PUFFS",,,"Gunnpod vape > GUNNPOD LUME 5000",http://aussievapes.com.au/wp-content/uploads/2026/01/gunnpod-lume-tobacco-5000-puffs-iget-australia.jpg,,"Brands > Gunnpod vape",,1,1827,,https://igetaustralia.com/product/gunnpod-lume-tobacco-5000-puffs/,igetaustralia.com,1769682008,default,66,{},"GUNNPOD LUME TOBACCO - 5000 PUFFS",203
5448,,"GUNNPOD LUME APPLE BOMB - 5000 PUFFS",,,"Gunnpod vape > GUNNPOD LUME 5000",http://aussievapes.com.au/wp-content/uploads/2026/01/gunnpod-lume-apple-bomb-5000-puffs-iget-australia.jpg,,"Brands > Gunnpod vape",,1,1826,,https://igetaustralia.com/product/gunnpod-lume-apple-bomb-5000-puffs/,igetaustralia.com,1767748506,default,67,{},"GUNNPOD LUME APPLE BOMB - 5000 PUFFS",203
5450,,"GUNNPOD LUME KIWI PASSIONFRUIT GUAVA ICE - 5000 PUFFS",,,"Gunnpod vape > GUNNPOD LUME 5000",http://aussievapes.com.au/wp-content/uploads/2026/01/gunnpod-lume-kiwi-passionfruit-guava-ice-5000-puffs-iget-australia.jpg,,"Brands > Gunnpod vape",,1,1825,,https://igetaustralia.com/product/gunnpod-lume-kiwi-passionfruit-guava-ice-5000-puffs/,igetaustralia.com,1767748510,default,56,{},"GUNNPOD LUME KIWI PASSIONFRUIT GUAVA ICE - 5000 PUFFS",203
5463,,"GUNNPOD META PASSION FRUIT – 4000 PUFFS",,,"Gunnpod vape > GUNNPOD META 4000",http://aussievapes.com.au/wp-content/uploads/2026/01/gunnpod-meta-passion-fruit-4000-puffs-iget-australia.png,,"Brands > Gunnpod vape",,1,1824,,https://igetaustralia.com/product/gunnpod-meta-passion-fruit-4000-puffs/,igetaustralia.com,1767748703,default,79,{},"GUNNPOD META PASSION FRUIT – 4000 PUFFS",203
5469,,"GUNNPOD META TOBACCO – 4000 PUFFS",,,"Gunnpod vape > GUNNPOD META 4000",http://aussievapes.com.au/wp-content/uploads/2026/01/gunnpod-meta-tobacco-4000-puffs-iget-australia.png,,"Brands > Gunnpod vape",,1,1823,,https://igetaustralia.com/product/gunnpod-meta-tobacco-4000-puffs/,igetaustralia.com,1767748719,default,78,{},"GUNNPOD META TOBACCO – 4000 PUFFS",203
5474,,"GUNNPOD MOSS - 8000 - ""Device Only"" - BLACK",,,"Gunnpod vape > GUNNPOD MOSS 8000",http://aussievapes.com.au/wp-content/uploads/2026/01/gunnpod-moss-8000-device-only-black-iget-australia-e1767951688688.jpg,,"Brands > Gunnpod vape",,1,1820,,https://igetaustralia.com/product/gunnpod-moss-8000-device-only-black/,igetaustralia.com,1767748883,default,67,{},"GUNNPOD MOSS - 8000 - Device Only - BLACK",203
5475,,"GUNNPOD MOSS - KIWI PASSIONFRUIT GUAVA ICE - 8000 PUFFS - POD ONLY",,,"Gunnpod vape > GUNNPOD MOSS 8000",http://aussievapes.com.au/wp-content/uploads/2026/01/gunnpod-moss-kiwi-passionfruit-guava-ice-8000-puffs-pod-only-iget-e1767951759670.jpg,,"Brands > Gunnpod vape",,1,1821,,https://igetaustralia.com/product/gunnpod-moss-kiwi-passionfruit-guava-ice-8000-puffs-pod-only/,igetaustralia.com,1767748883,default,65,,"GUNNPOD MOSS - KIWI PASSIONFRUIT GUAVA ICE - 8000 PUFFS - POD ONLY",203
5476,,"GUNNPOD MOSS - ICE PASSION FRUIT MANGO - 8000 PUFFS - POD ONLY",,,"Gunnpod vape > GUNNPOD MOSS 8000",http://aussievapes.com.au/wp-content/uploads/2026/01/gunnpod-moss-ice-passion-fruit-mango-8000-puffs-pod-only-iget-australia-e1767951898393.jpg,,"Brands > Gunnpod vape",,1,1822,,https://igetaustralia.com/product/gunnpod-moss-ice-passion-fruit-mango-8000-puffs-pod-only/,igetaustralia.com,1767748883,default,66,{},"GUNNPOD MOSS - ICE PASSION FRUIT MANGO - 8000 PUFFS - POD ONLY",203
5480,,"GUNNPOD MOSS - FROZEN FOREST BERRY - 8000 PUFFS - POD ONLY",,,"Gunnpod vape > GUNNPOD MOSS 8000",http://aussievapes.com.au/wp-content/uploads/2026/01/gunnpod-moss-frozen-forest-berry-8000-puffs-pod-only-iget-australia-e1767951478205.jpg,,"Brands > Gunnpod vape",,1,1817,,https://igetaustralia.com/product/gunnpod-moss-frozen-forest-berry-8000-puffs-pod-only/,igetaustralia.com,1767748885,default,65,{},"GUNNPOD MOSS - FROZEN FOREST BERRY - 8000 PUFFS - POD ONLY",203
5481,,"GUNNPOD MOSS - MANGO BLISS - 8000 PUFFS - POD ONLY",,,"Gunnpod vape > GUNNPOD MOSS 8000",http://aussievapes.com.au/wp-content/uploads/2026/01/gunnpod-moss-mango-bliss-8000-puffs-pod-only-iget-australia-e1767951532358.jpg,,"Brands > Gunnpod vape",,1,1818,,https://igetaustralia.com/product/gunnpod-moss-mango-bliss-8000-puffs-pod-only/,igetaustralia.com,1767748885,default,65,{},"GUNNPOD MOSS - MANGO BLISS - 8000 PUFFS - POD ONLY",203
5482,,"GUNNPOD MOSS - STRAWBERRY WATERMELON ICE - 8000 PUFFS - POD ONLY",,,"Gunnpod vape > GUNNPOD MOSS 8000",http://aussievapes.com.au/wp-content/uploads/2026/01/gunnpod-moss-strawberry-watermelon-ice-8000-puffs-pod-only-iget-e1767951609804.jpg,,"Brands > Gunnpod vape",,1,1819,,https://igetaustralia.com/product/gunnpod-moss-strawberry-watermelon-8000-puffs-pod-only/,igetaustralia.com,1767748885,default,65,{},"GUNNPOD MOSS - STRAWBERRY WATERMELON ICE - 8000 PUFFS - POD ONLY",203
5485,,"GUNNPOD MOSS - STRAWBERRY KIWI ICE - 8000 PUFFS - POD ONLY",,,"Gunnpod vape > GUNNPOD MOSS 8000",http://aussievapes.com.au/wp-content/uploads/2026/01/gunnpod-moss-strawberry-kiwi-ice-8000-puffs-pod-only-iget-australia-e1767951336665.jpg,,"Brands > Gunnpod vape",,1,1815,,https://igetaustralia.com/product/gunnpod-moss-strawberry-kiwi-8000-puffs-pod-only/,igetaustralia.com,1767748887,default,65,{},"GUNNPOD MOSS - STRAWBERRY KIWI ICE - 8000 PUFFS - POD ONLY",203
5486,,"GUNNPOD MOSS - PINEAPPLE ORANGE GUAVA - 8000 PUFFS - POD ONLY",,,"Gunnpod vape > GUNNPOD MOSS 8000",http://aussievapes.com.au/wp-content/uploads/2026/01/gunnpod-moss-pineapple-orange-guava-8000-puffs-pod-only-iget-australia-e1767951403102.jpg,,"Brands > Gunnpod vape",,1,1816,,https://igetaustralia.com/product/gunnpod-moss-pineapple-orange-guava-8000-puffs-pod-only/,igetaustralia.com,1767748887,default,65,{},"GUNNPOD MOSS - PINEAPPLE ORANGE GUAVA - 8000 PUFFS - POD ONLY",203
5489,,"GUNNPOD MOSS - BANANA ICE - 8000 PUFFS - POD ONLY",,,"Gunnpod vape > GUNNPOD MOSS 8000",http://aussievapes.com.au/wp-content/uploads/2026/01/gunnpod-moss-banana-ice-8000-puffs-pod-only-iget-australia-e1767951282151.jpg,,"Brands > Gunnpod vape",,1,1814,,https://igetaustralia.com/product/gunnpod-moss-banana-ice-8000-puffs-pod-only/,igetaustralia.com,1769691090,default,65,{},"GUNNPOD MOSS - BANANA ICE - 8000 PUFFS - POD ONLY",203
5490,,"GUNNPOD MOSS - COOL MINT - 8000 PUFFS - POD ONLY",,,"Gunnpod vape > GUNNPOD MOSS 8000",http://aussievapes.com.au/wp-content/uploads/2026/01/gunnpod-moss-cool-mint-8000-puffs-pod-only-iget-australia-e1767951221966.jpg,,"Brands > Gunnpod vape",,1,1813,,https://igetaustralia.com/product/gunnpod-moss-cool-mint-8000-puffs-pod-only/,igetaustralia.com,1769713400,default,66,{},"GUNNPOD MOSS - COOL MINT - 8000 PUFFS - POD ONLY",203
5492,,"GUNNPOD MOSS - DOUBLE APPLE SHISHA - 8000 PUFFS - POD ONLY",,,"Gunnpod vape > GUNNPOD MOSS 8000",http://aussievapes.com.au/wp-content/uploads/2026/01/gunnpod-moss-double-apple-shisha-8000-puffs-pod-only-iget-australia-e1767951121899.jpg,,"Brands > Gunnpod vape",,1,1812,,https://igetaustralia.com/product/gunnpod-moss-double-apple-shisha-8000-puffs-pod-only/,igetaustralia.com,1767748890,default,66,{},"GUNNPOD MOSS - DOUBLE APPLE SHISHA - 8000 PUFFS - POD ONLY",203
5495,,"GUNNPOD MOSS - FRUIT MONSTER - 8000 PUFFS - POD ONLY",,,"Gunnpod vape > GUNNPOD MOSS 8000",http://aussievapes.com.au/wp-content/uploads/2026/01/gunnpod-moss-fruit-monster-8000-puffs-pod-only-iget-australia-e1767950888540.jpg,,"Brands > Gunnpod vape",,1,1810,,https://igetaustralia.com/product/gunnpod-moss-fruit-monster-8000-puffs-pod-only-copy/,igetaustralia.com,1767748892,default,65,{},"GUNNPOD MOSS - FRUIT MONSTER - 8000 PUFFS - POD ONLY",203
5496,,"GUNNPOD MOSS - BLACKBERRY ICE- 8000 PUFFS - POD ONLY",,,"Gunnpod vape > GUNNPOD MOSS 8000",http://aussievapes.com.au/wp-content/uploads/2026/01/gunnpod-moss-blackberry-ice-8000-puffs-pod-only-iget-australia-e1767951065482.jpg,,"Brands > Gunnpod vape",,1,1811,,https://igetaustralia.com/product/gunnpod-moss-blackberry-ice-8000-puffs-pod-only/,igetaustralia.com,1767748892,default,65,{},"GUNNPOD MOSS - BLACKBERRY ICE- 8000 PUFFS - POD ONLY",203
5498,,"GUNNPOD MOSS - APPLE BOMB - 8000 PUFFS - POD ONLY",,,"Gunnpod vape > GUNNPOD MOSS 8000",http://aussievapes.com.au/wp-content/uploads/2026/01/gunnpod-moss-apple-bomb-8000-puffs-pod-only-iget-australia-e1767950820470.jpg,,"Brands > Gunnpod vape",,1,1809,,https://igetaustralia.com/product/gunnpod-moss-apple-bomb-8000-puffs-pod-only/,igetaustralia.com,1767748894,default,66,{},"GUNNPOD MOSS - APPLE BOMB - 8000 PUFFS - POD ONLY",203
5500,,"GUNNPOD MOSS - LIME LEMONDADE - 8000 PUFFS - POD ONLY",,,"Gunnpod vape > GUNNPOD MOSS 8000",http://aussievapes.com.au/wp-content/uploads/2026/01/gunnpod-moss-lime-lemondade-8000-puffs-pod-only-iget-australia-e1767950737619.jpg,,"Brands > Gunnpod vape",,1,1808,,https://igetaustralia.com/product/gunnpod-moss-lime-lemondade-8000-puffs-pod-only/,igetaustralia.com,1767748896,default,65,{},"GUNNPOD MOSS - LIME LEMONDADE - 8000 PUFFS - POD ONLY",203
5502,,"GUNNPOD MOSS - ROSE LEMONDADE - 8000 PUFFS - POD ONLY",,,"Gunnpod vape > GUNNPOD MOSS 8000",http://aussievapes.com.au/wp-content/uploads/2026/01/gunnpod-moss-rose-lemondade-8000-puffs-pod-only-iget-australia-e1767950650497.jpg,,"Brands > Gunnpod vape",,1,1807,,https://igetaustralia.com/product/gunnpod-moss-rose-lemondade-8000-puffs-pod-only/,igetaustralia.com,1767748900,default,65,{},"GUNNPOD MOSS - ROSE LEMONDADE - 8000 PUFFS - POD ONLY",203
5504,,"GUNNPOD MOSS - WATERMELON ICE - 8000 PUFFS - POD ONLY",,,"Gunnpod vape > GUNNPOD MOSS 8000",http://aussievapes.com.au/wp-content/uploads/2026/01/gunnpod-moss-watermelon-ice-8000-puffs-pod-only-iget-australia-e1767950579919.jpg,,"Brands > Gunnpod vape",,1,1806,,https://igetaustralia.com/product/gunnpod-moss-watermelon-ice-8000-puffs-pod-only/,igetaustralia.com,1767748903,default,65,{},"GUNNPOD MOSS - WATERMELON ICE - 8000 PUFFS - POD ONLY",203
5506,,"GUNNPOD MOSS - LUSH BAYBERRY ICE - 8000 PUFFS - POD ONLY",,,"Gunnpod vape > GUNNPOD MOSS 8000",http://aussievapes.com.au/wp-content/uploads/2026/01/gunnpod-moss-lush-bayberry-ice-8000-puffs-pod-only-iget-australia-e1767950523831.jpg,,"Brands > Gunnpod vape",,1,1805,,https://igetaustralia.com/product/gunnpod-moss-lush-bayberry-ice-8000-puffs-pod-only/,igetaustralia.com,1767748907,default,65,{},"GUNNPOD MOSS - LUSH BAYBERRY ICE - 8000 PUFFS - POD ONLY",203
5508,,"GUNNPOD MOSS - CLASSIC TOBACCO - 8000 PUFFS - POD ONLY",,,"Gunnpod vape > GUNNPOD MOSS 8000",http://aussievapes.com.au/wp-content/uploads/2026/01/gunnpod-moss-classic-tobacco-8000-puffs-pod-only-iget-australia-e1767950467844.jpg,,"Brands > Gunnpod vape",,1,1804,,https://igetaustralia.com/product/gunnpod-moss-classic-tobacco-8000-puffs-pod-only/,igetaustralia.com,1767748911,default,65,{},"GUNNPOD MOSS - CLASSIC TOBACCO - 8000 PUFFS - POD ONLY",203
5510,,"GUNNPOD MOSS - CHERRY POMEGRANATE ICE - 8000 PUFFS - POD ONLY",,,"Gunnpod vape > GUNNPOD MOSS 8000",http://aussievapes.com.au/wp-content/uploads/2026/01/gunnpod-moss-cherry-pomegranate-ice-8000-puffs-pod-only-iget-australia-e1767950384721.jpg,,"Brands > Gunnpod vape",,1,1803,,https://igetaustralia.com/product/gunnpod-moss-cherry-pomegranate-ice-8000-puffs-pod-only/,igetaustralia.com,1767748914,default,65,{},"GUNNPOD MOSS - CHERRY POMEGRANATE ICE - 8000 PUFFS - POD ONLY",203
5512,,"GUNNPOD MOSS - JUICY GRAPE ICE - 8000 PUFFS - POD ONLY",,,"Gunnpod vape > GUNNPOD MOSS 8000",http://aussievapes.com.au/wp-content/uploads/2026/01/gunnpod-moss-juicy-grape-ice-8000-puffs-pod-only-iget-australia-e1767950323283.jpg,,"Brands > Gunnpod vape",,1,1802,,https://igetaustralia.com/product/gunnpod-moss-juicy-grape-ice-8000-puffs-pod-only/,igetaustralia.com,1767748920,default,65,{},"GUNNPOD MOSS - JUICY GRAPE ICE - 8000 PUFFS - POD ONLY",203
5514,,"GUNNPOD MOSS - ICY CLEAR - 8000 PUFFS - POD ONLY",,,"Gunnpod vape > GUNNPOD MOSS 8000",http://aussievapes.com.au/wp-content/uploads/2026/01/gunnpod-moss-icy-clear-8000-puffs-pod-only-iget-australia-e1767950241696.jpg,,"Brands > Gunnpod vape",,1,1801,,https://igetaustralia.com/product/gunnpod-moss-icey-clear-8000-puffs-pod-only/,igetaustralia.com,1767748927,default,66,{},"GUNNPOD MOSS - ICY CLEAR - 8000 PUFFS - POD ONLY",203
5516,,"GUNNPOD MOSS - BLACKBERRY CHERRY POMEGRANATE - 8000 PUFFS - POD ONLY",,,"Gunnpod vape > GUNNPOD MOSS 8000",http://aussievapes.com.au/wp-content/uploads/2026/01/gunnpod-moss-blackberry-cherry-pomegranate-8000-puffs-pod-only-iget-e1767950149111.jpg,,"Brands > Gunnpod vape",,1,1800,,https://igetaustralia.com/product/gunnpod-moss-blackberry-cherry-pomegranate-8000-puffs-pod-only/,igetaustralia.com,1767748930,default,65,{},"GUNNPOD MOSS - BLACKBERRY CHERRY POMEGRANATE - 8000 PUFFS - POD ONLY",203
5518,,"GUNNPOD MOSS - WATERMELON BURST - 8000 PUFFS - POD ONLY",,,"Gunnpod vape > GUNNPOD MOSS 8000",http://aussievapes.com.au/wp-content/uploads/2026/01/gunnpod-moss-watermelon-burst-8000-puffs-pod-only-iget-australia-e1767950031807.jpg,,"Brands > Gunnpod vape",,1,1799,,https://igetaustralia.com/product/gunnpod-moss-watermelon-burst-8000-puffs-pod-only/,igetaustralia.com,1767748935,default,65,{},"GUNNPOD MOSS - WATERMELON BURST - 8000 PUFFS - POD ONLY",203
5520,,"GUNNPOD MOSS - 8000 - ""Device Only"" - WHITE",,,"Gunnpod vape > GUNNPOD MOSS 8000",http://aussievapes.com.au/wp-content/uploads/2026/01/gunnpod-moss-8000-device-only-white-iget-australia-e1767949957538.jpg,,"Brands > Gunnpod vape",,1,1798,,https://igetaustralia.com/product/gunnpod-moss-8000-device-only-silver/,igetaustralia.com,1767748939,default,67,{},"GUNNPOD MOSS - 8000 - Device Only - WHITE",203
5522,,"GUNNPOD MOSS - 8000 - ""Device Only"" - BLUE",,,"Gunnpod vape > GUNNPOD MOSS 8000",http://aussievapes.com.au/wp-content/uploads/2026/01/gunnpod-moss-8000-device-only-blue-iget-australia-e1767949892325.jpg,,"Brands > Gunnpod vape",,1,1797,,https://igetaustralia.com/product/gunnpod-moss-8000-device-only-blue/,igetaustralia.com,1767748943,default,67,{},"GUNNPOD MOSS - 8000 - Device Only - BLUE",203
5524,,"GUNNPOD MOSS - 8000 - ""Device Only"" - RED",,,"Gunnpod vape > GUNNPOD MOSS 8000",http://aussievapes.com.au/wp-content/uploads/2026/01/gunnpod-moss-8000-device-only-red-iget-australia-e1767949834748.jpg,,"Brands > Gunnpod vape",,1,1796,,https://igetaustralia.com/product/gunnpod-moss-8000-device-only-red/,igetaustralia.com,1767748947,default,67,{},"GUNNPOD MOSS - 8000 - Device Only - RED",203
5526,,"GUNNPOD MOSS - 8000 - ""Device Only"" - ROSE GOLD",,,"Gunnpod vape > GUNNPOD MOSS 8000",http://aussievapes.com.au/wp-content/uploads/2026/01/gunnpod-moss-8000-device-only-rose-gold-iget-australia-e1767949784341.jpg,,"Brands > Gunnpod vape",,1,1795,,https://igetaustralia.com/product/gunnpod-moss-8000-device-only-rose-gold/,igetaustralia.com,1767748950,default,63,{},"GUNNPOD MOSS - 8000 - Device Only - ROSE GOLD",203
5528,,"GUNNPOD MOSS - 3 PACK - 8000 PUFFS - POD ONLY",,,"Gunnpod vape > GUNNPOD MOSS 8000",http://aussievapes.com.au/wp-content/uploads/2026/01/gunnpod-moss-3-pack-8000-puffs-pod-only-iget-australia.jpg,,"Brands > Gunnpod vape",,1,1794,,https://igetaustralia.com/product/gunnpod-moss-3-pack-8000-puffs-pod-only/,igetaustralia.com,1767748955,default,65,{},"GUNNPOD MOSS - 3 PACK - 8000 PUFFS - POD ONLY",203
5530,,"GUNNPOD MOSS - 5 PACK - 8000 PUFFS - POD ONLY",,,"Gunnpod vape > GUNNPOD MOSS 8000",http://aussievapes.com.au/wp-content/uploads/2026/01/gunnpod-moss-5-pack-8000-puffs-pod-only-iget-australia.jpg,,"Brands > Gunnpod vape",,1,1793,,https://igetaustralia.com/product/gunnpod-moss-5-pack-8000-puffs-pod-only/,igetaustralia.com,1769672427,default,65,{},"GUNNPOD MOSS - 5 PACK - 8000 PUFFS - POD ONLY",203
5532,,"GUNNPOD MOSS - 10 PACK - 8000 PUFFS - POD ONLY",,,"Gunnpod vape > GUNNPOD MOSS 8000",http://aussievapes.com.au/wp-content/uploads/2026/01/gunnpod-moss-10-pack-8000-puffs-pod-only-iget-australia.jpg,,"Brands > Gunnpod vape",,1,1792,,https://igetaustralia.com/product/gunnpod-moss-10-pack-8000-puffs-pod-only/,igetaustralia.com,1767748966,default,65,{},"GUNNPOD MOSS - 10 PACK - 8000 PUFFS - POD ONLY",203
5534,,"GUNNPOD MOSS - 20 PACK - 8000 PUFFS - POD ONLY",,,"Gunnpod vape > GUNNPOD MOSS 8000",http://aussievapes.com.au/wp-content/uploads/2026/01/gunnpod-moss-20-pack-8000-puffs-pod-only-iget-australia.jpg,,"Brands > Gunnpod vape",,1,1791,,https://igetaustralia.com/product/gunnpod-moss-20-pack-8000-puffs-pod-only-copy/,igetaustralia.com,1767748970,default,65,{},"GUNNPOD MOSS - 20 PACK - 8000 PUFFS - POD ONLY",203
5545,,"GUNNPOD PLUS CHERRY POMEGRANATE ICE – 4500 PUFFS",,,"Gunnpod vape > GUNNPOD PLUS 4500",,,"Brands > Gunnpod vape",,1,1790,,https://igetaustralia.com/product/gunnpod-plus-cherry-pomegranate-ice-4500-puffs/,igetaustralia.com,1767778480,default,64,{},"GUNNPOD PLUS CHERRY POMEGRANATE ICE – 4500 PUFFS",203
5548,,"GUNNPOD PLUS – 4500 PUFFS – 3 PACK",,,"Gunnpod vape > GUNNPOD PLUS 4500",http://aussievapes.com.au/wp-content/uploads/2026/01/gunnpod-plus-4500-puffs-3-pack-iget-australia.png,,"Brands > Gunnpod vape",,1,1789,,https://igetaustralia.com/product/gunnpod-plus-4500-puffs-3-pack/,igetaustralia.com,1767778486,default,69,{},"GUNNPOD PLUS – 4500 PUFFS – 3 PACK",203
5550,,"GUNNPOD PLUS – 4500 PUFFS – 5 PACK",,,"Gunnpod vape > GUNNPOD PLUS 4500",http://aussievapes.com.au/wp-content/uploads/2026/01/gunnpod-plus-4500-puffs-5-pack-iget-australia.png,,"Brands > Gunnpod vape",,1,1788,,https://igetaustralia.com/product/gunnpod-plus-4500-puffs-5-pack/,igetaustralia.com,1767778490,default,69,{},"GUNNPOD PLUS – 4500 PUFFS – 5 PACK",203
5552,,"GUNNPOD PLUS – 4500 PUFFS – 10 PACK",,,"Gunnpod vape > GUNNPOD PLUS 4500",http://aussievapes.com.au/wp-content/uploads/2026/01/gunnpod-plus-4500-puffs-10-pack-iget-australia.png,,"Brands > Gunnpod vape",,1,1787,,https://igetaustralia.com/product/gunnpod-plus-4500-puffs-10-pack/,igetaustralia.com,1767778494,default,69,{},"GUNNPOD PLUS – 4500 PUFFS – 10 PACK",203
5555,,"GUNNPOD PLUS – 4500 PUFFS – 50 PACK",,,"Gunnpod vape > GUNNPOD PLUS 4500",http://aussievapes.com.au/wp-content/uploads/2026/01/gunnpod-plus-4500-puffs-50-pack-iget-australia.png,,"Brands > Gunnpod vape",,1,1786,,https://igetaustralia.com/product/gunnpod-plus-4500-puffs-50-pack/,igetaustralia.com,1769696103,default,69,{},"GUNNPOD PLUS – 4500 PUFFS – 50 PACK",203
5558,,"GUNNPOD WAVE COLA ICE – 3500 PUFFS",,,"Gunnpod vape > GUNNPOD WAVE 3500",http://aussievapes.com.au/wp-content/uploads/2026/01/gunnpod-wave-cola-ice-3500-puffs-iget-australia.png,,"Brands > Gunnpod vape",,1,1784,,https://igetaustralia.com/product/gunnpod-wave-cola-ice-3500-puffs/,igetaustralia.com,1769697581,default,69,{},"GUNNPOD WAVE COLA ICE – 3500 PUFFS",203
5559,,"GUNNPOD WAVE BLUE RASPBERRY CHERRY LEMON – 3500 PUFFS",,,"Gunnpod vape > GUNNPOD WAVE 3500",http://aussievapes.com.au/wp-content/uploads/2026/01/gunnpod-wave-blue-raspberry-cherry-lemon-3500-puffs-iget-australia.png,,"Brands > Gunnpod vape",,1,1785,,https://igetaustralia.com/product/gunnpod-wave-blue-raspberry-cherry-lemon-3500-puffs/,igetaustralia.com,1767778565,default,65,{},"GUNNPOD WAVE BLUE RASPBERRY CHERRY LEMON – 3500 PUFFS",203
5561,,"GUNNPOD WAVE DOUBLE APPLE – 3500 PUFFS",,,"Gunnpod vape > GUNNPOD WAVE 3500",http://aussievapes.com.au/wp-content/uploads/2026/01/gunnpod-wave-double-apple-3500-puffs-iget-australia.png,,"Brands > Gunnpod vape",,1,1783,,https://igetaustralia.com/product/gunnpod-wave-double-apple-3500-puffs/,igetaustralia.com,1767778567,default,70,{},"GUNNPOD WAVE DOUBLE APPLE – 3500 PUFFS",203
5563,,"GUNNPOD WAVE FRUIT MONSTER – 3500 PUFFS",,,"Gunnpod vape > GUNNPOD WAVE 3500",http://aussievapes.com.au/wp-content/uploads/2026/01/gunnpod-wave-fruit-monster-3500-puffs-iget-australia.png,,"Brands > Gunnpod vape",,1,1782,,https://igetaustralia.com/product/gunnpod-wave-fruit-monster-3500-puffs/,igetaustralia.com,1767778570,default,69,{},"GUNNPOD WAVE FRUIT MONSTER – 3500 PUFFS",203
5565,,"GUNNPOD WAVE GRAPE ICE – 3500 PUFFS",,,"Gunnpod vape > GUNNPOD WAVE 3500",http://aussievapes.com.au/wp-content/uploads/2026/01/gunnpod-wave-grape-ice-3500-puffs-iget-australia.png,,"Brands > Gunnpod vape",,1,1781,,https://igetaustralia.com/product/gunnpod-wave-grape-ice-3500-puffs/,igetaustralia.com,1767778573,default,69,{},"GUNNPOD WAVE GRAPE ICE – 3500 PUFFS",203
5567,,"GUNNPOD WAVE LUSH ICE – 3500 PUFFS",,,"Gunnpod vape > GUNNPOD WAVE 3500",http://aussievapes.com.au/wp-content/uploads/2026/01/gunnpod-wave-lush-ice-3500-puffs-iget-australia.png,,"Brands > Gunnpod vape",,1,1780,,https://igetaustralia.com/product/gunnpod-wave-lush-ice-3500-puffs/,igetaustralia.com,1767778576,default,69,{},"GUNNPOD WAVE LUSH ICE – 3500 PUFFS",203
5569,,"GUNNPOD WAVE MANGO PEACH – 3500 PUFFS",,,"Gunnpod vape > GUNNPOD WAVE 3500",http://aussievapes.com.au/wp-content/uploads/2026/01/gunnpod-wave-mango-peach-3500-puffs-iget-australia.png,,"Brands > Gunnpod vape",,1,1779,,https://igetaustralia.com/product/gunnpod-wave-mango-peach-3500-puffs/,igetaustralia.com,1767778580,default,69,{},"GUNNPOD WAVE MANGO PEACH – 3500 PUFFS",203
5571,,"GUNNPOD WAVE PEACH BLUE RASPBERRY ICE – 3500 PUFFS",,,"Gunnpod vape > GUNNPOD WAVE 3500",http://aussievapes.com.au/wp-content/uploads/2026/01/gunnpod-wave-peach-blue-raspberry-ice-3500-puffs-iget-australia.png,,"Brands > Gunnpod vape",,1,1778,,https://igetaustralia.com/product/gunnpod-wave-peach-blue-rasp-ice-3500-puffs/,igetaustralia.com,1767778582,default,65,{},"GUNNPOD WAVE PEACH BLUE RASPBERRY ICE – 3500 PUFFS",203
5573,,"GUNNPOD WAVE PINEAPPLE ORANGE GUAVA – 3500 PUFFS",,,"Gunnpod vape > GUNNPOD WAVE 3500",http://aussievapes.com.au/wp-content/uploads/2026/01/gunnpod-wave-pineapple-orange-guava-3500-puffs-iget-australia.png,,"Brands > Gunnpod vape",,1,1777,,https://igetaustralia.com/product/gunnpod-wave-pineapple-orange-guava-3500-puffs/,igetaustralia.com,1767778586,default,65,{},"GUNNPOD WAVE PINEAPPLE ORANGE GUAVA – 3500 PUFFS",203
5575,,"GUNNPOD WAVE STRAWBERRY KIWI – 3500 PUFFS",,,"Gunnpod vape > GUNNPOD WAVE 3500",http://aussievapes.com.au/wp-content/uploads/2026/01/gunnpod-wave-strawberry-kiwi-3500-puffs-iget-australia.png,,"Brands > Gunnpod vape",,1,1776,,https://igetaustralia.com/product/gunnpod-wave-strawberry-kiwi-3500-puffs/,igetaustralia.com,1767778590,default,65,{},"GUNNPOD WAVE STRAWBERRY KIWI – 3500 PUFFS",203
5577,,"GUNNPOD WAVE STRAWBERRY WATERMELON ICE – 3500 PUFFS",,,"Gunnpod vape > GUNNPOD WAVE 3500",http://aussievapes.com.au/wp-content/uploads/2026/01/gunnpod-wave-strawberry-watermelon-ice-3500-puffs-iget-australia.png,,"Brands > Gunnpod vape",,1,1775,,https://igetaustralia.com/product/gunnpod-wave-strawberry-watermelon-ice-3500-puffs/,igetaustralia.com,1767778596,default,65,{},"GUNNPOD WAVE STRAWBERRY WATERMELON ICE – 3500 PUFFS",203
5579,,"GUNNPOD WAVE SUMMER BREEZE – 3500 PUFFS",,,"Gunnpod vape > GUNNPOD WAVE 3500",http://aussievapes.com.au/wp-content/uploads/2026/01/gunnpod-wave-summer-breeze-3500-puffs-iget-australia.png,,"Brands > Gunnpod vape",,1,1774,,https://igetaustralia.com/product/gunnpod-wave-summer-breeze-3500-puffs/,igetaustralia.com,1769419355,default,69,{},"GUNNPOD WAVE SUMMER BREEZE – 3500 PUFFS",203
5583,,"Higo PRO MIX 5 IN 1 - RASPBERRY EDITION - 6000 PUFFS",,,"Higo PRO MIX",http://aussievapes.com.au/wp-content/uploads/2026/01/higo-pro-mix-5-in-1-raspberry-edition-6000-puffs-iget-australia.jpg,,,,1,1771,,https://igetaustralia.com/product/higo-pro-mix-blue-razz-cherry-6000-puffs/,igetaustralia.com,1767778712,default,65,{},"Higo PRO MIX 5 IN 1 - RASPBERRY EDITION - 6000 PUFFS",
5584,,"Higo PRO MIX 5 IN 1 - WATERMELON EDITION - 6000 PUFFS",,,"Higo PRO MIX",http://aussievapes.com.au/wp-content/uploads/2026/01/higo-pro-mix-5-in-1-watermelon-edition-6000-puffs-iget-australia.jpg,,,,1,1772,,https://igetaustralia.com/product/higo-pro-mix-watermelon-6000-puffs/,igetaustralia.com,1767778712,default,65,{},"Higo PRO MIX 5 IN 1 - WATERMELON EDITION - 6000 PUFFS",
5585,,"Higo PRO MIX 5 IN 1 - BLUE EDITION - 6000 PUFFS",,,"Higo PRO MIX",http://aussievapes.com.au/wp-content/uploads/2026/01/higo-pro-mix-5-in-1-blue-edition-6000-puffs-iget-australia.jpg,,,,1,1773,,https://igetaustralia.com/product/higo-pro-mix-5-in-1-blue-edition-6000-puffs/,igetaustralia.com,1767778712,default,65,{},"Higo PRO MIX 5 IN 1 - BLUE EDITION - 6000 PUFFS",
5588,,"Higo PRO MIX 5 IN 1 - ICE EDITION - 6000 PUFFS",,,"Higo PRO MIX",http://aussievapes.com.au/wp-content/uploads/2026/01/higo-pro-mix-5-in-1-ice-edition-6000-puffs-iget-australia.jpg,,,,1,1769,,https://igetaustralia.com/product/higo-pro-mix-5-in-1-ice-edition-6000-puffs/,igetaustralia.com,1767778717,default,65,{},"Higo PRO MIX 5 IN 1 - ICE EDITION - 6000 PUFFS",
5589,,"Higo PRO MIX 5 IN 1 - FRUIT EDITION - 6000 PUFFS",,,"Higo PRO MIX",http://aussievapes.com.au/wp-content/uploads/2026/01/higo-pro-mix-5-in-1-fruit-edition-6000-puffs-iget-australia.jpg,,,,1,1770,,https://igetaustralia.com/product/higo-pro-mix-5-in-1-fruit-edition-6000-puffs/,igetaustralia.com,1767778717,default,65,{},"Higo PRO MIX 5 IN 1 - FRUIT EDITION - 6000 PUFFS",
5591,,"Higo PRO MIX 5 IN 1 - MIXED EDITION - 6000 PUFFS",,,"Higo PRO MIX",http://aussievapes.com.au/wp-content/uploads/2026/01/higo-pro-mix-5-in-1-mixed-edition-6000-puffs-iget-australia.jpg,,,,1,1768,,https://igetaustralia.com/product/higo-pro-mix-5-in-1-mixed-edition-6000-puffs/,igetaustralia.com,1769681308,default,65,{},"Higo PRO MIX 5 IN 1 - MIXED EDITION - 6000 PUFFS",
5593,,"Higo PRO MIX 5 IN 1 - SPECIAL EDITION - 6000 PUFFS",,,"Higo PRO MIX",http://aussievapes.com.au/wp-content/uploads/2026/01/higo-pro-mix-5-in-1-special-edition-6000-puffs-iget-australia.jpg,,,,1,1767,,https://igetaustralia.com/product/higo-pro-mix-blue-raspberry-6000-puffs/,igetaustralia.com,1767778725,default,66,{},"Higo PRO MIX 5 IN 1 - SPECIAL EDITION - 6000 PUFFS",
5595,,"Higo PRO MIX 5 IN 1 - PRETTY EDITION - 6000 PUFFS",,,"Higo PRO MIX",http://aussievapes.com.au/wp-content/uploads/2026/01/higo-pro-mix-5-in-1-pretty-edition-6000-puffs-iget-australia.jpg,,,,1,1766,,https://igetaustralia.com/product/higo-pro-mix-huba-huba-6000-puffs/,igetaustralia.com,1767778729,default,65,{},"Higo PRO MIX 5 IN 1 - PRETTY EDITION - 6000 PUFFS",
5597,,"Higo PRO MIX 5 IN 1 - CHERRY EDITION - 6000 PUFFS",,,"Higo PRO MIX",http://aussievapes.com.au/wp-content/uploads/2026/01/higo-pro-mix-5-in-1-cherry-edition-6000-puffs-iget-australia.jpg,,,,1,1765,,https://igetaustralia.com/product/higo-pro-mix-5-in-1-cherry-edition-6000-puffs/,igetaustralia.com,1767778733,default,65,{},"Higo PRO MIX 5 IN 1 - CHERRY EDITION - 6000 PUFFS",
5599,,"Higo PRO MIX 5 IN 1 - RED EDITION - 6000 PUFFS",,,"Higo PRO MIX",http://aussievapes.com.au/wp-content/uploads/2026/01/higo-pro-mix-5-in-1-red-edition-6000-puffs-iget-australia.jpg,,,,1,1764,,https://igetaustralia.com/product/higo-pro-mix-5-in-1-red-edition-6000-puffs/,igetaustralia.com,1769673311,default,65,{},"Higo PRO MIX 5 IN 1 - RED EDITION - 6000 PUFFS",
5603,,"HQD BOX BLACK ICE – 4000 PUFFS",,,"HQD vape > HQD BOX 4000",http://aussievapes.com.au/wp-content/uploads/2026/01/hqd-box-black-ice-4000-puffs-iget-australia.jpeg,,"Brands > HQD vape",,1,1762,,https://igetaustralia.com/product/hqd-box-black-ice-4000-puffs/,igetaustralia.com,1767778803,default,78,{},"HQD BOX BLACK ICE – 4000 PUFFS",157
5604,,"HQD BOX BANANA ICE – 4000 PUFFS",,,"HQD vape > HQD BOX 4000",http://aussievapes.com.au/wp-content/uploads/2026/01/hqd-box-banana-ice-4000-puffs-iget-australia.jpeg,,"Brands > HQD vape",,1,1763,,https://igetaustralia.com/product/hqd-box-banana-ice-4000-puffs/,igetaustralia.com,1767778804,default,78,{},"HQD BOX BANANA ICE – 4000 PUFFS",157
5607,,"HQD BOX BLUEBERRY – 4000 PUFFS",,,"HQD vape > HQD BOX 4000",http://aussievapes.com.au/wp-content/uploads/2026/01/hqd-box-blueberry-4000-puffs-iget-australia.jpeg,,"Brands > HQD vape",,1,1761,,https://igetaustralia.com/product/hqd-box-blueberry-4000-puffs/,igetaustralia.com,1767778808,default,78,{},"HQD BOX BLUEBERRY – 4000 PUFFS",157
5608,,"HQD BOX BLUE RASPBERRY LEMONADE – 4000 PUFFS",,,"HQD vape > HQD BOX 4000",http://aussievapes.com.au/wp-content/uploads/2026/01/hqd-box-blue-raspberry-lemonade-4000-puffs-iget-australia.jpeg,,"Brands > HQD vape",,1,1759,,https://igetaustralia.com/product/hqd-box-blue-raspberry-lemonade-4000-puffs/,igetaustralia.com,1769681288,default,74,{},"HQD BOX BLUE RASPBERRY LEMONADE – 4000 PUFFS",157
5609,,"HQD BOX APPLE PEACH – 4000 PUFFS",,,"HQD vape > HQD BOX 4000",http://aussievapes.com.au/wp-content/uploads/2026/01/hqd-box-apple-peach-4000-puffs-iget-australia.png,,"Brands > HQD vape",,1,1760,,https://igetaustralia.com/product/hqd-box-apple-peach-4000-puffs/,igetaustralia.com,1767778809,default,78,{},"HQD BOX APPLE PEACH – 4000 PUFFS",157
5613,,"HQD BOX FROZEN STRAWBERRY CREAM – 4000 PUFFS",,,"HQD vape > HQD BOX 4000",http://aussievapes.com.au/wp-content/uploads/2026/01/hqd-box-frozen-strawberry-cream-4000-puffs-iget-australia.jpeg,,"Brands > HQD vape",,1,1758,,https://igetaustralia.com/product/hqd-box-frozen-strawberry-cream-4000-puffs/,igetaustralia.com,1778342518,default,74,{},"HQD BOX FROZEN STRAWBERRY CREAM – 4000 PUFFS",157
5614,,"HQD BOX GRAPEY – 4000 PUFFS",,,"HQD vape > HQD BOX 4000",http://aussievapes.com.au/wp-content/uploads/2026/01/hqd-box-grapey-4000-puffs-iget-australia.jpeg,,"Brands > HQD vape",,1,1756,,https://igetaustralia.com/product/hqd-box-grapey-4000-puffs/,igetaustralia.com,1767778813,default,78,{},"HQD BOX GRAPEY – 4000 PUFFS",157
5615,,"HQD BOX FROZEN MIXED BERRIES – 4000 PUFFS",,,"HQD vape > HQD BOX 4000",http://aussievapes.com.au/wp-content/uploads/2026/01/hqd-box-frozen-mixed-berries-4000-puffs-iget-australia.jpeg,,"Brands > HQD vape",,1,1757,,https://igetaustralia.com/product/hqd-box-frozen-mixed-berries-4000-puffs/,igetaustralia.com,1767778813,default,74,{},"HQD BOX FROZEN MIXED BERRIES – 4000 PUFFS",157
5617,,"HQD BOX GREEN APPLE KIWI ICE – 4000 PUFFS",,,"HQD vape > HQD BOX 4000",http://aussievapes.com.au/wp-content/uploads/2026/01/hqd-box-green-apple-kiwi-ice-4000-puffs-iget-australia.jpeg,,"Brands > HQD vape",,1,1755,,https://igetaustralia.com/product/hqd-box-green-apple-kiwi-ice-4000-puffs/,igetaustralia.com,1767778816,default,74,{},"HQD BOX GREEN APPLE KIWI ICE – 4000 PUFFS",157
5619,,"HQD BOX ICE COLA – 4000 PUFFS",,,"HQD vape > HQD BOX 4000",http://aussievapes.com.au/wp-content/uploads/2026/01/hqd-box-ice-cola-4000-puffs-iget-australia.jpeg,,"Brands > HQD vape",,1,1754,,https://igetaustralia.com/product/hqd-box-ice-cola-4000-puffs/,igetaustralia.com,1769795307,default,78,{},"HQD BOX ICE COLA – 4000 PUFFS",157
5621,,"HQD BOX KIWI STRAWBERRY ICE – 4000 PUFFS",,,"HQD vape > HQD BOX 4000",http://aussievapes.com.au/wp-content/uploads/2026/01/hqd-box-kiwi-strawberry-ice-4000-puffs-iget-australia.jpeg,,"Brands > HQD vape",,1,1753,,https://igetaustralia.com/product/hqd-box-kiwi-strawberry-ice-4000-puffs/,igetaustralia.com,1767778825,default,74,{},"HQD BOX KIWI STRAWBERRY ICE – 4000 PUFFS",157
5623,,"HQD BOX LUSH ICE – 4000 PUFFS | IGET Australia",,,"HQD vape > HQD BOX 4000",http://aussievapes.com.au/wp-content/uploads/2026/01/hqd-box-lush-ice-4000-puffs-iget-australia.jpeg,,,,1,1752,,https://igetaustralia.com/product/hqd-box-lush-ice-4000-puffs/,igetaustralia.com,1767778829,,,,,
5625,,"HQD BOX PASSION FRUIT – 4000 PUFFS",,,"HQD vape > HQD BOX 4000",http://aussievapes.com.au/wp-content/uploads/2026/01/hqd-box-passion-fruit-4000-puffs-iget-australia.jpeg,,"Brands > HQD vape",,1,1751,,https://igetaustralia.com/product/hqd-box-passion-fruit-4000-puffs/,igetaustralia.com,1767778831,default,79,{},"HQD BOX PASSION FRUIT – 4000 PUFFS",157
5627,,"HQD BOX PEACH ICE – 4000 PUFFS",,,"HQD vape > HQD BOX 4000",http://aussievapes.com.au/wp-content/uploads/2026/01/hqd-box-peach-ice-4000-puffs-iget-australia.jpeg,,"Brands > HQD vape",,1,1750,,https://igetaustralia.com/product/hqd-box-peach-ice-4000-puffs/,igetaustralia.com,1767778836,default,78,{},"HQD BOX PEACH ICE – 4000 PUFFS",157
5629,,"HQD BOX PINEAPPLE ICE – 4000 PUFFS",,,"HQD vape > HQD BOX 4000",http://aussievapes.com.au/wp-content/uploads/2026/01/hqd-box-pineapple-ice-4000-puffs-iget-australia.jpeg,,"Brands > HQD vape",,1,1749,,https://igetaustralia.com/product/hqd-box-pineapple-ice-4000-puffs/,igetaustralia.com,1767778839,default,78,{},"HQD BOX PINEAPPLE ICE – 4000 PUFFS",157
5631,,"HQD BOX STRAWBERRY BANANA – 4000 PUFFS",,,"HQD vape > HQD BOX 4000",http://aussievapes.com.au/wp-content/uploads/2026/01/hqd-box-strawberry-banana-4000-puffs-iget-australia.jpeg,,"Brands > HQD vape",,1,1748,,https://igetaustralia.com/product/hqd-box-strawberry-banana-4000-puffs/,igetaustralia.com,1767778843,default,78,{},"HQD BOX STRAWBERRY BANANA – 4000 PUFFS",157
5633,,"HQD BOX STRAWBERRY WATERMELON – 4000 PUFFS",,,"HQD vape > HQD BOX 4000",http://aussievapes.com.au/wp-content/uploads/2026/01/hqd-box-strawberry-watermelon-4000-puffs-iget-australia.jpeg,,"Brands > HQD vape",,1,1747,,https://igetaustralia.com/product/hqd-box-strawberry-watermelon-4000-puffs/,igetaustralia.com,1767778845,default,74,{},"HQD BOX STRAWBERRY WATERMELON – 4000 PUFFS",157
5635,,"HQD BOX TROPICAL MANGO – 4000 PUFFS",,,"HQD vape > HQD BOX 4000",http://aussievapes.com.au/wp-content/uploads/2026/01/hqd-box-tropical-mango-4000-puffs-iget-australia.jpeg,,"Brands > HQD vape",,1,1746,,https://igetaustralia.com/product/hqd-box-tropical-mango-4000-puffs/,igetaustralia.com,1767778849,default,78,{},"HQD BOX TROPICAL MANGO – 4000 PUFFS",157
5637,,"HQD BOX WATERMELON – 4000 PUFFS",,,"HQD vape > HQD BOX 4000",http://aussievapes.com.au/wp-content/uploads/2026/01/hqd-box-watermelon-4000-puffs-iget-australia.jpeg,,"Brands > HQD vape",,1,1745,,https://igetaustralia.com/product/hqd-box-watermelon-4000-puffs/,igetaustralia.com,1767778852,default,78,{},"HQD BOX WATERMELON – 4000 PUFFS",157
5639,,"HQD BOX BLUE RASPBERRY KIWI LEMONADE – 4000 PUFFS",,,"HQD vape > HQD BOX 4000",http://aussievapes.com.au/wp-content/uploads/2026/01/hqd-box-blue-raspberry-kiwi-lemonade-4000-puffs-iget-australia.jpeg,,"Brands > HQD vape",,1,1744,,https://igetaustralia.com/product/hqd-box-blue-raspberry-kiwi-lemonade-4000-puffs/,igetaustralia.com,1769755731,default,74,{},"HQD BOX BLUE RASPBERRY KIWI LEMONADE – 4000 PUFFS",157
5641,,"HQD BOX FROZEN WATERMELON RASPBERRY – 4000 PUFFS",,,"HQD vape > HQD BOX 4000",http://aussievapes.com.au/wp-content/uploads/2026/01/hqd-box-frozen-watermelon-raspberry-4000-puffs-iget-australia.jpeg,,"Brands > HQD vape",,1,1743,,https://igetaustralia.com/product/frozen-watermelon-raspberry/,igetaustralia.com,1767778864,default,74,{},"HQD BOX FROZEN WATERMELON RASPBERRY – 4000 PUFFS",157
5643,,"HQD BOX FRESH BERRIES – 4000 PUFFS",,,"HQD vape > HQD BOX 4000",http://aussievapes.com.au/wp-content/uploads/2026/01/hqd-box-fresh-berries-4000-puffs-iget-australia.jpeg,,"Brands > HQD vape",,1,1742,,https://igetaustralia.com/product/fresh-berries/,igetaustralia.com,1767778867,default,78,{},"HQD BOX FRESH BERRIES – 4000 PUFFS",157
5645,,"HQD BOX KIWI POMEGRANATE – 4000 PUFFS",,,"HQD vape > HQD BOX 4000",http://aussievapes.com.au/wp-content/uploads/2026/01/hqd-box-kiwi-pomegranate-4000-puffs-iget-australia.jpeg,,"Brands > HQD vape",,1,1741,,https://igetaustralia.com/product/hqd-box-kiwi-pomegranate-4000-puffs/,igetaustralia.com,1767778868,default,78,{},"HQD BOX KIWI POMEGRANATE – 4000 PUFFS",157
5646,,"HQD BOX KIWI DOUBLE APPLE – 4000 PUFFS",,,"HQD vape > HQD BOX 4000",,,"Brands > HQD vape",,1,1740,,https://igetaustralia.com/product/hqd-box-kiwi-double-apple-4000-puffs/,igetaustralia.com,1767778873,default,76,{},"HQD BOX KIWI DOUBLE APPLE – 4000 PUFFS",157
5648,,"HQD BOX STRAWBERRY WATERMELON BUBBLE GUM – 4000 PUFF",,,"HQD vape > HQD BOX 4000",http://aussievapes.com.au/wp-content/uploads/2026/01/hqd-box-strawberry-watermelon-bubble-gum-4000-puffs-iget-australia.jpeg,,"Brands > HQD vape",,1,1739,,https://igetaustralia.com/product/hqd-box-strawberry-watermelon-bubble-gum-4000-puffs/,igetaustralia.com,1769707468,default,74,{},"HQD BOX STRAWBERRY WATERMELON BUBBLE GUM – 4000 PUFF",157
5652,,"HQD CUVIE PLUS BLUEBERRY RASPBERRY – 1200 PUFFS",,,"HQD vape > HQD CUVIE PLUS 1200",http://aussievapes.com.au/wp-content/uploads/2026/01/hqd-cuvie-plus-blueberry-raspberry-1200-puffs-iget-australia.png,,"Brands > HQD vape",,1,1736,,https://igetaustralia.com/product/hqd-cuvie-plus-blueberry-raspberry-1200-puffs/,igetaustralia.com,1767778954,default,74,{},"HQD CUVIE PLUS BLUEBERRY RASPBERRY – 1200 PUFFS",157
5653,,"HQD CUVIE PLUS BLUEBERRY – 1200 PUFFS",,,"HQD vape > HQD CUVIE PLUS 1200",http://aussievapes.com.au/wp-content/uploads/2026/01/hqd-cuvie-plus-blueberry-1200-puffs-iget-australia.png,,"Brands > HQD vape",,1,1737,,https://igetaustralia.com/product/hqd-cuvie-plus-blueberry-1200-puffs/,igetaustralia.com,1767778954,default,78,{},"HQD CUVIE PLUS BLUEBERRY – 1200 PUFFS",157
5654,,"HQD CUVIE PLUS APPLE PEACH – 1200 PUFFS",,,"HQD vape > HQD CUVIE PLUS 1200",http://aussievapes.com.au/wp-content/uploads/2026/01/hqd-cuvie-plus-apple-peach-1200-puffs-iget-australia.png,,"Brands > HQD vape",,1,1738,,https://igetaustralia.com/product/hqd-cuvie-plus-apple-peach-1200-puffs/,igetaustralia.com,1767778954,default,78,{},"HQD CUVIE PLUS APPLE PEACH – 1200 PUFFS",157
5657,,"HQD CUVIE PLUS LYCHEE ICE – 1200 PUFFS",,,"HQD vape > HQD CUVIE PLUS 1200",http://aussievapes.com.au/wp-content/uploads/2026/01/hqd-cuvie-plus-lychee-ice-1200-puffs-iget-australia.png,,"Brands > HQD vape",,1,1734,,https://igetaustralia.com/product/hqd-cuvie-plus-lychee-ice-1200-puffs/,igetaustralia.com,1767778957,default,78,{},"HQD CUVIE PLUS LYCHEE ICE – 1200 PUFFS",157
5658,,"HQD CUVIE PLUS MANGO – 1200 PUFFS",,,"HQD vape > HQD CUVIE PLUS 1200",http://aussievapes.com.au/wp-content/uploads/2026/01/hqd-cuvie-plus-mango-1200-puffs-iget-australia.png,,"Brands > HQD vape",,1,1735,,https://igetaustralia.com/product/hqd-cuvie-plus-mango-1200-puffs/,igetaustralia.com,1769686937,default,78,{},"HQD CUVIE PLUS MANGO – 1200 PUFFS",157
5660,,"HQD CUVIE PLUS RED ICE – 1200 PUFFS",,,"HQD vape > HQD CUVIE PLUS 1200",http://aussievapes.com.au/wp-content/uploads/2026/01/hqd-cuvie-plus-red-ice-1200-puffs-iget-australia.jpeg,,"Brands > HQD vape",,1,1733,,https://igetaustralia.com/product/hqd-cuvie-plus-red-ice-1200-puffs/,igetaustralia.com,1769696909,default,78,{},"HQD CUVIE PLUS RED ICE – 1200 PUFFS",157
5662,,"HQD CUVIE PLUS CANDY – 1200 PUFFS",,,"HQD vape > HQD CUVIE PLUS 1200",http://aussievapes.com.au/wp-content/uploads/2026/01/hqd-cuvie-plus-candy-1200-puffs-iget-australia.jpg,,"Brands > HQD vape",,1,1732,,https://igetaustralia.com/product/hqd-cuvie-plus-candy-1200-puffs/,igetaustralia.com,1767778962,default,78,{},"HQD CUVIE PLUS CANDY – 1200 PUFFS",157
5664,,"HQD CUVIE PLUS MANGO GUAVA – 1200 PUFFS",,,"HQD vape > HQD CUVIE PLUS 1200",http://aussievapes.com.au/wp-content/uploads/2026/01/hqd-cuvie-plus-mango-guava-1200-puffs-iget-australia.jpeg,,"Brands > HQD vape",,1,1731,,https://igetaustralia.com/product/hqd-cuvie-plus-mango-guava-1200-puffs/,igetaustralia.com,1767778964,default,78,{},"HQD CUVIE PLUS MANGO GUAVA – 1200 PUFFS",157
5666,,"HQD CUVIE PLUS APPLE CRUSH – 1200 PUFFS",,,"HQD vape > HQD CUVIE PLUS 1200",http://aussievapes.com.au/wp-content/uploads/2026/01/hqd-cuvie-plus-apple-crush-1200-puffs-iget-australia.jpeg,,"Brands > HQD vape",,1,1730,,https://igetaustralia.com/product/hqd-cuvie-plus-apple-crush-1200-puffs/,igetaustralia.com,1767778969,default,79,{},"HQD CUVIE PLUS APPLE CRUSH – 1200 PUFFS",157
5667,,"HQD CUVIE PLUS PEACH ICE – 1200 PUFFS",,,"HQD vape > HQD CUVIE PLUS 1200",,,"Brands > HQD vape",,1,1729,,https://igetaustralia.com/product/hqd-cuvie-plus-peach-ice-1200-puffs/,igetaustralia.com,1767778973,default,75,{},"HQD CUVIE PLUS PEACH ICE – 1200 PUFFS",157
5669,,"HQD CUVIE PLUS STRAWBERRY BANANA – 1200 PUFFS",,,"HQD vape > HQD CUVIE PLUS 1200",http://aussievapes.com.au/wp-content/uploads/2026/01/hqd-cuvie-plus-strawberry-banana-1200-puffs-iget-australia.png,,"Brands > HQD vape",,1,1728,,https://igetaustralia.com/product/hqd-cuvie-plus-strawberry-banana-1200-puffs/,igetaustralia.com,1769698348,default,74,{},"HQD CUVIE PLUS STRAWBERRY BANANA – 1200 PUFFS",157
5671,,"HQD CUVIE PLUS PINK LEMON – 1200 PUFFS",,,"HQD vape > HQD CUVIE PLUS 1200",http://aussievapes.com.au/wp-content/uploads/2026/01/hqd-cuvie-plus-pink-lemon-1200-puffs-iget-australia.jpeg,,"Brands > HQD vape",,1,1727,,https://igetaustralia.com/product/hqd-cuvie-plus-pink-lemon-1200-puffs/,igetaustralia.com,1767778986,default,78,{},"HQD CUVIE PLUS PINK LEMON – 1200 PUFFS",157
5673,,"HQD CUVIE PLUS RAINBOW – 1200 PUFFS",,,"HQD vape > HQD CUVIE PLUS 1200",http://aussievapes.com.au/wp-content/uploads/2026/01/hqd-cuvie-plus-rainbow-1200-puffs-iget-australia.jpeg,,"Brands > HQD vape",,1,1726,,https://igetaustralia.com/product/hqd-cuvie-plus-rainbow-1200-puffs/,igetaustralia.com,1769698052,default,78,{},"HQD CUVIE PLUS RAINBOW – 1200 PUFFS",157
5674,,"HQD CUVIE PLUS MIXED FRUIT – 1200 PUFFS",,,"HQD vape > HQD CUVIE PLUS 1200",,,"Brands > HQD vape",,1,1725,,https://igetaustralia.com/product/hqd-cuvie-plus-mixed-fruit-1200-puffs/,igetaustralia.com,1767778993,default,75,{},"HQD CUVIE PLUS MIXED FRUIT – 1200 PUFFS",157
5675,,"HQD CUVIE PLUS MANGO PEACH – 1200 PUFFS",,,"HQD vape > HQD CUVIE PLUS 1200",,,"Brands > HQD vape",,1,1724,,https://igetaustralia.com/product/hqd-cuvie-plus-mango-peach-1200-puffs/,igetaustralia.com,1769682324,default,70,{},"HQD CUVIE PLUS MANGO PEACH – 1200 PUFFS",157
5676,,"HQD CUVIE PLUS BUBBLE WATER – 1200 PUFFS",,,"HQD vape > HQD CUVIE PLUS 1200",,,"Brands > HQD vape",,1,1723,,https://igetaustralia.com/product/hqd-cuvie-plus-bubble-water-1200-puffs/,igetaustralia.com,1767778999,default,70,{},"HQD CUVIE PLUS BUBBLE WATER – 1200 PUFFS",157
5678,,"HQD CUVIE PLUS KIWI STRAWBERRY – 1200 PUFFS",,,"HQD vape > HQD CUVIE PLUS 1200",http://aussievapes.com.au/wp-content/uploads/2026/01/hqd-cuvie-plus-kiwi-strawberry-1200-puffs-iget-australia.jpeg,,"Brands > HQD vape",,1,1722,,https://igetaustralia.com/product/hqd-cuvie-plus-kiwi-strawberry-1200-puffs/,igetaustralia.com,1767779003,default,74,{},"HQD CUVIE PLUS KIWI STRAWBERRY – 1200 PUFFS",157
5680,,"HQD CUVIE PLUS STRAWBERRY WATERMELON – 1200 PUFFS",,,"HQD vape > HQD CUVIE PLUS 1200",http://aussievapes.com.au/wp-content/uploads/2026/01/hqd-cuvie-plus-strawberry-watermelon-1200-puffs-iget-australia.jpg,,"Brands > HQD vape",,1,1721,,https://igetaustralia.com/product/hqd-cuvie-plus-strawberry-watermelon-1200-puffs/,igetaustralia.com,1767779007,default,74,{},"HQD CUVIE PLUS STRAWBERRY WATERMELON – 1200 PUFFS",157
5681,,"HQD CUVIE PLUS MANGO PEACH – 1200 PUFFS",,,"HQD vape > HQD CUVIE PLUS 1200",,,"Brands > HQD vape",,1,1720,,https://igetaustralia.com/product/hqd-cuvie-plus-mango-peach-1200-puffs-2/,igetaustralia.com,1767779010,default,75,{},"HQD CUVIE PLUS MANGO PEACH – 1200 PUFFS",157
5683,,"HQD CUVIE PLUS BLACK ICE – 1200 PUFFS",,,"HQD vape > HQD CUVIE PLUS 1200",http://aussievapes.com.au/wp-content/uploads/2026/01/hqd-cuvie-plus-black-ice-1200-puffs-iget-australia.png,,"Brands > HQD vape",,1,1719,,https://igetaustralia.com/product/hqd-cuvie-plus-black-ice-1200-puffs/,igetaustralia.com,1769697646,default,78,{},"HQD CUVIE PLUS BLACK ICE – 1200 PUFFS",157
5685,,"HQD CUVIE PLUS GRAPE – 1200 PUFFS",,,"HQD vape > HQD CUVIE PLUS 1200",http://aussievapes.com.au/wp-content/uploads/2026/01/hqd-cuvie-plus-grape-1200-puffs-iget-australia.png,,"Brands > HQD vape",,1,1718,,https://igetaustralia.com/product/hqd-cuvie-plus-grape-1200-puffs/,igetaustralia.com,1767779022,default,78,{},"HQD CUVIE PLUS GRAPE – 1200 PUFFS",157
5687,,"HQD CUVIE PLUS LUSH ICE – 1200 PUFFS",,,"HQD vape > HQD CUVIE PLUS 1200",http://aussievapes.com.au/wp-content/uploads/2026/01/hqd-cuvie-plus-lush-ice-1200-puffs-iget-australia.png,,"Brands > HQD vape",,1,1717,,https://igetaustralia.com/product/hqd-cuvie-plus-lush-ice-1200-puffs/,igetaustralia.com,1767779026,default,78,{},"HQD CUVIE PLUS LUSH ICE – 1200 PUFFS",157
5689,,"HQD CUVIE PLUS MINT – 1200 PUFFS",,,"HQD vape > HQD CUVIE PLUS 1200",http://aussievapes.com.au/wp-content/uploads/2026/01/hqd-cuvie-plus-mint-1200-puffs-iget-australia.png,,"Brands > HQD vape",,1,1716,,https://igetaustralia.com/product/hqd-cuvie-plus-mint-1200-puffs/,igetaustralia.com,1767779030,default,78,{},"HQD CUVIE PLUS MINT – 1200 PUFFS",157
5691,,"HQD CUVIE PLUS POD ORANGE GUAVA – 1200 PUFFS",,,"HQD vape > HQD CUVIE PLUS 1200",http://aussievapes.com.au/wp-content/uploads/2026/01/hqd-cuvie-plus-pod-orange-guava-1200-puffs-iget-australia.png,,"Brands > HQD vape",,1,1715,,https://igetaustralia.com/product/hqd-cuvie-plus-pod-orange-guava-1200-puffs/,igetaustralia.com,1767779032,default,74,{},"HQD CUVIE PLUS POD ORANGE GUAVA – 1200 PUFFS",157
5693,,"HQD CUVIE PLUS PINEAPPLE ICE – 1200 PUFFS",,,"HQD vape > HQD CUVIE PLUS 1200",http://aussievapes.com.au/wp-content/uploads/2026/01/hqd-cuvie-plus-pineapple-ice-1200-puffs-iget-australia.png,,"Brands > HQD vape",,1,1714,,https://igetaustralia.com/product/hqd-cuvie-plus-pineapple-ice-1200-puffs/,igetaustralia.com,1767779036,default,74,{},"HQD CUVIE PLUS PINEAPPLE ICE – 1200 PUFFS",157
5695,,"HQD CUVIE PLUS FRUIT FUSION – 1200 PUFFS",,,"HQD vape > HQD CUVIE PLUS 1200",http://aussievapes.com.au/wp-content/uploads/2026/01/hqd-cuvie-plus-fruit-fusion-1200-puffs-iget-australia.jpg,,"Brands > HQD vape",,1,1713,,https://igetaustralia.com/product/hqd-cuvie-plus-fruit-fusion-1200-puffs/,igetaustralia.com,1767779038,default,74,{},"HQD CUVIE PLUS FRUIT FUSION – 1200 PUFFS",157
5697,,"HQD CUVIE PLUS CANTALOUPE – 1200 PUFFS",,,"HQD vape > HQD CUVIE PLUS 1200",http://aussievapes.com.au/wp-content/uploads/2026/01/hqd-cuvie-plus-cantaloupe-1200-puffs-iget-australia.jpeg,,"Brands > HQD vape",,1,1712,,https://igetaustralia.com/product/hqd-cuvie-plus-cantaloupe-1200-puffs/,igetaustralia.com,1767779043,default,78,{},"HQD CUVIE PLUS CANTALOUPE – 1200 PUFFS",157
5699,,"HQD CUVIE PLUS MELON ICE – 1200 PUFFS",,,"HQD vape > HQD CUVIE PLUS 1200",http://aussievapes.com.au/wp-content/uploads/2026/01/hqd-cuvie-plus-melon-ice-1200-puffs-iget-australia.jpeg,,"Brands > HQD vape",,1,1711,,https://igetaustralia.com/product/hqd-cuvie-plus-melon-ice-1200-puffs/,igetaustralia.com,1767779045,default,78,{},"HQD CUVIE PLUS MELON ICE – 1200 PUFFS",157
5701,,"HQD CUVIE PLUS PINA COLADA – 1200 PUFFS",,,"HQD vape > HQD CUVIE PLUS 1200",http://aussievapes.com.au/wp-content/uploads/2026/01/hqd-cuvie-plus-pina-colada-1200-puffs-iget-australia.jpeg,,"Brands > HQD vape",,1,1710,,https://igetaustralia.com/product/hqd-cuvie-plus-pina-colada-1200-puffs/,igetaustralia.com,1767779053,default,78,{},"HQD CUVIE PLUS PINA COLADA – 1200 PUFFS",157
5703,,"HQD CUVIE PLUS BUBBLEWATER – 1200 PUFFS",,,"HQD vape > HQD CUVIE PLUS 1200",http://aussievapes.com.au/wp-content/uploads/2026/01/hqd-cuvie-plus-bubblewater-1200-puffs-iget-australia.jpeg,,"Brands > HQD vape",,1,1709,,https://igetaustralia.com/product/hqd-cuvie-plus-bubblewater-1200-puffs/,igetaustralia.com,1767779053,default,73,{},"HQD CUVIE PLUS BUBBLEWATER – 1200 PUFFS",157
5704,,"HQD CUVIE PLUS MIAMI VICE – 1200 PUFFS",,,"HQD vape > HQD CUVIE PLUS 1200",,,"Brands > HQD vape",,1,1708,,https://igetaustralia.com/product/hqd-cuvie-plus-miami-vice-1200-puffs/,igetaustralia.com,1767779059,default,75,{},"HQD CUVIE PLUS MIAMI VICE – 1200 PUFFS",157
5706,,"HQD CUVIE PLUS – 1200 PUFFS – 3 PACK",,,"HQD vape > HQD CUVIE PLUS 1200",http://aussievapes.com.au/wp-content/uploads/2026/01/hqd-cuvie-plus-1200-puffs-3-pack-iget-australia.png,,"Brands > HQD vape",,1,1707,,https://igetaustralia.com/product/hqd-cuvie-plus-1200-puffs-3-pack/,igetaustralia.com,1767779064,default,69,{},"HQD CUVIE PLUS – 1200 PUFFS – 3 PACK",157
5708,,"HQD CUVIE PLUS – 1200 PUFFS – 5 PACK",,,"HQD vape > HQD CUVIE PLUS 1200",http://aussievapes.com.au/wp-content/uploads/2026/01/hqd-cuvie-plus-1200-puffs-5-pack-iget-australia.png,,"Brands > HQD vape",,1,1706,,https://igetaustralia.com/product/hqd-cuvie-plus-1200-puffs-5-pack/,igetaustralia.com,1767779068,default,69,{},"HQD CUVIE PLUS – 1200 PUFFS – 5 PACK",157
5710,,"HQD CUVIE PLUS – 1200 PUFFS – 10 PACK",,,"HQD vape > HQD CUVIE PLUS 1200",http://aussievapes.com.au/wp-content/uploads/2026/01/hqd-cuvie-plus-1200-puffs-10-pack-iget-australia.png,,"Brands > HQD vape",,1,1705,,https://igetaustralia.com/product/hqd-cuvie-plus-1200-puffs-10-pack/,igetaustralia.com,1767779071,default,69,{},"HQD CUVIE PLUS – 1200 PUFFS – 10 PACK",157
5712,,"HQD CUVIE PLUS – 1200 PUFFS – 20 PACK",,,"HQD vape > HQD CUVIE PLUS 1200",http://aussievapes.com.au/wp-content/uploads/2026/01/hqd-cuvie-plus-1200-puffs-20-pack-iget-australia.png,,"Brands > HQD vape",,1,1704,,https://igetaustralia.com/product/hqd-cuvie-plus-1200-puffs-20-pack/,igetaustralia.com,1767779074,default,69,{},"HQD CUVIE PLUS – 1200 PUFFS – 20 PACK",157
5714,,"HQD CUVIE PLUS – 1200 PUFFS – 50 PACK",,,"HQD vape > HQD CUVIE PLUS 1200",http://aussievapes.com.au/wp-content/uploads/2026/01/hqd-cuvie-plus-1200-puffs-50-pack-iget-australia.png,,"Brands > HQD vape",,1,1703,,https://igetaustralia.com/product/hqd-cuvie-plus-1200-puffs-50-pack/,igetaustralia.com,1767779078,default,64,{},"HQD CUVIE PLUS – 1200 PUFFS – 50 PACK",157
5718,,"HQD MAXX APPLE PEACH - 2500 PUFFS",,,"HQD vape > HQD MAXX 2500",http://aussievapes.com.au/wp-content/uploads/2026/01/hqd-maxx-apple-peach-2500-puffs-iget-australia.jpg,,"Brands > HQD vape",,1,1700,,https://igetaustralia.com/product/hqd-maxx-apple-peach-2500-puffs/,igetaustralia.com,1767779190,default,78,{},"HQD MAXX APPLE PEACH - 2500 PUFFS",157
5719,,"HQD MAXX GRAPE - 2500 PUFFS",,,"HQD vape > HQD MAXX 2500",http://aussievapes.com.au/wp-content/uploads/2026/01/hqd-maxx-grape-2500-puffs-iget-australia.jpg,,"Brands > HQD vape",,1,1701,,https://igetaustralia.com/product/hqd-maxx-grape-2500-puffs/,igetaustralia.com,1767779190,default,78,{},"HQD MAXX GRAPE - 2500 PUFFS",157
5720,,"HQD MAXX STRAWBERRY - 2500 PUFFS",,,"HQD vape > HQD MAXX 2500",http://aussievapes.com.au/wp-content/uploads/2026/01/hqd-maxx-strawberry-2500-puffs-iget-australia.jpg,,"Brands > HQD vape",,1,1702,,https://igetaustralia.com/product/hqd-maxx-strawberry-2500-puffs/,igetaustralia.com,1767779190,default,78,{},"HQD MAXX STRAWBERRY - 2500 PUFFS",157
5722,,"HQD MAXX PASSIONFRUIT - 2500 PUFFS",,,"HQD vape > HQD MAXX 2500",http://aussievapes.com.au/wp-content/uploads/2026/01/hqd-maxx-passionfruit-2500-puffs-iget-australia.jpg,,"Brands > HQD vape",,1,1699,,https://igetaustralia.com/product/hqd-maxx-passionfruit-2500-puffs/,igetaustralia.com,1767779194,default,78,{},"HQD MAXX PASSIONFRUIT - 2500 PUFFS",157
5724,,"HQD MAXX ICE COLA - 2500 PUFFS",,,"HQD vape > HQD MAXX 2500",http://aussievapes.com.au/wp-content/uploads/2026/01/hqd-maxx-ice-cola-2500-puffs-iget-australia.jpg,,"Brands > HQD vape",,1,1698,,https://igetaustralia.com/product/hqd-maxx-ice-cola-2500-puffs/,igetaustralia.com,1767779195,default,78,{},"HQD MAXX ICE COLA - 2500 PUFFS",157
5726,,"HQD MAXX BLUE RAZZ - 2500 PUFFS",,,"HQD vape > HQD MAXX 2500",http://aussievapes.com.au/wp-content/uploads/2026/01/hqd-maxx-blue-razz-2500-puffs-iget-australia.jpg,,"Brands > HQD vape",,1,1697,,https://igetaustralia.com/product/hqd-maxx-blue-razz-2500-puffs/,igetaustralia.com,1767779199,default,78,{},"HQD MAXX BLUE RAZZ - 2500 PUFFS",157
5728,,"HQD MAXX PINEAPPLE - 2500 PUFFS",,,"HQD vape > HQD MAXX 2500",http://aussievapes.com.au/wp-content/uploads/2026/01/hqd-maxx-pineapple-2500-puffs-iget-australia.jpg,,"Brands > HQD vape",,1,1696,,https://igetaustralia.com/product/hqd-maxx-pineapple-2500-puffs/,igetaustralia.com,1778355948,default,69,{},"HQD MAXX PINEAPPLE - 2500 PUFFS",157
5730,,"HQD MAXX STRAWBERRY KIWI- 2500 PUFFS",,,"HQD vape > HQD MAXX 2500",http://aussievapes.com.au/wp-content/uploads/2026/01/hqd-maxx-strawberry-kiwi-2500-puffs-iget-australia.jpg,,"Brands > HQD vape",,1,1695,,https://igetaustralia.com/product/hqd-maxx-strawberry-kiwi-2500-puffs/,igetaustralia.com,1767779207,default,78,{},"HQD MAXX STRAWBERRY KIWI- 2500 PUFFS",157
5732,,"HQD SLICK ICE MINT - 6000 PUFFS | IGET Australia",,,"HQD vape > HQD SLICK 6000",http://aussievapes.com.au/wp-content/uploads/2026/01/hqd-slick-ice-mint-6000-puffs-iget-australia.jpg,,,,1,1694,,https://igetaustralia.com/product/hqd-slick-ice-mint-6000-puffs/,igetaustralia.com,1767779293,,,,,
5734,,"HQD SLICK TOBACCO - 6000 PUFFS | IGET Australia",,,"HQD vape > HQD SLICK 6000",http://aussievapes.com.au/wp-content/uploads/2026/01/hqd-slick-tobacco-6000-puffs-iget-australia.jpg,,,,1,1692,,https://igetaustralia.com/product/hqd-slick-tobacco-6000-puffs/,igetaustralia.com,1767779294,,,,,
5736,,"HQD SLICK BLACK DRAGON - 6000 PUFFS | IGET Australia",,,"HQD vape > HQD SLICK 6000",http://aussievapes.com.au/wp-content/uploads/2026/01/hqd-slick-black-dragon-6000-puffs-iget-australia.jpg,,,,1,1693,,https://igetaustralia.com/product/hqd-slick-black-dragon-6000-puffs/,igetaustralia.com,1767779295,,,,,
5738,,"HQD SLICK BLACK ICE - 6000 PUFFS | IGET Australia",,,"HQD vape > HQD SLICK 6000",http://aussievapes.com.au/wp-content/uploads/2026/01/hqd-slick-black-ice-6000-puffs-iget-australia.jpg,,,,1,1691,,https://igetaustralia.com/product/hqd-slick-black-ice-6000-puffs/,igetaustralia.com,1767779296,,,,,
5740,,"HQD SLICK COLA - 6000 PUFFS | IGET Australia",,,"HQD vape > HQD SLICK 6000",http://aussievapes.com.au/wp-content/uploads/2026/01/hqd-slick-cola-6000-puffs-iget-australia.jpg,,,,1,1690,,https://igetaustralia.com/product/hqd-slick-cola-6000-puffs/,igetaustralia.com,1767779299,,,,,
5742,,"HQD SLICK STRAWBERRY WATERMELON - 6000 PUFFS | IGET Australia",,,"HQD vape > HQD SLICK 6000",http://aussievapes.com.au/wp-content/uploads/2026/01/hqd-slick-strawberry-watermelon-6000-puffs-iget-australia.png,,,,1,1689,,https://igetaustralia.com/product/hqd-slick-strawberry-watermelon-6000-puffs/,igetaustralia.com,1767779302,,,,,
5744,,"HQD SLICK BLUEBERRY LEMONADE - 6000 PUFFS",,,"HQD vape > HQD SLICK 6000",http://aussievapes.com.au/wp-content/uploads/2026/01/hqd-slick-blueberry-lemonade-6000-puffs-iget-australia.png,,"Brands > HQD vape",,1,1688,,https://igetaustralia.com/product/hqd-slick-blueberry-lemonade-6000-puffs/,igetaustralia.com,1767779306,default,70,{},"HQD SLICK BLUEBERRY LEMONADE - 6000 PUFFS",157
5746,,"HQD SLICK LEMON PASSIONFRUIT - 6000 PUFFS",,,"HQD vape > HQD SLICK 6000",http://aussievapes.com.au/wp-content/uploads/2026/01/hqd-slick-lemon-passionfruit-6000-puffs-iget-australia.png,,"Brands > HQD vape",,1,1687,,https://igetaustralia.com/product/hqd-slick-lemon-passionfruit-6000-puffs/,igetaustralia.com,1767779309,default,76,{},"HQD SLICK LEMON PASSIONFRUIT - 6000 PUFFS",157
5748,,"HQD SLICK STRAWBERRY KIWI - 6000 PUFFS",,,"HQD vape > HQD SLICK 6000",http://aussievapes.com.au/wp-content/uploads/2026/01/hqd-slick-strawberry-kiwi-6000-puffs-iget-australia.png,,"Brands > HQD vape",,1,1686,,https://igetaustralia.com/product/hqd-slick-strawberry-kiwi-6000-puffs/,igetaustralia.com,1767779312,default,80,{},"HQD SLICK STRAWBERRY KIWI - 6000 PUFFS",157
5750,,"HQD SLICK LEMON MINT - 6000 PUFFS",,,"HQD vape > HQD SLICK 6000",http://aussievapes.com.au/wp-content/uploads/2026/01/hqd-slick-lemon-mint-6000-puffs-iget-australia.png,,"Brands > HQD vape",,1,1685,,https://igetaustralia.com/product/hqd-slick-lemon-mint-6000-puffs/,igetaustralia.com,1767779315,default,75,{},"HQD SLICK LEMON MINT - 6000 PUFFS",157
5752,,"HQD SLICK BLACKBERRY LEMON- 6000 PUFFS",,,"HQD vape > HQD SLICK 6000",http://aussievapes.com.au/wp-content/uploads/2026/01/hqd-slick-blackberry-lemon-6000-puffs-iget-australia-e1767969678554.jpg,,"Brands > HQD vape",,1,1684,,https://igetaustralia.com/product/hqd-slick-blackberry-lemon-6000-puffs/,igetaustralia.com,1767779322,default,80,{},"HQD SLICK BLACKBERRY LEMON- 6000 PUFFS",157
5754,,"HQD SLICK MANGO HONEYDEW ICE- 6000 PUFFS",,,"HQD vape > HQD SLICK 6000",http://aussievapes.com.au/wp-content/uploads/2026/01/hqd-slick-mango-honeydew-ice-6000-puffs-iget-australia-e1767969710265.jpg,,"Brands > HQD vape",,1,1683,,https://igetaustralia.com/product/hqd-slick-mango-honeydew-ice-6000-puffs/,igetaustralia.com,1767779325,default,76,{},"HQD SLICK MANGO HONEYDEW ICE- 6000 PUFFS",157
5756,,"HQD SLICK GRAPEY- 6000 PUFFS",,,"HQD vape > HQD SLICK 6000",http://aussievapes.com.au/wp-content/uploads/2026/01/hqd-slick-grapey-6000-puffs-iget-australia-e1767969744447.jpg,,"Brands > HQD vape",,1,1682,,https://igetaustralia.com/product/hqd-slick-grapey-6000-puffs/,igetaustralia.com,1767779329,default,75,{},"HQD SLICK GRAPEY- 6000 PUFFS",157
5758,,"HQD SLICK CHERRY POMEGRANATE - 6000 PUFFS",,,"HQD vape > HQD SLICK 6000",http://aussievapes.com.au/wp-content/uploads/2026/01/hqd-slick-cherry-pomegranate-6000-puffs-iget-australia-e1767970321133.jpg,,"Brands > HQD vape",,1,1681,,https://igetaustralia.com/product/hqd-slick-cherry-pomegranate-6000-puffs/,igetaustralia.com,1767779332,default,76,{},"HQD SLICK CHERRY POMEGRANATE - 6000 PUFFS",157
5760,,"HQD SLICK GUAVA ICE - 6000 PUFFS",,,"HQD vape > HQD SLICK 6000",http://aussievapes.com.au/wp-content/uploads/2026/01/hqd-slick-guava-ice-6000-puffs-iget-australia-e1767970237878.jpg,,"Brands > HQD vape",,1,1680,,https://igetaustralia.com/product/hqd-slick-guava-ice-6000-puffs/,igetaustralia.com,1767779335,default,80,{},"HQD SLICK GUAVA ICE - 6000 PUFFS",157
5762,,"HQD SLICK BLACKBERRY CHERRY POMEGRANATE - 6000 PUFFS",,,"HQD vape > HQD SLICK 6000",http://aussievapes.com.au/wp-content/uploads/2026/01/hqd-slick-blackberry-cherry-pomegranate-6000-puffs-iget-australia-e1767970188244.jpg,,"Brands > HQD vape",,1,1679,,https://igetaustralia.com/product/hqd-slick-blackberry-cherry-pomegranate-6000-puffs/,igetaustralia.com,1769772180,default,76,{},"HQD SLICK BLACKBERRY CHERRY POMEGRANATE - 6000 PUFFS",157
5764,,"HQD SLICK KIWI PINEAPPLE - 6000 PUFFS",,,"HQD vape > HQD SLICK 6000",http://aussievapes.com.au/wp-content/uploads/2026/01/hqd-slick-kiwi-pineapple-6000-puffs-iget-australia-e1767970134661.jpg,,"Brands > HQD vape",,1,1678,,https://igetaustralia.com/product/hqd-slick-kiwi-pineapple-6000-puffs/,igetaustralia.com,1767779344,default,75,{},"HQD SLICK KIWI PINEAPPLE - 6000 PUFFS",157
5766,,"HQD SLICK RASPBERRY GRAPE - 6000 PUFFS",,,"HQD vape > HQD SLICK 6000",http://aussievapes.com.au/wp-content/uploads/2026/01/hqd-slick-raspberry-grape-6000-puffs-iget-australia-e1767970100333.jpg,,"Brands > HQD vape",,1,1677,,https://igetaustralia.com/product/hqd-slick-raspberry-grape-6000-puffs/,igetaustralia.com,1767779347,default,75,{},"HQD SLICK RASPBERRY GRAPE - 6000 PUFFS",157
5768,,"HQD SLICK BANANA PROMEGRANATE CHERRY - 6000 PUFFS",,,"HQD vape > HQD SLICK 6000",http://aussievapes.com.au/wp-content/uploads/2026/01/hqd-slick-banana-promegranate-cherry-6000-puffs-iget-australia-e1767970025804.jpg,,"Brands > HQD vape",,1,1676,,https://igetaustralia.com/product/hqd-slick-banana-promegranate-cherry-6000-puffs/,igetaustralia.com,1767779348,default,76,{},"HQD SLICK BANANA PROMEGRANATE CHERRY - 6000 PUFFS",157
5770,,"HQD SLICK PEACH BERRY - 6000 PUFFS",,,"HQD vape > HQD SLICK 6000",http://aussievapes.com.au/wp-content/uploads/2026/01/hqd-slick-peach-berry-6000-puffs-iget-australia.jpg,,"Brands > HQD vape",,1,1675,,https://igetaustralia.com/product/hqd-slick-peach-berry-6000-puffs/,igetaustralia.com,1767779353,default,80,{},"HQD SLICK PEACH BERRY - 6000 PUFFS",157
5772,,"HQD SLICK LUSH ICE - 6000 PUFFS",,,"HQD vape > HQD SLICK 6000",http://aussievapes.com.au/wp-content/uploads/2026/01/hqd-slick-lush-ice-6000-puffs-iget-australia.png,,"Brands > HQD vape",,1,1674,,https://igetaustralia.com/product/hqd-slick-lush-ice-6000-puffs/,igetaustralia.com,1767779360,default,71,{},"HQD SLICK LUSH ICE - 6000 PUFFS",157
5774,,"HQD SLICK KIWI LEMON - 6000 PUFFS",,,"HQD vape > HQD SLICK 6000",http://aussievapes.com.au/wp-content/uploads/2026/01/hqd-slick-kiwi-lemon-6000-puffs-iget-australia.png,,"Brands > HQD vape",,1,1673,,https://igetaustralia.com/product/hqd-slick-kiwi-lemon-6000-puffs/,igetaustralia.com,1769448268,default,71,{},"HQD SLICK KIWI LEMON - 6000 PUFFS",157
5776,,"HQD SLICK - 3 PACK- 6000 PUFFS",,,"HQD vape > HQD SLICK 6000",http://aussievapes.com.au/wp-content/uploads/2026/01/hqd-slick-3-pack-6000-puffs-iget-australia.jpg,,"Brands > HQD vape",,1,1672,,https://igetaustralia.com/product/hqd-slick-3-pack-6000-puffs/,igetaustralia.com,1767779368,default,69,{},"HQD SLICK - 3 PACK- 6000 PUFFS",157
5778,,"HQD SLICK - 5 PACK- 6000 PUFFS",,,"HQD vape > HQD SLICK 6000",http://aussievapes.com.au/wp-content/uploads/2026/01/hqd-slick-5-pack-6000-puffs-iget-australia.jpg,,"Brands > HQD vape",,1,1671,,https://igetaustralia.com/product/hqd-slick-5-pack-6000-puffs/,igetaustralia.com,1767779372,default,69,{},"HQD SLICK - 5 PACK- 6000 PUFFS",157
5780,,"HQD SLICK - 10 PACK- 6000 PUFFS",,,"HQD vape > HQD SLICK 6000",http://aussievapes.com.au/wp-content/uploads/2026/01/hqd-slick-10-pack-6000-puffs-iget-australia.jpg,,"Brands > HQD vape",,1,1670,,https://igetaustralia.com/product/hqd-slick-10-pack-6000-puffs/,igetaustralia.com,1767779375,default,69,{},"HQD SLICK - 10 PACK- 6000 PUFFS",157
5781,,"HQD SLICK - 20 PACK- 6000 PUFFS",,,"HQD vape > HQD SLICK 6000",,,,,1,1669,,https://igetaustralia.com/product/hqd-slick-20-pack-6000-puffs/,igetaustralia.com,1767779381,default,60,{},"HQD SLICK - 20 PACK- 6000 PUFFS",157
5784,,"IBUFF SHISHA - PEACH BLUEBERRY CANDY- 15000 PUFFS",,,IBUFF,http://aussievapes.com.au/wp-content/uploads/2026/01/ibuff-shisha-peach-blueberry-candy-15000-puffs-iget-australia-e1767971345573.jpg,,,,1,1666,,https://igetaustralia.com/product/ibuff-shisha-peach-blueberry-candy-15000-puffs/,igetaustralia.com,1767791838,default,74,{},"IBUFF SHISHA - PEACH BLUEBERRY CANDY- 15000 PUFFS",
5785,,"IBUFF SHISHA - KIWI STRAWBERRY - 15000 PUFFS",,,IBUFF,http://aussievapes.com.au/wp-content/uploads/2026/01/ibuff-shisha-kiwi-strawberry-15000-puffs-iget-australia-e1767971401584.jpg,,,,1,1667,,https://igetaustralia.com/product/ibuff-shisha-kiwi-strawberry-15000-puffs/,igetaustralia.com,1767791838,default,71,{},"IBUFF SHISHA - KIWI STRAWBERRY - 15000 PUFFS",
5787,,"IBUFF SHISHA - GRAPE - 15000 PUFFS",,,IBUFF,http://aussievapes.com.au/wp-content/uploads/2026/01/ibuff-shisha-grape-15000-puffs-iget-australia-e1767971461840.jpg,,,,1,1668,,https://igetaustralia.com/product/ibuff-shisha-grape-15000-puffs/,igetaustralia.com,1778358521,default,78,{},"IBUFF SHISHA - GRAPE - 15000 PUFFS",
5789,,"IBUFF SHISHA - PEACH ORANGE - 15000 PUFFS",,,IBUFF,http://aussievapes.com.au/wp-content/uploads/2026/01/ibuff-shisha-peach-orange-15000-puffs-iget-australia-e1767971275425.jpg,,,,1,1665,,https://igetaustralia.com/product/ibuff-shisha-peach-orange-15000-puffs/,igetaustralia.com,1767791839,default,76,{},"IBUFF SHISHA - PEACH ORANGE - 15000 PUFFS",
5791,,"IBUFF SHISHA - STRAWBERRY BANANA - 15000 PUFFS",,,IBUFF,http://aussievapes.com.au/wp-content/uploads/2026/01/ibuff-shisha-strawberry-banana-15000-puffs-iget-australia-e1767971311356.jpg,,,,1,1664,,https://igetaustralia.com/product/ibuff-shisha-strawberry-banana-15000-puffs/,igetaustralia.com,1778354488,default,74,{},"IBUFF SHISHA - STRAWBERRY BANANA - 15000 PUFFS",
5793,,"IBUFF SHISHA - TRIPLE MANGO - 15000 PUFFS",,,IBUFF,http://aussievapes.com.au/wp-content/uploads/2026/01/ibuff-shisha-triple-mango-15000-puffs-iget-australia-e1767971554369.jpg,,,,1,1663,,https://igetaustralia.com/product/ibuff-shisha-triple-mango-15000-puffs/,igetaustralia.com,1767791842,default,77,{},"IBUFF SHISHA - TRIPLE MANGO - 15000 PUFFS",
5795,,"IBUFF-SHISHA - PINEAPPLE MANGO ORANGE- 15000 PUFFS",,,IBUFF,http://aussievapes.com.au/wp-content/uploads/2026/01/ibuff-shisha-pineapple-mango-orange-15000-puffs-iget-australia-e1767971586577.jpg,,,,1,1662,,https://igetaustralia.com/product/ibuff-shisha-pineapple-mango-orange-15000-puffs/,igetaustralia.com,1767791843,default,65,{},"IBUFF-SHISHA - PINEAPPLE MANGO ORANGE- 15000 PUFFS",
5798,,"IBUFF SHISHA - WATERMELON BURST - 15000 PUFFS",,,IBUFF,http://aussievapes.com.au/wp-content/uploads/2026/01/ibuff-shisha-watermelon-burst-15000-puffs-iget-australia-e1767971679506.jpg,,,,1,1660,,https://igetaustralia.com/product/ibuff-shisha-watermelon-burst-15000-puffs/,igetaustralia.com,1767791845,default,71,{},"IBUFF SHISHA - WATERMELON BURST - 15000 PUFFS",
5799,,"IBUFF SHISHA - STRAWBERRY WATERMELON ICE - 15000 PUFFS",,,IBUFF,http://aussievapes.com.au/wp-content/uploads/2026/01/ibuff-shisha-strawberry-watermelon-ice-15000-puffs-iget-australia-e1767971617988.jpg,,,,1,1661,,https://igetaustralia.com/product/ibuff-shisha-strawberry-watermelon-ice-15000-puffs/,igetaustralia.com,1767791845,default,74,{},"IBUFF SHISHA - STRAWBERRY WATERMELON ICE - 15000 PUFFS",
5801,,"IBUFF SHISHA 15000 PUFFS - 3 PACK",,,IBUFF,http://aussievapes.com.au/wp-content/uploads/2026/01/ibuff-shisha-15000-puffs-3-pack-iget-australia.jpg,,,,1,1659,,https://igetaustralia.com/product/ibuff-shisha-15000-puffs-3-pack/,igetaustralia.com,1767791848,default,78,{},"IBUFF SHISHA 15000 PUFFS - 3 PACK",
5802,,"IBUFF SHISHA 15000 PUFFS - 5 PACK",,,IBUFF,,,,,1,1658,,https://igetaustralia.com/product/ibuff-shisha-10000-puffs-5-pack/,igetaustralia.com,1769685362,default,75,{},"IBUFF SHISHA 15000 PUFFS - 5 PACK",
5804,,"IBUFF SHISHA 15000 PUFFS - 10 PACK",,,IBUFF,http://aussievapes.com.au/wp-content/uploads/2026/01/ibuff-shisha-15000-puffs-10-pack-iget-australia.jpg,,,,1,1657,,https://igetaustralia.com/product/ibuff-shisha-15000-puffs-10-pack/,igetaustralia.com,1767791856,default,78,{},"IBUFF SHISHA 15000 PUFFS - 10 PACK",
5806,,"IBUFF SHISHA 15000 PUFFS - 20 PACK",,,IBUFF,http://aussievapes.com.au/wp-content/uploads/2026/01/ibuff-shisha-15000-puffs-20-pack-iget-australia.jpg,,,,1,1656,,https://igetaustralia.com/product/ibuff-shisha-15000-puffs-20-pack/,igetaustralia.com,1767791861,default,78,{},"IBUFF SHISHA 15000 PUFFS - 20 PACK",
5808,,"IBUFF SHISHA 15000 PUFFS - 50 PACK",,,IBUFF,http://aussievapes.com.au/wp-content/uploads/2026/01/ibuff-shisha-15000-puffs-50-pack-iget-australia.jpg,,,,1,1655,,https://igetaustralia.com/product/ibuff-shisha-15000-puffs-50-pack/,igetaustralia.com,1769686824,default,78,{},"IBUFF SHISHA 15000 PUFFS - 50 PACK",
5810,,"IBUFF SHISHA 15000 PUFFS - 100 PACK",,,IBUFF,http://aussievapes.com.au/wp-content/uploads/2026/01/ibuff-shisha-15000-puffs-100-pack-iget-australia.jpg,,,,1,1654,,https://igetaustralia.com/product/ibuff-shisha-15000-puffs-100-pack/,igetaustralia.com,1767791871,default,78,{},"IBUFF SHISHA 15000 PUFFS - 100 PACK",157
5813,,"IGET BAR GRAPE ICE – 3500 PUFFS",,,"IGET vape > IGET BAR 3500",http://aussievapes.com.au/wp-content/uploads/2026/01/iget-bar-grape-ice-3500-puffs-iget-australia.jpg,,"Brands > IGET vape",,1,1653,,https://igetaustralia.com/product/iget-bar-grape-ice-3500-puffs/,igetaustralia.com,1769733734,default,76,{},"IGET BAR GRAPE ICE – 3500 PUFFS",120
5815,,"IGET BAR STRAWBERRY WATERMELON ICE – 3500 PUFFS",,,"IGET vape > IGET BAR 3500",http://aussievapes.com.au/wp-content/uploads/2026/01/iget-bar-strawberry-watermelon-ice-3500-puffs-iget-australia.jpeg,,"Brands > IGET vape",,1,1651,,https://igetaustralia.com/product/iget-bar-strawberry-watermelon-ice-3500-puffs/,igetaustralia.com,1769733214,default,71,{},"IGET BAR STRAWBERRY WATERMELON ICE – 3500 PUFFS",120
5816,,"IGET BAR ICE CREAM – 3500 PUFFS",,,"IGET vape > IGET BAR 3500",http://aussievapes.com.au/wp-content/uploads/2026/01/iget-bar-ice-cream-3500-puffs-iget-australia.jpeg,,"Brands > IGET vape",,1,1652,,https://igetaustralia.com/product/iget-bar-ice-cream-3500-puffs/,igetaustralia.com,1767792066,default,78,{},"IGET BAR ICE CREAM – 3500 PUFFS",120
5818,,"IGET BAR DOUBLE APPLE – 3500 PUFFS",,,"IGET vape > IGET BAR 3500",http://aussievapes.com.au/wp-content/uploads/2026/01/iget-bar-double-apple-3500-puffs.jpeg,,"Brands > IGET vape",,1,1650,,https://igetaustralia.com/product/iget-bar-double-apple-3500-puffs/,igetaustralia.com,1769688174,default,79,{},"IGET BAR DOUBLE APPLE – 3500 PUFFS",120
5820,,"IGET BAR BLACKBERRY ICE – 3500 PUFFS",,,"IGET vape > IGET BAR 3500",http://aussievapes.com.au/wp-content/uploads/2026/01/iget-bar-blackberry-ice-3500-puffs-iget-australia.jpeg,,"Brands > IGET vape",,1,1649,,https://igetaustralia.com/product/iget-bar-blackberry-ice-3500-puffs/,igetaustralia.com,1767792078,default,78,{},"IGET BAR BLACKBERRY ICE – 3500 PUFFS",120
5822,,"IGET BAR COLA ICE – 3500 PUFFS",,,"IGET vape > IGET BAR 3500",http://aussievapes.com.au/wp-content/uploads/2026/01/iget-bar-cola-ice-3500-puffs-iget-australia.jpeg,,"Brands > IGET vape",,1,1648,,https://igetaustralia.com/product/iget-bar-cola-ice-3500-puffs/,igetaustralia.com,1767792081,default,76,{},"IGET BAR COLA ICE – 3500 PUFFS",120
5824,,"IGET BAR CHERRY POMEGRANATE – 3500 PUFFS",,,"IGET vape > IGET BAR 3500",http://aussievapes.com.au/wp-content/uploads/2026/01/iget-bar-cherry-pomegranate-3500-puffs-iget-australia.jpeg,,"Brands > IGET vape",,1,1647,,https://igetaustralia.com/product/iget-bar-cherry-pomegranate-3500-puffs/,igetaustralia.com,1767792087,default,71,{},"IGET BAR CHERRY POMEGRANATE – 3500 PUFFS",120
5826,,"IGET BAR BLUEBERRY RASPBERRY ICE – 3500 PUFFS",,,"IGET vape > IGET BAR 3500",http://aussievapes.com.au/wp-content/uploads/2026/01/iget-bar-blueberry-raspberry-ice-3500-puffs-iget-australia.jpeg,,"Brands > IGET vape",,1,1646,,https://igetaustralia.com/product/iget-bar-blueberry-raspberry-ice-3500-puffs/,igetaustralia.com,1767792091,default,74,{},"IGET BAR BLUEBERRY RASPBERRY ICE – 3500 PUFFS",120
5828,,"IGET BAR STRAWBERRY KIWI ICE – 3500 PUFFS",,,"IGET vape > IGET BAR 3500",http://aussievapes.com.au/wp-content/uploads/2026/01/iget-bar-strawberry-kiwi-ice-3500-puffs-iget-australia.jpeg,,"Brands > IGET vape",,1,1645,,https://igetaustralia.com/product/iget-bar-strawberry-kiwi-ice-3500-puffs/,igetaustralia.com,1769818729,default,74,{},"IGET BAR STRAWBERRY KIWI ICE – 3500 PUFFS",120
5830,,"IGET BAR BLUEBERRY ICE – 3500 PUFFS",,,"IGET vape > IGET BAR 3500",http://aussievapes.com.au/wp-content/uploads/2026/01/iget-bar-blueberry-ice-3500-puffs-iget-australia.jpeg,,"Brands > IGET vape",,1,1644,,https://igetaustralia.com/product/iget-bar-blueberry-ice-3500-puffs/,igetaustralia.com,1767792099,default,78,{},"IGET BAR BLUEBERRY ICE – 3500 PUFFS",120
5832,,"IGET BAR PEACH ICE – 3500 PUFFS",,,"IGET vape > IGET BAR 3500",http://aussievapes.com.au/wp-content/uploads/2026/01/iget-bar-peach-ice-3500-puffs-iget-australia.jpeg,,"Brands > IGET vape",,1,1643,,https://igetaustralia.com/product/iget-bar-peach-ice-3500-puffs/,igetaustralia.com,1767792111,default,78,{},"IGET BAR PEACH ICE – 3500 PUFFS",120
5834,,"IGET BAR LUSH ICE – 3500 PUFFS",,,"IGET vape > IGET BAR 3500",http://aussievapes.com.au/wp-content/uploads/2026/01/iget-bar-lush-ice-3500-puffs-iget-australia.jpeg,,"Brands > IGET vape",,1,1642,,https://igetaustralia.com/product/iget-bar-lush-ice-3500-puffs/,igetaustralia.com,1767792115,default,78,{},"IGET BAR LUSH ICE – 3500 PUFFS",120
5836,,"IGET BAR MANGO – 3500 PUFFS",,,"IGET vape > IGET BAR 3500",http://aussievapes.com.au/wp-content/uploads/2026/01/iget-bar-mango-3500-puffs-iget-australia.jpeg,,"Brands > IGET vape",,1,1641,,https://igetaustralia.com/product/iget-bar-mango-3500-puffs/,igetaustralia.com,1767792119,default,78,{},"IGET BAR MANGO – 3500 PUFFS",120
5838,,"IGET BAR MELON ICE – 3500 PUFFS",,,"IGET vape > IGET BAR 3500",http://aussievapes.com.au/wp-content/uploads/2026/01/iget-bar-melon-ice-3500-puffs-iget-australia.png,,"Brands > IGET vape",,1,1640,,https://igetaustralia.com/product/iget-bar-melon-ice-3500-puffs/,igetaustralia.com,1767792132,default,78,{},"IGET BAR MELON ICE – 3500 PUFFS",120
5840,,"IGET BAR BANANA ICE – 3500 PUFFS",,,"IGET vape > IGET BAR 3500",http://aussievapes.com.au/wp-content/uploads/2026/01/iget-bar-banana-ice-3500-puffs-iget-australia.png,,"Brands > IGET vape",,1,1639,,https://igetaustralia.com/product/iget-bar-banana-ice-3500-puffs/,igetaustralia.com,1769796024,default,78,{},"IGET BAR BANANA ICE – 3500 PUFFS",120
5842,,"IGET BAR BLACKBERRY RASPBERRY LEMON – 3500 PUFFS",,,"IGET vape > IGET BAR 3500",http://aussievapes.com.au/wp-content/uploads/2026/01/iget-bar-blackberry-raspberry-lemon-3500-puffs-iget-australia.png,,"Brands > IGET vape",,1,1638,,https://igetaustralia.com/product/iget-bar-blackberry-raspberry-lemon-3500-puffs/,igetaustralia.com,1767792140,default,74,{},"IGET BAR BLACKBERRY RASPBERRY LEMON – 3500 PUFFS",120
5844,,"IGET BAR STRAWBERRY RASPBERRY – 3500 PUFFS",,,"IGET vape > IGET BAR 3500",http://aussievapes.com.au/wp-content/uploads/2026/01/iget-bar-strawberry-raspberry-3500-puffs-iget-australia.png,,"Brands > IGET vape",,1,1637,,https://igetaustralia.com/product/iget-bar-strawberry-raspberry-3500-puffs/,igetaustralia.com,1767792145,default,74,{},"IGET BAR STRAWBERRY RASPBERRY – 3500 PUFFS",120
5846,,"IGET BAR CHERRY BLUEBERRY – 3500 PUFFS",,,"IGET vape > IGET BAR 3500",http://aussievapes.com.au/wp-content/uploads/2026/01/iget-bar-cherry-blueberry-3500-puffs-iget-australia.jpeg,,"Brands > IGET vape",,1,1636,,https://igetaustralia.com/product/iget-bar-cherry-blueberry-3500-puffs/,igetaustralia.com,1769701413,default,78,{},"IGET BAR CHERRY BLUEBERRY – 3500 PUFFS",120
5848,,"IGET BAR MIXED BERRY – 3500 PUFFS",,,"IGET vape > IGET BAR 3500",http://aussievapes.com.au/wp-content/uploads/2026/01/iget-bar-mixed-berry-3500-puffs-iget-australia.jpeg,,"Brands > IGET vape",,1,1635,,https://igetaustralia.com/product/iget-bar-mixed-berry-3500-puffs/,igetaustralia.com,1767792151,default,78,{},"IGET BAR MIXED BERRY – 3500 PUFFS",120
5850,,"IGET BAR BANANA POMEGRANATE CHERRY ICE – 3500 PUFFS",,,"IGET vape > IGET BAR 3500",http://aussievapes.com.au/wp-content/uploads/2026/01/iget-bar-banana-pomegranate-cherry-ice-3500-puffs-iget-australia.png,,"Brands > IGET vape",,1,1634,,https://igetaustralia.com/product/iget-bar-banana-pomegranate-cherry-ice-3500-puffs/,igetaustralia.com,1778359572,default,74,{},"IGET BAR BANANA POMEGRANATE CHERRY ICE – 3500 PUFFS",120
5853,,"IGET BAR PASSIONFRUIT MANGO LIME – 3500 PUFFS",,,"IGET vape > IGET BAR 3500",http://aussievapes.com.au/wp-content/uploads/2026/01/iget-bar-passionfruit-mango-lime-3500-puffs-iget-australia.png,,"Brands > IGET vape",,1,1633,,https://igetaustralia.com/product/iget-bar-passionfruit-mango-lime-3500-puffs/,igetaustralia.com,1767792168,default,74,{},"IGET BAR PASSIONFRUIT MANGO LIME – 3500 PUFFS",120
5854,,"IGET BAR ORANGE MANGO PINEAPPLE – 3500 PUFFS",,,"IGET vape > IGET BAR 3500",http://aussievapes.com.au/wp-content/uploads/2026/01/iget-bar-orange-mango-pineapple-3500-puffs-iget-australia.png,,"Brands > IGET vape",,1,1632,,https://igetaustralia.com/product/iget-bar-orange-mango-pineapple-3500-puffs/,igetaustralia.com,1767792169,default,74,{},"IGET BAR ORANGE MANGO PINEAPPLE – 3500 PUFFS",120
5857,,"IGET BAR PINEAPPLE ICE – 3500 PUFFS",,,"IGET vape > IGET BAR 3500",http://aussievapes.com.au/wp-content/uploads/2026/01/iget-bar-pineapple-ice-3500-puffs-iget-australia-e1768118067982.png,,"Brands > IGET vape",,1,1631,,https://igetaustralia.com/product/iget-bar-pineapple-ice-3500-puffs/,igetaustralia.com,1767792177,default,78,{},"IGET BAR PINEAPPLE ICE – 3500 PUFFS",120
5858,,"IGET BAR STRAWBERRY LEMON ICE – 3500 PUFFS",,,"IGET vape > IGET BAR 3500",,,"Brands > IGET vape",,1,1630,,https://igetaustralia.com/product/iget-bar-strawberry-lemon-ice-3500-puffs/,igetaustralia.com,1767792183,default,70,{},"IGET BAR STRAWBERRY LEMON ICE – 3500 PUFFS",120
5860,,"IGET BAR BLACKBERRY POMEGRANATE CHERRY ICE – 3500 PUFFS",,,"IGET vape > IGET BAR 3500",http://aussievapes.com.au/wp-content/uploads/2026/01/iget-bar-blackberry-pomegranate-cherry-ice-3500-puffs-iget-australia.png,,"Brands > IGET vape",,1,1629,,https://igetaustralia.com/product/iget-bar-blackberry-pomegranate-cherry-ice-3500-puffs/,igetaustralia.com,1767792191,default,74,{},"IGET BAR BLACKBERRY POMEGRANATE CHERRY ICE – 3500 PUFFS",120
5862,,"IGET BAR KIWI PINEAPPLE ICE – 3500 PUFFS",,,"IGET vape > IGET BAR 3500",http://aussievapes.com.au/wp-content/uploads/2026/01/iget-bar-kiwi-pineapple-ice-3500-puffs-iget-australia.png,,"Brands > IGET vape",,1,1628,,https://igetaustralia.com/product/iget-bar-kiwi-pineapple-ice-3500-puffs/,igetaustralia.com,1767792192,default,74,{},"IGET BAR KIWI PINEAPPLE ICE – 3500 PUFFS",120
5865,,"IGET BAR RASPBERRY GRAPE – 3500 PUFFS",,,"IGET vape > IGET BAR 3500",http://aussievapes.com.au/wp-content/uploads/2026/01/iget-bar-raspberry-grape-3500-puffs-iget-australia.png,,"Brands > IGET vape",,1,1627,,https://igetaustralia.com/product/iget-bar-raspberry-grape-3500-puffs/,igetaustralia.com,1769687726,default,78,{},"IGET BAR RASPBERRY GRAPE – 3500 PUFFS",120
5866,,"IGET BAR WATERMELON MINT ICE – 3500 PUFFS",,,"IGET vape > IGET BAR 3500",http://aussievapes.com.au/wp-content/uploads/2026/01/iget-bar-watermelon-mint-ice-3500-puffs-iget-australia.png,,"Brands > IGET vape",,1,1626,,https://igetaustralia.com/product/iget-bar-watermelon-mint-ice-3500-puffs/,igetaustralia.com,1767792202,default,74,{},"IGET BAR WATERMELON MINT ICE – 3500 PUFFS",120
5868,,"IGET BAR PASSIONFRUIT KIWI GUAVA – 3500 PUFFS",,,"IGET vape > IGET BAR 3500",http://aussievapes.com.au/wp-content/uploads/2026/01/iget-bar-passionfruit-kiwi-guava-3500-puffs-iget-australia.png,,"Brands > IGET vape",,1,1625,,https://igetaustralia.com/product/iget-bar-passion-fruit-kiwi-guava-3500-puffs/,igetaustralia.com,1767792210,default,74,{},"IGET BAR PASSIONFRUIT KIWI GUAVA – 3500 PUFFS",120
5870,,"IGET BAR DYNAMIC MINT – 3500 PUFFS",,,"IGET vape > IGET BAR 3500",http://aussievapes.com.au/wp-content/uploads/2026/01/iget-bar-dynamic-mint-3500-puffs-iget-australia.png,,"Brands > IGET vape",,1,1624,,https://igetaustralia.com/product/iget-bar-dynamic-mint-3500-puffs/,igetaustralia.com,1767792216,default,79,{},"IGET BAR DYNAMIC MINT – 3500 PUFFS",120
5871,,"IGET BAR STRAWBERRY LYCHEE – 3500 PUFFS",,,"IGET vape > IGET BAR 3500",,,"Brands > IGET vape",,1,1623,,https://igetaustralia.com/product/iget-bar-strawberry-lychee-3500-puffs/,igetaustralia.com,1767792218,default,75,{},"IGET BAR STRAWBERRY LYCHEE – 3500 PUFFS",120
5873,,"IGET BAR STRAWBERRY WATERMELON HARD CANDY – 3500 PUFFS",,,"IGET vape > IGET BAR 3500",http://aussievapes.com.au/wp-content/uploads/2026/01/iget-bar-strawberry-watermelon-hard-candy-3500-puffs-iget-australia.jpeg,,"Brands > IGET vape",,1,1622,,https://igetaustralia.com/product/iget-bar-strawberry-watermelon-hard-candy-3500-puffs/,igetaustralia.com,1767792224,default,74,{},"IGET BAR STRAWBERRY WATERMELON HARD CANDY – 3500 PUFFS",120
5874,,"IGET BAR QUADRUPLE BERRY – 3500 PUFFS",,,"IGET vape > IGET BAR 3500",,,"Brands > IGET vape",,1,1621,,https://igetaustralia.com/product/iget-bar-quadruple-berry-3500-puffs/,igetaustralia.com,1769171625,default,76,{},"IGET BAR QUADRUPLE BERRY – 3500 PUFFS",120
5876,,"IGET BAR BLACK FOREST – 3500 PUFFS",,,"IGET vape > IGET BAR 3500",http://aussievapes.com.au/wp-content/uploads/2026/01/iget-bar-black-forest-3500-puffs-iget-australia.jpeg,,"Brands > IGET vape",,1,1620,,https://igetaustralia.com/product/iget-bar-black-forest-3500-puffs/,igetaustralia.com,1767792237,default,78,{},"IGET BAR BLACK FOREST – 3500 PUFFS",120
5878,,"IGET BAR PEACH MANGO RASPBERRY 3500 PUFFS",,,"IGET vape > IGET BAR 3500",http://aussievapes.com.au/wp-content/uploads/2026/01/iget-bar-peach-mango-raspberry-3500-puffs-iget-australia-e1768028511172.jpg,,"Brands > IGET vape",,1,1619,,https://igetaustralia.com/product/iget-bar-peach-mango-raspberry-3500-puffs/,igetaustralia.com,1767792244,default,71,{},"IGET BAR PEACH MANGO RASPBERRY 3500 PUFFS",120
5880,,"IGET BAR – 3500 PUFFS – 3 PACK",,,"IGET vape > IGET BAR 3500",http://aussievapes.com.au/wp-content/uploads/2026/01/iget-bar-3500-puffs-3-pack-iget-australia.jpg,,"Brands > IGET vape",,1,1618,,https://igetaustralia.com/product/iget-bar-3500-puffs-3-pack/,igetaustralia.com,1769795944,default,78,{},"IGET BAR – 3500 PUFFS – 3 PACK",120
5882,,"IGET BAR – 3500 PUFFS – 5 PACK",,,"IGET vape > IGET BAR 3500",http://aussievapes.com.au/wp-content/uploads/2026/01/iget-bar-3500-puffs-5-pack-iget-australia.jpg,,"Brands > IGET vape",,1,1617,,https://igetaustralia.com/product/iget-bar-3500-puffs-5-pack/,igetaustralia.com,1769795987,default,78,{},"IGET BAR – 3500 PUFFS – 5 PACK",120
5884,,"IGET BAR – 3500 PUFFS – 10 PACK",,,"IGET vape > IGET BAR 3500",http://aussievapes.com.au/wp-content/uploads/2026/01/iget-bar-3500-puffs-10-pack-iget-australia.jpg,,"Brands > IGET vape",,1,1616,,https://igetaustralia.com/product/iget-bar-3500-puffs-10-pack/,igetaustralia.com,1769703687,default,78,{},"IGET BAR – 3500 PUFFS – 10 PACK",120
5886,,"IGET BAR – 3500 PUFFS – 20 PACK",,,"IGET vape > IGET BAR 3500",http://aussievapes.com.au/wp-content/uploads/2026/01/iget-bar-3500-puffs-20-pack-iget-australia.jpg,,"Brands > IGET vape",,1,1615,,https://igetaustralia.com/product/iget-bar-3500-puffs-20-pack/,igetaustralia.com,1769795900,default,78,{},"IGET BAR – 3500 PUFFS – 20 PACK",120
5888,,"IGET BAR – 3500 PUFFS – 25 PACK",,,"IGET vape > IGET BAR 3500",http://aussievapes.com.au/wp-content/uploads/2026/01/iget-bar-3500-puffs-25-pack-iget-australia.png,,"Brands > IGET vape",,1,1614,,https://igetaustralia.com/product/iget-bar-3500-puffs-25-pack/,igetaustralia.com,1769691008,default,78,{},"IGET BAR – 3500 PUFFS – 25 PACK",120
5890,,"IGET BAR – 3500 PUFFS – 30 PACK",,,"IGET vape > IGET BAR 3500",http://aussievapes.com.au/wp-content/uploads/2026/01/iget-bar-3500-puffs-30-pack-iget-australia.png,,"Brands > IGET vape",,1,1613,,https://igetaustralia.com/product/iget-bar-3500-puffs-30-pack/,igetaustralia.com,1769707591,default,78,{},"IGET BAR – 3500 PUFFS – 30 PACK",120
5892,,"IGET BAR – 3500 PUFFS – 40 PACK",,,"IGET vape > IGET BAR 3500",http://aussievapes.com.au/wp-content/uploads/2026/01/iget-bar-3500-puffs-40-pack-iget-australia.png,,"Brands > IGET vape",,1,1612,,https://igetaustralia.com/product/iget-bar-3500-puffs-40-pack/,igetaustralia.com,1769708137,default,78,{},"IGET BAR – 3500 PUFFS – 40 PACK",120
5894,,"IGET BAR – 3500 PUFFS – 100 PACK",,,"IGET vape > IGET BAR 3500",http://aussievapes.com.au/wp-content/uploads/2026/01/iget-bar-3500-puffs-100-pack-iget-australia.jpg,,"Brands > IGET vape",,1,1611,,https://igetaustralia.com/product/iget-bar-3500-puffs-100-pack/,igetaustralia.com,1769795870,default,78,{},"IGET BAR – 3500 PUFFS – 100 PACK",120
5896,,"IGET BAR – 3500 PUFFS – 200 PACK",,,"IGET vape > IGET BAR 3500",http://aussievapes.com.au/wp-content/uploads/2026/01/iget-bar-3500-puffs-200-pack-iget-australia.jpg,,"Brands > IGET vape",,1,1610,,https://igetaustralia.com/product/iget-bar-3500-puffs-200-pack/,igetaustralia.com,1769795916,default,78,{},"IGET BAR – 3500 PUFFS – 200 PACK",120
5898,,"IGET BAR – 3500 PUFFS – 150 PACK",,,"IGET vape > IGET BAR 3500",http://aussievapes.com.au/wp-content/uploads/2026/01/iget-bar-3500-puffs-150-pack-iget-australia.png,,"Brands > IGET vape",,1,1609,,https://igetaustralia.com/product/iget-bar-3500-puffs-150-pack/,igetaustralia.com,1769760960,default,78,{},"IGET BAR – 3500 PUFFS – 150 PACK",120
5900,,"IGET BAR – 3500 PUFFS – 500 PACK",,,"IGET vape > IGET BAR 3500",http://aussievapes.com.au/wp-content/uploads/2026/01/iget-bar-3500-puffs-500-pack-iget-australia.jpg,,"Brands > IGET vape",,1,1608,,https://igetaustralia.com/product/iget-bar-3500-puffs-500-pack/,igetaustralia.com,1769796005,default,78,{},"IGET BAR – 3500 PUFFS – 500 PACK",120
5901,,"IGET BAR PLUS BANANA ICE – 6000 PUFFS",,,"IGET vape > IGET BAR PLUS 6000",,,"Brands > IGET vape",,1,1606,,https://igetaustralia.com/product/iget-bar-plus-banana-ice-6000-puffs/,igetaustralia.com,1767792426,default,80,{},"IGET BAR PLUS BANANA ICE – 6000 PUFFS",120
5902,,"IGET BAR PLUS BLUEBERRY RASPBERRY BUBBLE GUM – 6000 PUFFS",,,"IGET vape > IGET BAR PLUS 6000",,,"Brands > IGET vape",,1,1607,,https://igetaustralia.com/product/iget-bar-plus-blueberry-raspberry-bubble-gum-6000-puffs/,igetaustralia.com,1767792426,default,76,{},"IGET BAR PLUS BLUEBERRY RASPBERRY BUBBLE GUM – 6000 PUFFS",120
5903,,"IGET BAR PLUS CHERRY POMEGRANATE – 6000 PUFFS",,,"IGET vape > IGET BAR PLUS 6000",,,"Brands > IGET vape",,1,1605,,https://igetaustralia.com/product/iget-bar-plus-cherry-pomegranate-6000-puffs/,igetaustralia.com,1767792429,default,76,{},"IGET BAR PLUS CHERRY POMEGRANATE – 6000 PUFFS",120
5904,,"IGET BAR PLUS COLA ICE – 6000 PUFFS",,,"IGET vape > IGET BAR PLUS 6000",,,"Brands > IGET vape",,1,1604,,https://igetaustralia.com/product/iget-bar-plus-cola-ice-6000-puffs/,igetaustralia.com,1767792433,default,76,{},"IGET BAR PLUS COLA ICE – 6000 PUFFS",120
5905,,"IGET BAR PLUS DOUBLE APPLE – 6000 PUFFS",,,"IGET vape > IGET BAR PLUS 6000",,,"Brands > IGET vape",,1,1603,,https://igetaustralia.com/product/iget-bar-plus-double-apple-6000-puffs/,igetaustralia.com,1767792438,default,81,{},"IGET BAR PLUS DOUBLE APPLE – 6000 PUFFS",120
5906,,"IGET BAR PLUS GRAPE ICE – 6000 PUFFS",,,"IGET vape > IGET BAR PLUS 6000",,,"Brands > IGET vape",,1,1602,,https://igetaustralia.com/product/iget-bar-plus-grape-ice-6000-puffs/,igetaustralia.com,1767792442,default,80,{},"IGET BAR PLUS GRAPE ICE – 6000 PUFFS",120
5907,,"IGET BAR PLUS MELON ICE – 6000 PUFFS",,,"IGET vape > IGET BAR PLUS 6000",,,"Brands > IGET vape",,1,1601,,https://igetaustralia.com/product/iget-bar-plus-melon-ice-6000-puffs/,igetaustralia.com,1767792448,default,80,{},"IGET BAR PLUS MELON ICE – 6000 PUFFS",120
5908,,"IGET BAR PLUS ORANGE GRAPEFRUIT LEMON – 6000 PUFFS",,,"IGET vape > IGET BAR PLUS 6000",,,"Brands > IGET vape",,1,1600,,https://igetaustralia.com/product/iget-bar-plus-orange-grapefruit-lemon-6000-puffs/,igetaustralia.com,1767792454,default,76,{},"IGET BAR PLUS ORANGE GRAPEFRUIT LEMON – 6000 PUFFS",120
5909,,"IGET BAR PLUS PASSIONFRUIT KIWI GUAVA – 6000 PUFFS",,,"IGET vape > IGET BAR PLUS 6000",,,"Brands > IGET vape",,1,1599,,https://igetaustralia.com/product/iget-bar-plus-passionfruit-kiwi-guava-6000-puffs/,igetaustralia.com,1767792458,default,76,{},"IGET BAR PLUS PASSIONFRUIT KIWI GUAVA – 6000 PUFFS",120
5910,,"IGET BAR PLUS STRAWBERRY KIWI ICE – 6000 PUFFS",,,"IGET vape > IGET BAR PLUS 6000",,,"Brands > IGET vape",,1,1598,,https://igetaustralia.com/product/iget-bar-plus-strawberry-kiwi-ice-6000-puffs/,igetaustralia.com,1769669045,default,76,{},"IGET BAR PLUS STRAWBERRY KIWI ICE – 6000 PUFFS",120
5911,,"IGET BAR PLUS WATERMELON ICE – 6000 PUFFS",,,"IGET vape > IGET BAR PLUS 6000",,,"Brands > IGET vape",,1,1597,,https://igetaustralia.com/product/iget-bar-plus-watermelon-ice-6000-puffs/,igetaustralia.com,1767792479,default,76,{},"IGET BAR PLUS WATERMELON ICE – 6000 PUFFS",120
5912,,"IGET BAR PLUS WATERMELON MINT ICE – 6000 PUFFS",,,"IGET vape > IGET BAR PLUS 6000",,,"Brands > IGET vape",,1,1596,,https://igetaustralia.com/product/iget-bar-plus-watermelon-mint-ice-6000-puffs/,igetaustralia.com,1767792485,default,76,{},"IGET BAR PLUS WATERMELON MINT ICE – 6000 PUFFS",120
5913,,"IGET BAR PLUS BLACK FOREST – 6000 PUFFS",,,"IGET vape > IGET BAR PLUS 6000",,,"Brands > IGET vape",,1,1595,,https://igetaustralia.com/product/iget-bar-plus-black-forest-6000-puffs/,igetaustralia.com,1778358496,default,75,{},"IGET BAR PLUS BLACK FOREST – 6000 PUFFS",120
5914,,"IGET BAR PLUS KIWI PINEAPPLE – 6000 PUFFS",,,"IGET vape > IGET BAR PLUS 6000",,,"Brands > IGET vape",,1,1594,,https://igetaustralia.com/product/iget-bar-plus-kiwi-pineapple-6000-puffs/,igetaustralia.com,1767792498,default,70,{},"IGET BAR PLUS KIWI PINEAPPLE – 6000 PUFFS",120
5915,,"IGET BAR PLUS LYCHEE WATERMELON – 6000 PUFFS",,,"IGET vape > IGET BAR PLUS 6000",,,"Brands > IGET vape",,1,1593,,https://igetaustralia.com/product/iget-bar-plus-lychee-watermelon-6000-puffs/,igetaustralia.com,1767792505,default,70,{},"IGET BAR PLUS LYCHEE WATERMELON – 6000 PUFFS",120
5916,,"IGET BAR PLUS ORANGE LEMON – 6000 PUFFS",,,"IGET vape > IGET BAR PLUS 6000",,,"Brands > IGET vape",,1,1592,,https://igetaustralia.com/product/iget-bar-plus-orange-lemon-6000-puffs/,igetaustralia.com,1767792513,default,80,{},"IGET BAR PLUS ORANGE LEMON – 6000 PUFFS",120
5917,,"IGET BAR PLUS PINEAPPLE BANANA – 6000 PUFFS",,,"IGET vape > IGET BAR PLUS 6000",,,"Brands > IGET vape",,1,1591,,https://igetaustralia.com/product/iget-bar-plus-pineapple-banana-6000-puffs/,igetaustralia.com,1767792515,default,70,{},"IGET BAR PLUS PINEAPPLE BANANA – 6000 PUFFS",120
5918,,"IGET BAR PLUS STRAWBERRY WATERMELON ICE – 6000 PUFFS",,,"IGET vape > IGET BAR PLUS 6000",,,"Brands > IGET vape",,1,1590,,https://igetaustralia.com/product/iget-bar-plus-strawberry-watermelon-ice-6000-puffs/,igetaustralia.com,1769684912,default,73,{},"IGET BAR PLUS STRAWBERRY WATERMELON ICE – 6000 PUFFS",120
5919,,"IGET BAR PLUS GRAPE PEACH ICE – 6000 PUFFS",,,"IGET vape > IGET BAR PLUS 6000",,,"Brands > IGET vape",,1,1589,,https://igetaustralia.com/product/iget-bar-plus-grape-peach-ice-6000-puffs/,igetaustralia.com,1767792527,default,70,{},"IGET BAR PLUS GRAPE PEACH ICE – 6000 PUFFS",120
5920,,"IGET BAR PLUS APPLE GRAPE ICE – 6000 PUFFS",,,"IGET vape > IGET BAR PLUS 6000",,,"Brands > IGET vape",,1,1588,,https://igetaustralia.com/product/iget-bar-plus-apple-grape-ice-6000-puffs/,igetaustralia.com,1769724945,default,62,{},"IGET BAR PLUS APPLE GRAPE ICE – 6000 PUFFS",120
5922,,"IGET BAR PLUS KIT – 6000 PUFFS – 3 PACK",,,"IGET vape > IGET BAR PLUS 6000",http://aussievapes.com.au/wp-content/uploads/2026/01/iget-bar-plus-kit-6000-puffs-3-pack-iget-australia.png,,"Brands > IGET vape",,1,1587,,https://igetaustralia.com/product/iget-bar-plus-kit-6000-puffs-3-pack/,igetaustralia.com,1767792538,default,78,{},"IGET BAR PLUS KIT – 6000 PUFFS – 3 PACK",120
5924,,"IGET BAR PLUS KIT – 6000 PUFFS – 5 PACK",,,"IGET vape > IGET BAR PLUS 6000",http://aussievapes.com.au/wp-content/uploads/2026/01/iget-bar-plus-kit-6000-puffs-5-pack-iget-australia.png,,"Brands > IGET vape",,1,1586,,https://igetaustralia.com/product/iget-bar-plus-kit-6000-puffs-5-pack/,igetaustralia.com,1767792543,default,78,{},"IGET BAR PLUS KIT – 6000 PUFFS – 5 PACK",120
5926,,"IGET BAR PLUS KIT – 6000 PUFFS – 10 PACK",,,"IGET vape > IGET BAR PLUS 6000",http://aussievapes.com.au/wp-content/uploads/2026/01/iget-bar-plus-kit-6000-puffs-10-pack-iget-australia.png,,"Brands > IGET vape",,1,1585,,https://igetaustralia.com/product/iget-bar-plus-kit-6000-puffs-10-pack/,igetaustralia.com,1767792547,default,78,{},"IGET BAR PLUS KIT – 6000 PUFFS – 10 PACK",120
5930,,"IGET BAR PLUS – POD ONLY – RASPBERRY BERRY – 6000 PUFFS (No Battery Base)",,,"IGET vape > IGET BAR PLUS PODS 6000",http://aussievapes.com.au/wp-content/uploads/2026/01/iget-bar-plus-pod-only-raspberry-berry-6000-puffs-no-battery-base-.png,,"Brands > IGET vape",,1,1584,,https://igetaustralia.com/product/iget-bar-plus-pod-blueberry-raspberry-bubble-gum-no-battery-base-6000-puffs/,igetaustralia.com,1769746906,default,79,{},"IGET BAR PLUS – POD ONLY – RASPBERRY BERRY – 6000 PUFFS (No Battery Base)",120
5931,,"IGET BAR PLUS – POD ONLY – BANANA ICE – 6000 PUFFS (No Battery Base)",,,"IGET vape > IGET BAR PLUS PODS 6000",http://aussievapes.com.au/wp-content/uploads/2026/01/iget-bar-plus-pod-only-banana-ice-6000-puffs-no-battery-base-iget.png,,"Brands > IGET vape",,1,1582,,https://igetaustralia.com/product/iget-bar-plus-pod-banana-ice-no-battery-base-6000-puffs/,igetaustralia.com,1769759272,default,79,{},"IGET BAR PLUS – POD ONLY – BANANA ICE – 6000 PUFFS (No Battery Base)",120
5932,,"IGET BAR PLUS – POD ONLY – CHERRY POMEGRANATE – 6000 PUFFS (No Battery Base)",,,"IGET vape > IGET BAR PLUS PODS 6000",http://aussievapes.com.au/wp-content/uploads/2026/01/iget-bar-plus-pod-only-cherry-pomegranate-6000-puffs-no-battery-base-.png,,"Brands > IGET vape",,1,1583,,https://igetaustralia.com/product/iget-bar-plus-pod-cherry-pomegranate-no-battery-base-6000-puffs/,igetaustralia.com,1769717144,default,79,{},"IGET BAR PLUS – POD ONLY – CHERRY POMEGRANATE – 6000 PUFFS (No Battery Base)",120
5934,,"IGET BAR PLUS – POD ONLY – CHERRY POMEGRANATE – 6000 PUFFS (No Battery Base)",,,"IGET vape > IGET BAR PLUS PODS 6000",http://aussievapes.com.au/wp-content/uploads/2026/01/iget-bar-plus-pod-only-cherry-pomegranate-6000-puffs-no-battery-base-1-1.png,,"Brands > IGET vape",,1,1581,,https://igetaustralia.com/product/iget-bar-plus-pod-cola-ice-no-battery-base-6000-puffs/,igetaustralia.com,1767792641,default,79,{},"IGET BAR PLUS – POD ONLY – CHERRY POMEGRANATE – 6000 PUFFS (No Battery Base)",120
5936,,"IGET BAR PLUS – POD ONLY – DOUBLE APPLE – 6000 PUFFS (No Battery Base)",,,"IGET vape > IGET BAR PLUS PODS 6000",http://aussievapes.com.au/wp-content/uploads/2026/01/iget-bar-plus-pod-only-double-apple-6000-puffs-no-battery-base-iget.png,,"Brands > IGET vape",,1,1580,,https://igetaustralia.com/product/iget-bar-plus-pod-double-apple-no-battery-base-6000-puffs/,igetaustralia.com,1767792647,default,80,{},"IGET BAR PLUS – POD ONLY – DOUBLE APPLE – 6000 PUFFS (No Battery Base)",120
5938,,"IGET BAR PLUS – POD ONLY – GRAPE ICE – 6000 PUFFS (No Battery Base)",,,"IGET vape > IGET BAR PLUS PODS 6000",http://aussievapes.com.au/wp-content/uploads/2026/01/iget-bar-plus-pod-only-grape-ice-6000-puffs-no-battery-base-iget.png,,"Brands > IGET vape",,1,1579,,https://igetaustralia.com/product/iget-bar-plus-pod-grape-ice-no-battery-base-6000-puffs/,igetaustralia.com,1767792650,default,79,{},"IGET BAR PLUS – POD ONLY – GRAPE ICE – 6000 PUFFS (No Battery Base)",120
5940,,"IGET BAR PLUS – POD ONLY – MELON ICE – 6000 PUFFS (No Battery Base)",,,"IGET vape > IGET BAR PLUS PODS 6000",http://aussievapes.com.au/wp-content/uploads/2026/01/iget-bar-plus-pod-only-melon-ice-6000-puffs-no-battery-base-iget.png,,"Brands > IGET vape",,1,1578,,https://igetaustralia.com/product/iget-bar-plus-pod-melon-ice-no-battery-base-6000-puffs/,igetaustralia.com,1767792655,default,79,{},"IGET BAR PLUS – POD ONLY – MELON ICE – 6000 PUFFS (No Battery Base)",120
5942,,"IGET BAR PLUS – POD ONLY – ORANGE GRAPEFRUIT LEMON – 6000 PUFFS (No Battery Base)",,,"IGET vape > IGET BAR PLUS PODS 6000",http://aussievapes.com.au/wp-content/uploads/2026/01/iget-bar-plus-pod-only-orange-grapefruit-lemon-6000-puffs-no-battery.png,,"Brands > IGET vape",,1,1577,,https://igetaustralia.com/product/iget-bar-plus-pod-orange-grapefruit-lemon-no-battery-base-6000-puffs/,igetaustralia.com,1767792659,default,79,{},"IGET BAR PLUS – POD ONLY – ORANGE GRAPEFRUIT LEMON – 6000 PUFFS (No Battery Base)",120
5944,,"IGET BAR PLUS – POD ONLY – PASSIONFRUIT KIWI GUAVA – 6000 PUFFS (No Battery Base)",,,"IGET vape > IGET BAR PLUS PODS 6000",http://aussievapes.com.au/wp-content/uploads/2026/01/iget-bar-plus-pod-only-passionfruit-kiwi-guava-6000-puffs-no-battery.png,,"Brands > IGET vape",,1,1576,,https://igetaustralia.com/product/iget-bar-plus-pod-passionfruit-kiwi-guava-no-battery-base-6000-puffs/,igetaustralia.com,1769758583,default,79,{},"IGET BAR PLUS – POD ONLY – PASSIONFRUIT KIWI GUAVA – 6000 PUFFS (No Battery Base)",120
5946,,"IGET BAR PLUS – POD ONLY – STRAWBERRY KIWI ICE – 6000 PUFFS (No Battery Base)",,,"IGET vape > IGET BAR PLUS PODS 6000",http://aussievapes.com.au/wp-content/uploads/2026/01/iget-bar-plus-pod-only-strawberry-kiwi-ice-6000-puffs-no-battery-base-.png,,"Brands > IGET vape",,1,1575,,https://igetaustralia.com/product/iget-bar-plus-pod-strawberry-kiwi-ice-no-battery-base-6000-puffs/,igetaustralia.com,1767792668,default,79,{},"IGET BAR PLUS – POD ONLY – STRAWBERRY KIWI ICE – 6000 PUFFS (No Battery Base)",120
5948,,"IGET BAR PLUS – POD ONLY – STRAWBERRY WATERMELON ICE – 6000 PUFFS (No Battery Base)",,,"IGET vape > IGET BAR PLUS PODS 6000",http://aussievapes.com.au/wp-content/uploads/2026/01/iget-bar-plus-pod-only-strawberry-watermelon-ice-6000-puffs-no-battery.png,,"Brands > IGET vape",,1,1574,,https://igetaustralia.com/product/iget-bar-plus-pod-strawberry-watermelon-ice-no-battery-base-6000-puffs/,igetaustralia.com,1767792675,default,79,{},"IGET BAR PLUS – POD ONLY – STRAWBERRY WATERMELON ICE – 6000 PUFFS (No Battery Base)",120
5950,,"IGET BAR PLUS – POD ONLY – WATERMELON ICE – 6000 PUFFS (No Battery Base)",,,"IGET vape > IGET BAR PLUS PODS 6000",http://aussievapes.com.au/wp-content/uploads/2026/01/iget-bar-plus-pod-only-watermelon-ice-6000-puffs-no-battery-base-.png,,"Brands > IGET vape",,1,1573,,https://igetaustralia.com/product/iget-bar-plus-pod-watermelon-ice-no-battery-base-6000-puffs/,igetaustralia.com,1767792681,default,79,{},"IGET BAR PLUS – POD ONLY – WATERMELON ICE – 6000 PUFFS (No Battery Base)",120
5952,,"IGET BAR PLUS – POD ONLY – WATERMELON MINT ICE – 6000 PUFFS (No Battery Base)",,,"IGET vape > IGET BAR PLUS PODS 6000",http://aussievapes.com.au/wp-content/uploads/2026/01/iget-bar-plus-pod-only-watermelon-mint-ice-6000-puffs-no-battery-base-.png,,"Brands > IGET vape",,1,1572,,https://igetaustralia.com/product/iget-bar-plus-pod-watermelon-mint-ice-no-battery-base-6000-puffs/,igetaustralia.com,1767792685,default,79,{},"IGET BAR PLUS – POD ONLY – WATERMELON MINT ICE – 6000 PUFFS (No Battery Base)",120
5954,,"IGET BAR PLUS – POD ONLY – APPLE GRAPE ICE – 6000 PUFFS (No Battery Base)",,,"IGET vape > IGET BAR PLUS PODS 6000",http://aussievapes.com.au/wp-content/uploads/2026/01/iget-bar-plus-pod-only-apple-grape-ice-6000-puffs-no-battery-base-.png,,"Brands > IGET vape",,1,1571,,https://igetaustralia.com/product/iget-bar-plus-pod-only-apple-grape-ice-6000-puffs-no-battery-base/,igetaustralia.com,1769680099,default,79,{},"IGET BAR PLUS – POD ONLY – APPLE GRAPE ICE – 6000 PUFFS (No Battery Base)",120
5956,,"IGET BAR PLUS – POD ONLY – BLACK FOREST – 6000 PUFFS (No Battery Base)",,,"IGET vape > IGET BAR PLUS PODS 6000",http://aussievapes.com.au/wp-content/uploads/2026/01/iget-bar-plus-pod-only-black-forest-6000-puffs-no-battery-base-iget.png,,"Brands > IGET vape",,1,1570,,https://igetaustralia.com/product/iget-bar-plus-pod-only-black-forest-6000-puffs-no-battery-base/,igetaustralia.com,1769713513,default,79,{},"IGET BAR PLUS – POD ONLY – BLACK FOREST – 6000 PUFFS (No Battery Base)",120
5958,,"IGET BAR PLUS – POD ONLY – GRAPE PEACH ICE – 6000 PUFFS (No Battery Base)",,,"IGET vape > IGET BAR PLUS PODS 6000",http://aussievapes.com.au/wp-content/uploads/2026/01/iget-bar-plus-pod-only-grape-peach-ice-6000-puffs-no-battery-base-.png,,"Brands > IGET vape",,1,1569,,https://igetaustralia.com/product/iget-bar-plus-pod-only-grape-peach-ice-6000-puffs-no-battery-base/,igetaustralia.com,1769692533,default,79,{},"IGET BAR PLUS – POD ONLY – GRAPE PEACH ICE – 6000 PUFFS (No Battery Base)",120
5960,,"IGET BAR PLUS – POD ONLY – KIWI PINEAPPLE – 6000 PUFFS (No Battery Base)",,,"IGET vape > IGET BAR PLUS PODS 6000",http://aussievapes.com.au/wp-content/uploads/2026/01/iget-bar-plus-pod-only-kiwi-pineapple-6000-puffs-no-battery-base-.png,,"Brands > IGET vape",,1,1568,,https://igetaustralia.com/product/iget-bar-plus-pod-only-kiwi-pineapple-6000-puffs-no-battery-base/,igetaustralia.com,1767792708,default,79,{},"IGET BAR PLUS – POD ONLY – KIWI PINEAPPLE – 6000 PUFFS (No Battery Base)",120
5962,,"IGET BAR PLUS – POD ONLY – LYCHEE WATERMELON – 6000 PUFFS (No Battery Base)",,,"IGET vape > IGET BAR PLUS PODS 6000",http://aussievapes.com.au/wp-content/uploads/2026/01/iget-bar-plus-pod-only-lychee-watermelon-6000-puffs-no-battery-base-.png,,"Brands > IGET vape",,1,1567,,https://igetaustralia.com/product/iget-bar-plus-pod-only-lychee-watermelon-6000-puffs-no-battery-base/,igetaustralia.com,1769679518,default,79,{},"IGET BAR PLUS – POD ONLY – LYCHEE WATERMELON – 6000 PUFFS (No Battery Base)",120
5964,,"IGET BAR PLUS – POD ONLY – ORANGE GRAPEFRUIT LEMON – 6000 PUFFS (No Battery Base)",,,"IGET vape > IGET BAR PLUS PODS 6000",http://aussievapes.com.au/wp-content/uploads/2026/01/iget-bar-plus-pod-only-orange-grapefruit-lemon-6000-puffs-no-battery-1.png,,"Brands > IGET vape",,1,1566,,https://igetaustralia.com/product/iget-bar-plus-pod-only-orange-lemon-6000-puffs-no-battery-base/,igetaustralia.com,1767792719,default,79,{},"IGET BAR PLUS – POD ONLY – ORANGE GRAPEFRUIT LEMON – 6000 PUFFS (No Battery Base)",120
5966,,"IGET BAR PLUS – POD ONLY – PINEAPPLE BANANA – 6000 PUFFS (No Battery Base)",,,"IGET vape > IGET BAR PLUS PODS 6000",http://aussievapes.com.au/wp-content/uploads/2026/01/iget-bar-plus-pod-only-pineapple-banana-6000-puffs-no-battery-base-.png,,"Brands > IGET vape",,1,1565,,https://igetaustralia.com/product/iget-bar-plus-pod-only-pineapple-banana-6000-puffs-no-battery-base/,igetaustralia.com,1767792724,default,79,{},"IGET BAR PLUS – POD ONLY – PINEAPPLE BANANA – 6000 PUFFS (No Battery Base)",120
5968,,"IGET BAR PLUS – POD ONLY – BLUEBERRY RASPBERRY Bubblegum – 6000 PUFFS (No Battery Base)",,,"IGET vape > IGET BAR PLUS PODS 6000",http://aussievapes.com.au/wp-content/uploads/2026/01/iget-bar-plus-pod-only-blueberry-raspberry-bubblegum-6000-puffs-no.png,,"Brands > IGET vape",,1,1564,,https://igetaustralia.com/product/iget-bar-plus-pod-only-raspberry-berry-6000-puffs-no-battery-base/,igetaustralia.com,1769679097,default,79,{},"IGET BAR PLUS – POD ONLY – BLUEBERRY RASPBERRY Bubblegum – 6000 PUFFS (No Battery Base)",120
5969,,"IGET BAR PLUS – POD ONLY – 3 PACK – 6000 PUFFS (No Battery Base)",,,"IGET vape > IGET BAR PLUS PODS 6000",,,"Brands > IGET vape",,1,1563,,https://igetaustralia.com/product/iget-bar-plus-pod-only-3-pack-6000-puffs-no-battery-base/,igetaustralia.com,1767792744,default,70,{},"IGET BAR PLUS – POD ONLY – 3 PACK – 6000 PUFFS (No Battery Base)",120
5971,,"IGET BAR PLUS – POD ONLY – 5 PACK – 6000 PUFFS (No Battery Base)",,,"IGET vape > IGET BAR PLUS PODS 6000",http://aussievapes.com.au/wp-content/uploads/2026/01/iget-bar-plus-pod-only-5-pack-6000-puffs-no-battery-base-iget-e1768120111560.jpg,,"Brands > IGET vape",,1,1562,,https://igetaustralia.com/product/iget-bar-plus-pod-only-5-pack-6000-puffs-no-battery-base/,igetaustralia.com,1767792751,default,74,{},"IGET BAR PLUS – POD ONLY – 5 PACK – 6000 PUFFS (No Battery Base)",120
5972,,"IGET BAR PLUS – POD ONLY – 10 PACK – 6000 PUFFS (No Battery Base)",,,"IGET vape > IGET BAR PLUS PODS 6000",,,"Brands > IGET vape",,1,1561,,https://igetaustralia.com/product/iget-bar-plus-pod-only-10-pack-6000-puffs-no-battery-base/,igetaustralia.com,1769681099,default,70,{},"IGET BAR PLUS – POD ONLY – 10 PACK – 6000 PUFFS (No Battery Base)",120
5974,,"IGET BAR PLUS – POD ONLY – 20 PACK – 6000 PUFFS (No Battery Base)",,,"IGET vape > IGET BAR PLUS PODS 6000",http://aussievapes.com.au/wp-content/uploads/2026/01/iget-bar-plus-pod-only-20-pack-6000-puffs-no-battery-base-iget-e1768120010556.jpg,,"Brands > IGET vape",,1,1560,,https://igetaustralia.com/product/iget-bar-plus-pod-only-20-pack-6000-puffs-no-battery-base/,igetaustralia.com,1767792762,default,74,{},"IGET BAR PLUS – POD ONLY – 20 PACK – 6000 PUFFS (No Battery Base)",120
5977,,"IGET BAR PRO - GRAPE ICE - 10000 PUFFS",,,"IGET vape > IGET BAR PRO",http://aussievapes.com.au/wp-content/uploads/2026/01/iget-bar-pro-grape-ice-10000-puffs-iget-australia-e1768126009590.jpg,,"Brands > IGET vape",,1,1558,,https://igetaustralia.com/product/iget-bar-pro-grape-ice-10000-puffs/,igetaustralia.com,1767792908,default,76,,"IGET BAR PRO - GRAPE ICE - 10000 PUFFS",120
5978,,"IGET BAR PRO - STRAWBERRY WATERMELON ICE - 10000 PUFFS",,,"IGET vape > IGET BAR PRO",http://aussievapes.com.au/wp-content/uploads/2026/01/iget-bar-pro-strawberry-watermelon-ice-10000-puffs-iget-australia-e1768126073588.jpg,,"Brands > IGET vape",,1,1559,,https://igetaustralia.com/product/iget-bar-pro-strawberry-watermelon-ice-10000-puffs/,igetaustralia.com,1778348486,default,71,{},"IGET BAR PRO - STRAWBERRY WATERMELON ICE - 10000 PUFFS",120
5980,,"IGET BAR PRO - RASPBERRY GRAPE - 10000 PUFFS",,,"IGET vape > IGET BAR PRO",http://aussievapes.com.au/wp-content/uploads/2026/01/iget-bar-pro-raspberry-grape-10000-puffs-iget-australia-e1768125867599.jpg,,"Brands > IGET vape",,1,1556,,https://igetaustralia.com/product/iget-bar-pro-raspberry-grape-10000-puffs/,igetaustralia.com,1778344772,default,71,{},"IGET BAR PRO - RASPBERRY GRAPE - 10000 PUFFS",120
5982,,"IGET BAR PRO - BLUEBERRY ICE - 10000 PUFFS",,,"IGET vape > IGET BAR PRO",http://aussievapes.com.au/wp-content/uploads/2026/01/iget-bar-pro-blueberry-ice-10000-puffs-iget-australia-e1768125943576.jpg,,"Brands > IGET vape",,1,1557,,https://igetaustralia.com/product/iget-bar-pro-blueberry-ice-10000-puffs/,igetaustralia.com,1769828159,default,71,{},"IGET BAR PRO - BLUEBERRY ICE - 10000 PUFFS",120
5984,,"IGET BAR PRO - BLACKBERRY ICE - 10000 PUFFS",,,"IGET vape > IGET BAR PRO",http://aussievapes.com.au/wp-content/uploads/2026/01/iget-bar-pro-blackberry-ice-10000-puffs-iget-australia-e1768125807238.jpg,,"Brands > IGET vape",,1,1555,,https://igetaustralia.com/product/iget-bar-pro-blackberry-ice-10000-puffs/,igetaustralia.com,1767792913,default,71,{},"IGET BAR PRO - BLACKBERRY ICE - 10000 PUFFS",120
5986,,"IGET BAR PRO - BLUEBERRY RASPBERRY - 10000 PUFFS",,,"IGET vape > IGET BAR PRO",http://aussievapes.com.au/wp-content/uploads/2026/01/iget-bar-pro-blueberry-raspberry-10000-puffs-iget-australia-e1768125756157.jpg,,"Brands > IGET vape",,1,1554,,https://igetaustralia.com/product/iget-bar-pro-blueberry-raspberry-10000-puffs/,igetaustralia.com,1767792918,default,71,{},"IGET BAR PRO - BLUEBERRY RASPBERRY - 10000 PUFFS",120
5988,,"IGET BAR PRO - GRAPEFRUIT GUAVA LEMON ICE - 10000 PUFFS",,,"IGET vape > IGET BAR PRO",http://aussievapes.com.au/wp-content/uploads/2026/01/iget-bar-pro-grapefruit-guava-lemon-ice-10000-puffs-iget-australia-e1768125703207.jpg,,"Brands > IGET vape",,1,1553,,https://igetaustralia.com/product/iget-bar-pro-grapefruit-guava-lemon-ice-10000-puffs/,igetaustralia.com,1767792921,default,71,{},"IGET BAR PRO - GRAPEFRUIT GUAVA LEMON ICE - 10000 PUFFS",120
5990,,"IGET BAR PRO - KIWI PINEAPPLE - 10000 PUFFS",,,"IGET vape > IGET BAR PRO",http://aussievapes.com.au/wp-content/uploads/2026/01/iget-bar-pro-kiwi-pineapple-10000-puffs-iget-australia-e1768125641709.jpg,,"Brands > IGET vape",,1,1552,,https://igetaustralia.com/product/iget-bar-pro-kiwi-pineapple-10000-puffs/,igetaustralia.com,1767792928,default,71,{},"IGET BAR PRO - KIWI PINEAPPLE - 10000 PUFFS",120
5992,,"IGET BAR PRO - STRAWBERRY KIWI ICE- 10000 PUFFS",,,"IGET vape > IGET BAR PRO",http://aussievapes.com.au/wp-content/uploads/2026/01/iget-bar-pro-strawberry-kiwi-ice-10000-puffs-iget-australia-e1768125587757.jpg,,"Brands > IGET vape",,1,1551,,https://igetaustralia.com/product/iget-bar-pro-strawberry-kiwi-ice-10000-puffs/,igetaustralia.com,1767792933,default,71,{},"IGET BAR PRO - STRAWBERRY KIWI ICE- 10000 PUFFS",120
5994,,"IGET BAR PRO - BLACKBERRY POMEGRANATE CHERRY - 10000 PUFFS",,,"IGET vape > IGET BAR PRO",http://aussievapes.com.au/wp-content/uploads/2026/01/iget-bar-pro-blackberry-pomegranate-cherry-10000-puffs-iget-australia-e1768125467857.jpg,,"Brands > IGET vape",,1,1550,,https://igetaustralia.com/product/iget-bar-pro-blackberry-pomegranate-cherry-10000-puffs/,igetaustralia.com,1767792944,default,71,{},"IGET BAR PRO - BLACKBERRY POMEGRANATE CHERRY - 10000 PUFFS",120
5996,,"IGET BAR PRO - ORANGE FANTA SODA - 10000 PUFFS",,,"IGET vape > IGET BAR PRO",http://aussievapes.com.au/wp-content/uploads/2026/01/iget-bar-pro-orange-fanta-soda-10000-puffs-iget-australia-e1768125411191.jpg,,"Brands > IGET vape",,1,1549,,https://igetaustralia.com/product/iget-bar-pro-orange-fanta-soda-10000-puffs/,igetaustralia.com,1767792951,default,71,{},"IGET BAR PRO - ORANGE FANTA SODA - 10000 PUFFS",120
5998,,"IGET BAR PRO STRAWBERRY CRANBERRY BLISS - 10000 PUFFS",,,"IGET vape > IGET BAR PRO",http://aussievapes.com.au/wp-content/uploads/2026/01/iget-bar-pro-strawberry-cranberry-bliss-10000-puffs-iget-australia.jpg,,"Brands > IGET vape",,1,1548,,https://igetaustralia.com/product/iget-bar-pro-strawberry-cranberry-bliss-10000-puffs/,igetaustralia.com,1769685587,default,71,{},"IGET BAR PRO STRAWBERRY CRANBERRY BLISS - 10000 PUFFS",120
6000,,"IGET BAR PRO BLACKBERRY YOGURT ICE BERRY - 10000 PUFFS",,,"IGET vape > IGET BAR PRO",http://aussievapes.com.au/wp-content/uploads/2026/01/iget-bar-pro-blackberry-yogurt-ice-berry-10000-puffs-iget-australia.jpg,,"Brands > IGET vape",,1,1547,,https://igetaustralia.com/product/iget-bar-pro-blackberry-yogurt-ice-berry-10000-puffs/,igetaustralia.com,1767792966,default,71,{},"IGET BAR PRO BLACKBERRY YOGURT ICE BERRY - 10000 PUFFS",120
6002,,"IGET BAR PRO RASPBERRY CHERRY BLACKBERRY - 10000 PUFFS",,,"IGET vape > IGET BAR PRO",http://aussievapes.com.au/wp-content/uploads/2026/01/iget-bar-pro-raspberry-cherry-blackberry-10000-puffs-iget-australia.jpg,,"Brands > IGET vape",,1,1546,,https://igetaustralia.com/product/iget-bar-pro-raspberry-cherry-blackberry-10000-puffs/,igetaustralia.com,1767792968,default,71,{},"IGET BAR PRO RASPBERRY CHERRY BLACKBERRY - 10000 PUFFS",120
6004,,"IGET BAR PRO STRAWBERRY PASSIONFRUIT MANGO - 10000 PUFFS",,,"IGET vape > IGET BAR PRO",http://aussievapes.com.au/wp-content/uploads/2026/01/iget-bar-pro-strawberry-passionfruit-mango-10000-puffs-iget-australia.jpg,,"Brands > IGET vape",,1,1545,,https://igetaustralia.com/product/iget-bar-pro-strawberry-passionfruit-mango-10000-puffs/,igetaustralia.com,1769686487,default,71,{},"IGET BAR PRO STRAWBERRY PASSIONFRUIT MANGO - 10000 PUFFS",120
6006,,"IGET BAR PRO CHUPA CHUPS GRAPE - 10000 PUFFS",,,"IGET vape > IGET BAR PRO",http://aussievapes.com.au/wp-content/uploads/2026/01/iget-bar-pro-chupa-chups-grape-10000-puffs-iget-australia.jpg,,"Brands > IGET vape",,1,1544,,https://igetaustralia.com/product/iget-bar-pro-chupa-chups-grape-10000-puffs/,igetaustralia.com,1767792982,default,66,{},"IGET BAR PRO CHUPA CHUPS GRAPE - 10000 PUFFS",120
6008,,"IGET BAR PRO FRUITY SKITTLES - 10000 PUFFS",,,"IGET vape > IGET BAR PRO",http://aussievapes.com.au/wp-content/uploads/2026/01/iget-bar-pro-fruity-skittles-10000-puffs-iget-australia.jpg,,"Brands > IGET vape",,1,1543,,https://igetaustralia.com/product/iget-bar-pro-fruity-skittles-10000-puffs/,igetaustralia.com,1767792986,default,71,{},"IGET BAR PRO FRUITY SKITTLES - 10000 PUFFS",120
6010,,"IGET BAR PRO MANGO ICE - 10000 PUFFS",,,"IGET vape > IGET BAR PRO",http://aussievapes.com.au/wp-content/uploads/2026/01/iget-bar-pro-mango-ice-10000-puffs-iget-australia.jpg,,"Brands > IGET vape",,1,1542,,https://igetaustralia.com/product/iget-bar-pro-mango-ice-10000-puffs/,igetaustralia.com,1769755812,default,76,{},"IGET BAR PRO MANGO ICE - 10000 PUFFS",120
6012,,"IGET BAR PRO BLUEBERRY RASPBERRY BUBBLE GUM - 10000 PUFFS",,,"IGET vape > IGET BAR PRO",http://aussievapes.com.au/wp-content/uploads/2026/01/iget-bar-pro-blueberry-raspberry-bubble-gum-10000-puffs-iget-australia.jpg,,"Brands > IGET vape",,1,1541,,https://igetaustralia.com/product/iget-bar-pro-blueberry-raspberry-bubble-gum-10000-puffs/,igetaustralia.com,1767792998,default,71,{},"IGET BAR PRO BLUEBERRY RASPBERRY BUBBLE GUM - 10000 PUFFS",120
6014,,"IGET BAR PRO PASSION FRUIT PEACH ICE TEA - 10000 PUFFS",,,"IGET vape > IGET BAR PRO",http://aussievapes.com.au/wp-content/uploads/2026/01/iget-bar-pro-passion-fruit-peach-ice-tea-10000-puffs-iget-australia.jpg,,"Brands > IGET vape",,1,1540,,https://igetaustralia.com/product/iget-bar-pro-passion-fruit-peach-ice-tea-10000-puffs/,igetaustralia.com,1767793007,default,73,{},"IGET BAR PRO PASSION FRUIT PEACH ICE TEA - 10000 PUFFS",120
6016,,"IGET BAR PRO RASPBERRY POMEGRANTE ICE BLAST - 10000 PUFFS",,,"IGET vape > IGET BAR PRO",http://aussievapes.com.au/wp-content/uploads/2026/01/iget-bar-pro-raspberry-pomegrante-ice-blast-10000-puffs-iget-australia.jpg,,"Brands > IGET vape",,1,1539,,https://igetaustralia.com/product/iget-bar-pro-raspberry-pomegrante-ice-blast-10000-puffs/,igetaustralia.com,1767793011,default,73,{},"IGET BAR PRO RASPBERRY POMEGRANTE ICE BLAST - 10000 PUFFS",120
6018,,"IGET BAR PRO STRAWBERRY WHITE PEACH ICE MIST - 10000 PUFFS",,,"IGET vape > IGET BAR PRO",http://aussievapes.com.au/wp-content/uploads/2026/01/iget-bar-pro-strawberry-white-peach-ice-mist-10000-puffs-iget-australia.jpg,,"Brands > IGET vape",,1,1538,,https://igetaustralia.com/product/iget-bar-pro-strawberry-white-peach-ice-mist-10000-puffs/,igetaustralia.com,1767793019,default,71,{},"IGET BAR PRO STRAWBERRY WHITE PEACH ICE MIST - 10000 PUFFS",120
6019,,"IGET BAR PRO DYNAMIC MINT - 10000 PUFFS",,,"IGET vape > IGET BAR PRO",,,"Brands > IGET vape",,1,1537,,https://igetaustralia.com/product/iget-bar-pro-dynamic-mint-10000-puffs/,igetaustralia.com,1767793027,default,74,{},"IGET BAR PRO DYNAMIC MINT - 10000 PUFFS",120
6021,,"IGET BAR PRO 10000 PUFFS - 3 PACK",,,"IGET vape > IGET BAR PRO",http://aussievapes.com.au/wp-content/uploads/2026/01/iget-bar-pro-10000-puffs-3-pack-iget-australia-e1768124243495.jpg,,"Brands > IGET vape",,1,1536,,https://igetaustralia.com/product/iget-bar-pro-10000-puffs-3-packs/,igetaustralia.com,1767793035,default,78,{},"IGET BAR PRO 10000 PUFFS - 3 PACK",120
6023,,"IGET BAR PRO 10000 PUFFS - 5 PACK",,,"IGET vape > IGET BAR PRO",http://aussievapes.com.au/wp-content/uploads/2026/01/iget-bar-pro-10000-puffs-5-pack-iget-australia-e1768124182599.jpg,,"Brands > IGET vape",,1,1535,,https://igetaustralia.com/product/iget-bar-pro-10000-puffs-5-packs/,igetaustralia.com,1769702821,default,78,{},"IGET BAR PRO 10000 PUFFS - 5 PACK",120
6025,,"IGET BAR PRO 10000 PUFFS - 10 PACK",,,"IGET vape > IGET BAR PRO",http://aussievapes.com.au/wp-content/uploads/2026/01/iget-bar-pro-10000-puffs-10-pack-iget-australia-e1768124124337.jpg,,"Brands > IGET vape",,1,1534,,https://igetaustralia.com/product/iget-bar-pro-10000-puffs-10-packs/,igetaustralia.com,1767793045,default,78,{},"IGET BAR PRO 10000 PUFFS - 10 PACK",120
6027,,"IGET BAR PRO 10000 PUFFS - 20 PACK",,,"IGET vape > IGET BAR PRO",http://aussievapes.com.au/wp-content/uploads/2026/01/iget-bar-pro-10000-puffs-20-pack-iget-australia-e1768124049148.jpg,,"Brands > IGET vape",,1,1533,,https://igetaustralia.com/product/iget-bar-pro-10000-puffs-20-packs/,igetaustralia.com,1767793049,default,78,{},"IGET BAR PRO 10000 PUFFS - 20 PACK",120
6029,,"IGET BAR PRO - CHERRY POMEGRANATE - 10000 PUFFS",,,"IGET vape > IGET BAR PRO",http://aussievapes.com.au/wp-content/uploads/2026/01/iget-bar-pro-cherry-pomegranate-10000-puffs-iget-australia-e1768123983517.jpg,,"Brands > IGET vape",,1,1532,,https://igetaustralia.com/product/iget-bar-pro-cherry-pomegranate-10000-puffs/,igetaustralia.com,1767793052,default,71,{},"IGET BAR PRO - CHERRY POMEGRANATE - 10000 PUFFS",120
6031,,"IGET BAR PRO CHERRY POMEGRANATE - 10000 PUFFS",,,"IGET vape > IGET BAR PRO",http://aussievapes.com.au/wp-content/uploads/2026/01/iget-bar-pro-cherry-pomegranate-10000-puffs-iget-australia-1.jpg,,"Brands > IGET vape",,1,1531,,https://igetaustralia.com/product/iget-bar-pro-cherry-pomegranate-10000-puffs-2/,igetaustralia.com,1767793056,default,71,{},"IGET BAR PRO CHERRY POMEGRANATE - 10000 PUFFS",120
6033,,"IGET BAR PRO CHUPA CHUPS STRAWBERRY - 10000 PUFFS",,,"IGET vape > IGET BAR PRO",http://aussievapes.com.au/wp-content/uploads/2026/01/iget-bar-pro-chupa-chups-strawberry-10000-puffs-iget-australia.jpg,,"Brands > IGET vape",,1,1530,,https://igetaustralia.com/product/iget-bar-pro-chupa-chups-strawberry-10000-puffs/,igetaustralia.com,1767793068,default,71,{},"IGET BAR PRO CHUPA CHUPS STRAWBERRY - 10000 PUFFS",120
6034,,"IGET DUAL 2 FLAVOURS IN 1 DEVICE PEACH ICE / GRAPE ICE - 2100 PUFFS",,,"IGET vape > IGET DUAL",,,"Brands > IGET vape",,1,1529,,https://igetaustralia.com/product/iget-dual-2-flavours-in-1-device-peach-ice-grape-ice-2100-puffs/,igetaustralia.com,1767793216,default,68,{},"IGET DUAL 2 FLAVOURS IN 1 DEVICE PEACH ICE / GRAPE ICE - 2100 PUFFS",120
6035,,"IGET DUAL 2 FLAVOURS IN 1 DEVICE BLACKBERRY ICE / CHERRY ICE - 2100 PUFFS",,,"IGET vape > IGET DUAL",,,"Brands > IGET vape",,1,1527,,https://igetaustralia.com/product/iget-dual-2-flavours-in-1-device-blackberry-ice-cherry-ice-2100-puffs/,igetaustralia.com,1767793218,default,68,{},"IGET DUAL 2 FLAVOURS IN 1 DEVICE BLACKBERRY ICE / CHERRY ICE - 2100 PUFFS",120
6036,,"IGET DUAL 2 FLAVOURS IN 1 DEVICE BLUEBERRY RASPBERRY/ STRAWBERRY WATERMELON - 2100 PUFFS",,,"IGET vape > IGET DUAL",,,"Brands > IGET vape",,1,1528,,https://igetaustralia.com/product/iget-dual-2-flavours-in-1-device-blueberry-raspberry-strawberry-watermelon-2100-puff/,igetaustralia.com,1767793218,default,68,{},"IGET DUAL 2 FLAVOURS IN 1 DEVICE BLUEBERRY RASPBERRY/ STRAWBERRY WATERMELON - 2100 PUFFS",120
6038,,"IGET DUAL 2 FLAVOURS IN 1 DEVICE PINEAPPLE ICE / BLUEBERRY ICE - 2100 PUFFS",,,"IGET vape > IGET DUAL",http://aussievapes.com.au/wp-content/uploads/2026/01/iget-dual-2-flavours-in-1-device-pineapple-ice-blueberry-ice-2100-puffs-.jpeg,,"Brands > IGET vape",,1,1525,,https://igetaustralia.com/product/iget-dual-2-flavours-in-1-device-pineapple-ice-blueberry-ice-2100-puffs/,igetaustralia.com,1767793219,default,71,{},"IGET DUAL 2 FLAVOURS IN 1 DEVICE PINEAPPLE ICE / BLUEBERRY ICE - 2100 PUFFS",120
6040,,"IGET DUAL 2 FLAVOURS IN 1 DEVICE PASSIONFRUIT MANGO ICE / MIXED BERRY - 2100 PUFFS",,,"IGET vape > IGET DUAL",http://aussievapes.com.au/wp-content/uploads/2026/01/iget-dual-2-flavours-in-1-device-passionfruit-mango-ice-mixed-berry-2100.jpeg,,"Brands > IGET vape",,1,1526,,https://igetaustralia.com/product/iget-dual-2-flavours-in-1-device-passionfruit-mango-ice-mixed-berry-2100-puffs/,igetaustralia.com,1778354391,default,71,{},"IGET DUAL 2 FLAVOURS IN 1 DEVICE PASSIONFRUIT MANGO ICE / MIXED BERRY - 2100 PUFFS",120
6041,,"IGET DUAL 2 FLAVOURS IN 1 DEVICE LUSH ICE / MANGO ICE - 2100 PUFFS",,,"IGET vape > IGET DUAL",,,"Brands > IGET vape",,1,1524,,https://igetaustralia.com/product/iget-dual-2-flavours-in-1-device-lush-ice-mango-ice-2100-puffs/,igetaustralia.com,1769681538,default,68,{},"IGET DUAL 2 FLAVOURS IN 1 DEVICE LUSH ICE / MANGO ICE - 2100 PUFFS",120
6044,,"IGET GOAT CHERRY ICE – 5000 PUFFS",,,"IGET vape > IGET GOAT 5000",http://aussievapes.com.au/wp-content/uploads/2026/01/iget-goat-cherry-ice-5000-puffs-iget-australia.png,,"Brands > IGET vape",,1,1522,,https://igetaustralia.com/product/iget-goat-cherry-ice-5000-puffs/,igetaustralia.com,1769614328,default,78,{},"IGET GOAT CHERRY ICE – 5000 PUFFS",120
6045,,"IGET GOAT ENERGY RUSH – 5000 PUFFS",,,"IGET vape > IGET GOAT 5000",http://aussievapes.com.au/wp-content/uploads/2026/01/iget-goat-energy-rush-5000-puffs-iget-australia.png,,"Brands > IGET vape",,1,1523,,https://igetaustralia.com/product/iget-goat-energy-rush-5000-puffs/,igetaustralia.com,1769720446,default,79,{},"IGET GOAT ENERGY RUSH – 5000 PUFFS",120
6047,,"IGET GOAT LUSH ICE – 5000 PUFFS",,,"IGET vape > IGET GOAT 5000",http://aussievapes.com.au/wp-content/uploads/2026/01/iget-goat-lush-ice-5000-puffs-iget-australia.png,,"Brands > IGET vape",,1,1521,,https://igetaustralia.com/product/iget-goat-lush-ice-5000-puffs/,igetaustralia.com,1769795699,default,78,{},"IGET GOAT LUSH ICE – 5000 PUFFS",120
6051,,"IGET GOAT PASSIONFRUIT GRAPE ORANGE ICE – 5000 PUFFS",,,"IGET vape > IGET GOAT 5000",http://aussievapes.com.au/wp-content/uploads/2026/01/iget-goat-passionfruit-grape-orange-ice-5000-puffs-iget-australia.png,,"Brands > IGET vape",,1,1520,,https://igetaustralia.com/product/iget-goat-passionfruit-grape-orange-ice-5000-puffs/,igetaustralia.com,1769795680,default,74,{},"IGET GOAT PASSIONFRUIT GRAPE ORANGE ICE – 5000 PUFFS",120
6053,,"IGET GOAT PINK LEMON BERRY – 5000 PUFFS | IGET Australia",,,"IGET vape > IGET GOAT 5000",http://aussievapes.com.au/wp-content/uploads/2026/01/iget-goat-pink-lemon-berry-5000-puffs-iget-australia.png,,,,1,1519,,https://igetaustralia.com/product/iget-goat-pink-lemon-berry-5000-puffs/,igetaustralia.com,1769795644,,,,,
6057,,"IGET GOAT BLACKBERRY RASPBERRY ICE – 5000 PUFFS",,,"IGET vape > IGET GOAT 5000",http://aussievapes.com.au/wp-content/uploads/2026/01/iget-goat-blackberry-raspberry-ice-5000-puffs-iget-australia.png,,"Brands > IGET vape",,1,1518,,https://igetaustralia.com/product/iget-goat-blackberry-raspberry-ice-5000-puffs/,igetaustralia.com,1778355685,default,74,{},"IGET GOAT BLACKBERRY RASPBERRY ICE – 5000 PUFFS",120
6059,,"IGET GOAT BLUEBERRY RASPBERRY LEMON – 5000 PUFFS",,,"IGET vape > IGET GOAT 5000",http://aussievapes.com.au/wp-content/uploads/2026/01/iget-goat-blueberry-raspberry-lemon-5000-puffs-iget-australia.png,,"Brands > IGET vape",,1,1517,,https://igetaustralia.com/product/iget-goat-blueberry-raspberry-lemon-5000-puffs/,igetaustralia.com,1769645965,default,74,{},"IGET GOAT BLUEBERRY RASPBERRY LEMON – 5000 PUFFS",120
6061,,"IGET GOAT FRUIT GUMMY – 5000 PUFFS",,,"IGET vape > IGET GOAT 5000",http://aussievapes.com.au/wp-content/uploads/2026/01/iget-goat-fruit-gummy-5000-puffs-iget-australia.png,,"Brands > IGET vape",,1,1516,,https://igetaustralia.com/product/iget-goat-fruit-gummy-5000-puffs/,igetaustralia.com,1769731937,default,78,{},"IGET GOAT FRUIT GUMMY – 5000 PUFFS",120
6063,,"IGET GOAT STRAWBERRY KIWI – 5000 PUFFS",,,"IGET vape > IGET GOAT 5000",http://aussievapes.com.au/wp-content/uploads/2026/01/iget-goat-strawberry-kiwi-5000-puffs-iget-australia.png,,"Brands > IGET vape",,1,1515,,https://igetaustralia.com/product/iget-goat-strawberry-kiwi-5000-puffs/,igetaustralia.com,1769795782,default,78,{},"IGET GOAT STRAWBERRY KIWI – 5000 PUFFS",120
6065,,"IGET GOAT STRAWBERRY WATERMELON – 5000 PUFFS",,,"IGET vape > IGET GOAT 5000",http://aussievapes.com.au/wp-content/uploads/2026/01/iget-goat-strawberry-watermelon-5000-puffs-iget-australia.png,,"Brands > IGET vape",,1,1514,,https://igetaustralia.com/product/iget-goat-strawberry-watermelon-5000-puffs/,igetaustralia.com,1769795798,default,74,{},"IGET GOAT STRAWBERRY WATERMELON – 5000 PUFFS",120
6071,,"IGET HOT ALOE VERA GRAPE ICE – 5500 PUFFS",,,"IGET vape > IGET HOT 5500",http://aussievapes.com.au/wp-content/uploads/2026/01/iget-hot-aloe-vera-grape-ice-5500-puffs-iget-australia.jpeg,,"Brands > IGET vape",,1,1513,,https://igetaustralia.com/product/iget-hot-aloe-vera-grape-ice-5500-puffs/,igetaustralia.com,1767793502,default,71,{},"IGET HOT ALOE VERA GRAPE ICE – 5500 PUFFS",120
6074,,"IGET HOT BLUEBERRY ICE – 5500 PUFFS",,,"IGET vape > IGET HOT 5500",http://aussievapes.com.au/wp-content/uploads/2026/01/iget-hot-blueberry-ice-5500-puffs-iget-australia.jpeg,,"Brands > IGET vape",,1,1511,,https://igetaustralia.com/product/iget-hot-blueberry-ice-5500-puffs/,igetaustralia.com,1767793504,default,76,{},"IGET HOT BLUEBERRY ICE – 5500 PUFFS",120
6075,,"IGET HOT COLA LIME ICE – 5500 PUFFS",,,"IGET vape > IGET HOT 5500",http://aussievapes.com.au/wp-content/uploads/2026/01/iget-hot-cola-lime-ice-5500-puffs-iget-australia.jpeg,,"Brands > IGET vape",,1,1512,,https://igetaustralia.com/product/iget-hot-cola-lime-ice-5500-puffs/,igetaustralia.com,1769707775,default,76,{},"IGET HOT COLA LIME ICE – 5500 PUFFS",120
6077,,"IGET HOT DOUBLE APPLE ICE – 5500 PUFFS",,,"IGET vape > IGET HOT 5500",http://aussievapes.com.au/wp-content/uploads/2026/01/iget-hot-double-apple-ice-5500-puffs-iget-australia.jpeg,,"Brands > IGET vape",,1,1510,,https://igetaustralia.com/product/iget-hot-double-apple-ice-5500-puffs/,igetaustralia.com,1767793513,default,77,{},"IGET HOT DOUBLE APPLE ICE – 5500 PUFFS",120
6079,,"IGET HOT GREEN PLUM ICE – 5500 PUFFS",,,"IGET vape > IGET HOT 5500",http://aussievapes.com.au/wp-content/uploads/2026/01/iget-hot-green-plum-ice-5500-puffs-iget-australia.jpeg,,"Brands > IGET vape",,1,1509,,https://igetaustralia.com/product/iget-hot-green-plum-ice-5500-puffs/,igetaustralia.com,1769722149,default,76,{},"IGET HOT GREEN PLUM ICE – 5500 PUFFS",120
6081,,"IGET HOT MANGO ICE – 5500 PUFFS",,,"IGET vape > IGET HOT 5500",http://aussievapes.com.au/wp-content/uploads/2026/01/iget-hot-mango-ice-5500-puffs-iget-australia.jpeg,,"Brands > IGET vape",,1,1508,,https://igetaustralia.com/product/iget-hot-mango-ice-5500-puffs/,igetaustralia.com,1767793528,default,76,{},"IGET HOT MANGO ICE – 5500 PUFFS",120
6083,,"IGET HOT MANGO PASSION FRUIT ICE – 5500 PUFFS",,,"IGET vape > IGET HOT 5500",http://aussievapes.com.au/wp-content/uploads/2026/01/iget-hot-mango-passion-fruit-ice-5500-puffs-iget-australia.jpeg,,"Brands > IGET vape",,1,1507,,https://igetaustralia.com/product/iget-hot-mango-passion-fruit-ice-5500-puffs/,igetaustralia.com,1767793534,default,73,{},"IGET HOT MANGO PASSION FRUIT ICE – 5500 PUFFS",120
6084,,"IGET HOT MINT ICE – 5500 PUFFS",,,"IGET vape > IGET HOT 5500",,,"Brands > IGET vape",,1,1506,,https://igetaustralia.com/product/iget-hot-mint-ice-5500-puffs/,igetaustralia.com,1767793545,default,73,{},"IGET HOT MINT ICE – 5500 PUFFS",120
6086,,"IGET HOT PEACH ICE – 5500 PUFFS",,,"IGET vape > IGET HOT 5500",http://aussievapes.com.au/wp-content/uploads/2026/01/iget-hot-peach-ice-5500-puffs-iget-australia.jpeg,,"Brands > IGET vape",,1,1505,,https://igetaustralia.com/product/iget-hot-peach-ice-5500-puffs/,igetaustralia.com,1767793548,default,76,{},"IGET HOT PEACH ICE – 5500 PUFFS",120
6088,,"IGET HOT STRAWBERRY ICE – 5500 PUFFS",,,"IGET vape > IGET HOT 5500",http://aussievapes.com.au/wp-content/uploads/2026/01/iget-hot-strawberry-ice-5500-puffs-iget-australia.jpg,,"Brands > IGET vape",,1,1504,,https://igetaustralia.com/product/iget-hot-strawberry-ice-5500-puffs/,igetaustralia.com,1767793557,default,76,{},"IGET HOT STRAWBERRY ICE – 5500 PUFFS",120
6090,,"IGET HOT STRAWBERRY KIWI ICE – 5500 PUFFS",,,"IGET vape > IGET HOT 5500",http://aussievapes.com.au/wp-content/uploads/2026/01/iget-hot-strawberry-kiwi-ice-5500-puffs-iget-australia.jpeg,,"Brands > IGET vape",,1,1503,,https://igetaustralia.com/product/iget-hot-strawberry-kiwi-ice-5500-puffs/,igetaustralia.com,1767793568,default,71,{},"IGET HOT STRAWBERRY KIWI ICE – 5500 PUFFS",120
6092,,"IGET HOT STRAWBERRY WATERMELON ICE – 5500 PUFFS",,,"IGET vape > IGET HOT 5500",http://aussievapes.com.au/wp-content/uploads/2026/01/iget-hot-strawberry-watermelon-ice-5500-puffs-iget-australia.jpeg,,"Brands > IGET vape",,1,1502,,https://igetaustralia.com/product/iget-hot-strawberry-watermelon-ice-5500-puffs/,igetaustralia.com,1767793581,default,71,{},"IGET HOT STRAWBERRY WATERMELON ICE – 5500 PUFFS",120
6093,,"IGET HOT WATERMELON ICE – 5500 PUFFS",,,"IGET vape > IGET HOT 5500",,,"Brands > IGET vape",,1,1501,,https://igetaustralia.com/product/iget-hot-watermelon-ice-5500-puffs/,igetaustralia.com,1767793587,default,73,{},"IGET HOT WATERMELON ICE – 5500 PUFFS",120
6095,,"IGET HOT BLACKBERRY POMEGRANATE CHERRY – 5500 PUFFS",,,"IGET vape > IGET HOT 5500",http://aussievapes.com.au/wp-content/uploads/2026/01/iget-hot-blackberry-pomegranate-cherry-5500-puffs-iget-australia.jpg,,"Brands > IGET vape",,1,1500,,https://igetaustralia.com/product/iget-hot-blackberry-pomegranate-cherry-5500-puffs/,igetaustralia.com,1767793589,default,74,{},"IGET HOT BLACKBERRY POMEGRANATE CHERRY – 5500 PUFFS",120
6097,,"IGET HOT STRAWBERRY MANGO – 5500 PUFFS",,,"IGET vape > IGET HOT 5500",http://aussievapes.com.au/wp-content/uploads/2026/01/iget-hot-strawberry-mango-5500-puffs-iget-australia.jpg,,"Brands > IGET vape",,1,1499,,https://igetaustralia.com/product/iget-hot-strawberry-mango-5500-puffs/,igetaustralia.com,1767793596,default,78,{},"IGET HOT STRAWBERRY MANGO – 5500 PUFFS",120
6099,,"IGET HOT BANANA ICE – 5500 PUFFS",,,"IGET vape > IGET HOT 5500",http://aussievapes.com.au/wp-content/uploads/2026/01/iget-hot-banana-ice-5500-puffs-iget-australia.jpg,,"Brands > IGET vape",,1,1497,,https://igetaustralia.com/product/iget-hot-banana-ice-5500-puffs/,igetaustralia.com,1767793604,default,78,{},"IGET HOT BANANA ICE – 5500 PUFFS",120
6101,,"IGET HOT BLACKBERRY – 5500 PUFFS",,,"IGET vape > IGET HOT 5500",http://aussievapes.com.au/wp-content/uploads/2026/01/iget-hot-blackberry-5500-puffs-iget-australia.jpg,,"Brands > IGET vape",,1,1498,,https://igetaustralia.com/product/iget-hot-blackberry-5500-puffs/,igetaustralia.com,1767793604,default,78,{},"IGET HOT BLACKBERRY – 5500 PUFFS",120
6103,,"IGET HOT HONEYDEW MELON APPLE – 5500 PUFFS",,,"IGET vape > IGET HOT 5500",http://aussievapes.com.au/wp-content/uploads/2026/01/iget-hot-honeydew-melon-apple-5500-puffs-iget-australia.jpg,,"Brands > IGET vape",,1,1496,,https://igetaustralia.com/product/iget-hot-honeydew-melon-apple-5500-puffs/,igetaustralia.com,1767793621,default,74,{},"IGET HOT HONEYDEW MELON APPLE – 5500 PUFFS",120
6104,,"IGET HOT ORANGE SODA – 5500 PUFFS",,,"IGET vape > IGET HOT 5500",,,"Brands > IGET vape",,1,1495,,https://igetaustralia.com/product/iget-hot-orange-soda-5500-puffs/,igetaustralia.com,1767793626,default,75,{},"IGET HOT ORANGE SODA – 5500 PUFFS",120
6106,,"IGET HOT PINEAPPLE JUICE – 5500 PUFFS",,,"IGET vape > IGET HOT 5500",http://aussievapes.com.au/wp-content/uploads/2026/01/iget-hot-pineapple-juice-5500-puffs-iget-australia.jpg,,"Brands > IGET vape",,1,1494,,https://igetaustralia.com/product/iget-hot-pineapple-juice-5500-puffs/,igetaustralia.com,1767793631,default,78,{},"IGET HOT PINEAPPLE JUICE – 5500 PUFFS",120
6108,,"IGET HOT BLUEBERRY WATERMELON – 5500 PUFFSslick",,,"IGET vape > IGET HOT 5500",http://aussievapes.com.au/wp-content/uploads/2026/01/iget-hot-blueberry-watermelon-5500-puffsslick-iget-australia-e1768133147640.jpg,,"Brands > IGET vape",,1,1493,,https://igetaustralia.com/product/iget-hot-blueberry-watermelon-5500-puffs-2/,igetaustralia.com,1767793642,default,71,{},"IGET HOT BLUEBERRY WATERMELON – 5500 PUFFSslick",120
6110,,"IGET HOT WATERMELON KIWI – 5500 PUFFS",,,"IGET vape > IGET HOT 5500",http://aussievapes.com.au/wp-content/uploads/2026/01/iget-hot-watermelon-kiwi-5500-puffs-iget-australia-e1768132903724.jpg,,"Brands > IGET vape",,1,1492,,https://igetaustralia.com/product/iget-hot-watermelon-kiwi-5500-puffs/,igetaustralia.com,1767793649,default,78,{},"IGET HOT WATERMELON KIWI – 5500 PUFFS",120
6111,,"IGET HOT RASPBERRY GRAPE – 5500 PUFFS",,,"IGET vape > IGET HOT 5500",,,"Brands > IGET vape",,1,1491,,https://igetaustralia.com/product/iget-hot-raspberry-grape-5500-puffs/,igetaustralia.com,1778355957,default,73,{},"IGET HOT RASPBERRY GRAPE – 5500 PUFFS",120
6113,,"IGET HOT 5500 PUFFS - 3 PACK",,,"IGET vape > IGET HOT 5500",http://aussievapes.com.au/wp-content/uploads/2026/01/iget-hot-5500-puffs-3-pack-iget-australia-e1768132803839.jpg,,"Brands > IGET vape",,1,1490,,https://igetaustralia.com/product/iget-hot-5500-puffs-3-packs/,igetaustralia.com,1767793666,default,78,{},"IGET HOT 5500 PUFFS - 3 PACK",120
6115,,"IGET HOT 5500 PUFFS - 5 PACK",,,"IGET vape > IGET HOT 5500",http://aussievapes.com.au/wp-content/uploads/2026/01/iget-hot-5500-puffs-5-pack-iget-australia-e1768132748794.jpg,,"Brands > IGET vape",,1,1489,,https://igetaustralia.com/product/iget-hot-5500-puffs-5-packs/,igetaustralia.com,1767793674,default,78,{},"IGET HOT 5500 PUFFS - 5 PACK",120
6117,,"IGET HOT 5500 PUFFS - 10 PACK",,,"IGET vape > IGET HOT 5500",http://aussievapes.com.au/wp-content/uploads/2026/01/iget-hot-5500-puffs-10-pack-iget-australia-e1768132685126.jpg,,"Brands > IGET vape",,1,1488,,https://igetaustralia.com/product/iget-hot-5500-puffs-10-packs/,igetaustralia.com,1767793680,default,78,{},"IGET HOT 5500 PUFFS - 10 PACK",120
6118,,"IGET HOT 5500 PUFFS - 20 PACK",,,"IGET vape > IGET HOT 5500",,,"Brands > IGET vape",,1,1487,,https://igetaustralia.com/product/iget-hot-5500-puffs-20-packs/,igetaustralia.com,1769681294,default,75,{},"IGET HOT 5500 PUFFS - 20 PACK",120
6120,,"IGET KING COOL PEACH – 2600 PUFFS",,,"IGET vape > IGET KING 2600",http://aussievapes.com.au/wp-content/uploads/2026/01/iget-king-cool-peach-2600-puffs-iget-australia.png,,"Brands > IGET vape",,1,1486,,https://igetaustralia.com/product/iget-king-cool-peach-2600-puffs/,igetaustralia.com,1767794555,default,79,{},"IGET KING COOL PEACH – 2600 PUFFS",120
6121,,"IGET KING P.P.C. PASSIONFRUIT PINEAPPLE CRANBERRY ICE – 2600 PUFFS",,,"IGET vape > IGET KING 2600",,,"Brands > IGET vape",,1,1484,,https://igetaustralia.com/product/iget-king-p-p-c-ice-2600-puffs/,igetaustralia.com,1778359578,default,68,{},"IGET KING P.P.C. PASSIONFRUIT PINEAPPLE CRANBERRY ICE – 2600 PUFFS",120
6122,,"IGET KING MANGO BOMB – 2600 PUFFS",,,"IGET vape > IGET KING 2600",,,"Brands > IGET vape",,1,1485,,https://igetaustralia.com/product/iget-king-mango-bomb-2600-puffs/,igetaustralia.com,1767794556,default,76,{},"IGET KING MANGO BOMB – 2600 PUFFS",120
6124,,"IGET KING VERY BERRY – 2600 PUFFS",,,"IGET vape > IGET KING 2600",http://aussievapes.com.au/wp-content/uploads/2026/01/iget-king-very-berry-2600-puffs-iget-australia.jpeg,,"Brands > IGET vape",,1,1483,,https://igetaustralia.com/product/iget-king-very-berry-2600-puffs/,igetaustralia.com,1767794559,default,78,{},"IGET KING VERY BERRY – 2600 PUFFS",120
6125,,"IGET KING BLUEBERRY RASPBERRY ICE – 2600 PUFFS",,,"IGET vape > IGET KING 2600",,,"Brands > IGET vape",,1,1482,,https://igetaustralia.com/product/iget-king-blueberry-raspberry-ice-2600-puffs/,igetaustralia.com,1767794568,default,70,{},"IGET KING BLUEBERRY RASPBERRY ICE – 2600 PUFFS",120
6127,,"IGET KING KIWI GRAPE - 2600 PUFFS",,,"IGET vape > IGET KING 2600",http://aussievapes.com.au/wp-content/uploads/2026/01/iget-king-kiwi-grape-2600-puffs-iget-australia.jpg,,"Brands > IGET vape",,1,1481,,https://igetaustralia.com/product/iget-king-kiwi-grape-2600-puffs/,igetaustralia.com,1767794574,default,78,{},"IGET KING KIWI GRAPE - 2600 PUFFS",120
6128,,"IGET KING PASSIONFRUIT GRAPE ICE – 2600 PUFFS",,,"IGET vape > IGET KING 2600",,,"Brands > IGET vape",,1,1480,,https://igetaustralia.com/product/iget-king-passionfruit-grape-ice-2600-puffs/,igetaustralia.com,1767794577,default,70,{},"IGET KING PASSIONFRUIT GRAPE ICE – 2600 PUFFS",120
6130,,"IGET KING LUSH ICE - 2600 PUFFS",,,"IGET vape > IGET KING 2600",http://aussievapes.com.au/wp-content/uploads/2026/01/iget-king-lush-ice-2600-puffs-iget-australia.jpg,,"Brands > IGET vape",,1,1479,,https://igetaustralia.com/product/iget-king-lush-ice-2600-puffs/,igetaustralia.com,1778358556,default,78,{},"IGET KING LUSH ICE - 2600 PUFFS",120
6132,,"IGET KING BLACKBERRY ICE – 2600 PUFFS",,,"IGET vape > IGET KING 2600",http://aussievapes.com.au/wp-content/uploads/2026/01/iget-king-blackberry-ice-2600-puffs-iget-australia.jpeg,,"Brands > IGET vape",,1,1478,,https://igetaustralia.com/product/iget-king-blackberry-ice-2600-puffs/,igetaustralia.com,1767794588,default,78,{},"IGET KING BLACKBERRY ICE – 2600 PUFFS",120
6133,,"IGET KING ICED BLUEBERRY – 2600 PUFFS",,,"IGET vape > IGET KING 2600",,,"Brands > IGET vape",,1,1477,,https://igetaustralia.com/product/iget-king-iced-blueberry-2600-puffs/,igetaustralia.com,1767794600,default,75,{},"IGET KING ICED BLUEBERRY – 2600 PUFFS",120
6134,,"IGET KING ICED GRAPE – 2600 PUFFS",,,"IGET vape > IGET KING 2600",,,"Brands > IGET vape",,1,1476,,https://igetaustralia.com/product/iget-king-iced-grape-2600-puffs/,igetaustralia.com,1767794614,default,75,{},"IGET KING ICED GRAPE – 2600 PUFFS",120
6135,,"IGET KING LUSH FRUIT – 2600 PUFFS",,,"IGET vape > IGET KING 2600",,,"Brands > IGET vape",,1,1475,,https://igetaustralia.com/product/iget-king-lush-fruit-2600-puffs/,igetaustralia.com,1767794617,default,75,{},"IGET KING LUSH FRUIT – 2600 PUFFS",120
6136,,"IGET KING PINEAPPLE JUICE ICE – 2600 PUFFS",,,"IGET vape > IGET KING 2600",,,"Brands > IGET vape",,1,1474,,https://igetaustralia.com/product/iget-king-pineapple-juice-ice-2600-puffs/,igetaustralia.com,1767794634,default,70,{},"IGET KING PINEAPPLE JUICE ICE – 2600 PUFFS",120
6137,,"IGET KING COLA ICE – 2600 PUFFS",,,"IGET vape > IGET KING 2600",,,"Brands > IGET vape",,1,1473,,https://igetaustralia.com/product/iget-king-cola-ice2600-puffs/,igetaustralia.com,1767794638,default,75,{},"IGET KING COLA ICE – 2600 PUFFS",120
6138,,"IGET KING DOUBLE APPLE – 2600 PUFFS",,,"IGET vape > IGET KING 2600",,,"Brands > IGET vape",,1,1472,,https://igetaustralia.com/product/iget-king-double-apple-2600-puffs/,igetaustralia.com,1767794641,default,76,{},"IGET KING DOUBLE APPLE – 2600 PUFFS",120
6139,,"IGET KING STRAWBERRY WATERMELON – 2600 PUFFS",,,"IGET vape > IGET KING 2600",,,"Brands > IGET vape",,1,1471,,https://igetaustralia.com/product/iget-king-strawberry-watermelon-2600-puffs/,igetaustralia.com,1767794644,default,70,{},"IGET KING STRAWBERRY WATERMELON – 2600 PUFFS",120
6140,,"IGET KING PASSION FRUIT GRAPE ICE – 2600 PUFFS",,,"IGET vape > IGET KING 2600",,,"Brands > IGET vape",,1,1470,,https://igetaustralia.com/product/iget-king-passion-fruit-grape-ice-2600-puffs/,igetaustralia.com,1767794650,default,71,{},"IGET KING PASSION FRUIT GRAPE ICE – 2600 PUFFS",120
6142,,"IGET KING LYCHEE ICE – 2600 PUFFS",,,"IGET vape > IGET KING 2600",http://aussievapes.com.au/wp-content/uploads/2026/01/iget-king-lychee-ice-2600-puffs-iget-australia.jpg,,"Brands > IGET vape",,1,1469,,https://igetaustralia.com/product/iget-king-lychee-ice-2600-puffs/,igetaustralia.com,1767794662,default,78,{},"IGET KING LYCHEE ICE – 2600 PUFFS",120
6143,,"IGET KING STRAWBERRY KIWI ICE – 2600 PUFFS",,,"IGET vape > IGET KING 2600",,,"Brands > IGET vape",,1,1468,,https://igetaustralia.com/product/iget-king-strawberry-kiwi-ice-2600-puffs/,igetaustralia.com,1767794672,default,70,{},"IGET KING STRAWBERRY KIWI ICE – 2600 PUFFS",120
6145,,"IGET KING MINT ICE – 2600 PUFFS",,,"IGET vape > IGET KING 2600",http://aussievapes.com.au/wp-content/uploads/2026/01/iget-king-mint-ice-2600-puffs-iget-australia.jpeg,,"Brands > IGET vape",,1,1467,,https://igetaustralia.com/product/iget-king-mint-ice-2600-puffs/,igetaustralia.com,1767794676,default,78,{},"IGET KING MINT ICE – 2600 PUFFS",120
6147,,"IGET KING ENERGY DRINK ICE – 2600 PUFFS",,,"IGET vape > IGET KING 2600",http://aussievapes.com.au/wp-content/uploads/2026/01/iget-king-energy-drink-ice-2600-puffs-iget-australia.jpeg,,"Brands > IGET vape",,1,1466,,https://igetaustralia.com/product/iget-king-energy-drink-ice-2600-puffs/,igetaustralia.com,1767794686,default,79,{},"IGET KING ENERGY DRINK ICE – 2600 PUFFS",120
6148,,"IGET KING PAPAYA BANANA ICE – 2600 PUFFS",,,"IGET vape > IGET KING 2600",,,"Brands > IGET vape",,1,1465,,https://igetaustralia.com/product/iget-king-papaya-banana-ice-2600-puffs/,igetaustralia.com,1767794696,default,70,{},"IGET KING PAPAYA BANANA ICE – 2600 PUFFS",120
6149,,"IGET KING STRAWBERRY APPLE BANANA ICE – 2600 PUFFS",,,"IGET vape > IGET KING 2600",,,,,1,1464,,https://igetaustralia.com/product/iget-king-strawberry-apple-banana-ice-2600-puffs/,igetaustralia.com,1769696977,default,70,{},"IGET KING STRAWBERRY APPLE BANANA ICE – 2600 PUFFS",
6150,,"IGET KING STRAWBERRY CHERRY – 2600 PUFFS",,,"IGET vape > IGET KING 2600",,,"Brands > IGET vape",,1,1463,,https://igetaustralia.com/product/iget-king-strawberry-cherry-2600-puffs/,igetaustralia.com,1767794708,default,65,{},"IGET KING STRAWBERRY CHERRY – 2600 PUFFS",120
6152,,"IGET KING VANILLA ICE CREAM – 2600 PUFFS",,,"IGET vape > IGET KING 2600",http://aussievapes.com.au/wp-content/uploads/2026/01/iget-king-vanilla-ice-cream-2600-puffs-iget-australia.jpeg,,"Brands > IGET vape",,1,1462,,https://igetaustralia.com/product/iget-king-vanilla-ice-cream-2600-puffs/,igetaustralia.com,1767794710,default,74,{},"IGET KING VANILLA ICE CREAM – 2600 PUFFS",120
6153,,"IGET KING PASSION FRUIT MANGO ICE – 2600 PUFFS",,,"IGET vape > IGET KING 2600",,,"Brands > IGET vape",,1,1461,,https://igetaustralia.com/product/iget-king-passion-fruit-mango-ice-2600-puffs/,igetaustralia.com,1767794725,default,71,{},"IGET KING PASSION FRUIT MANGO ICE – 2600 PUFFS",120
6155,,"IGET KING BLACKBERRY RASPBERRY ICE – 2600 PUFFS",,,"IGET vape > IGET KING 2600",http://aussievapes.com.au/wp-content/uploads/2026/01/iget-king-blackberry-raspberry-ice-2600-puffs-iget-australia.jpg,,,,1,1460,,https://igetaustralia.com/product/iget-king-blackberry-raspberry-ice-2600-puffs/,igetaustralia.com,1767794729,default,74,{},"IGET KING BLACKBERRY RASPBERRY ICE – 2600 PUFFS",
6156,,"IGET KING SMOOTH TOBACCO – 2600 PUFFS",,,"IGET vape > IGET KING 2600",,,"Brands > IGET vape",,1,1459,,https://igetaustralia.com/product/iget-king-smooth-tobacco-2600-puffs/,igetaustralia.com,1767794733,default,75,{},"IGET KING SMOOTH TOBACCO – 2600 PUFFS",120
6157,,"IGET KING RASPBERRY POMEGRANATE - 2600 PUFFS",,,"IGET vape > IGET KING 2600",,,"Brands > IGET vape",,1,1458,,https://igetaustralia.com/product/iget-king-raspberry-pomegranate-2600-puffs/,igetaustralia.com,1767794741,default,70,{},"IGET KING RASPBERRY POMEGRANATE - 2600 PUFFS",120
6158,,"IGET KING TROPICAL FRUIT - 2600 PUFFS",,,"IGET vape > IGET KING 2600",,,"Brands > IGET vape",,1,1457,,https://igetaustralia.com/product/iget-king-tropical-fruit-2600-puffs/,igetaustralia.com,1767794746,default,75,{},"IGET KING TROPICAL FRUIT - 2600 PUFFS",120
6160,,"IGET KING BANANA DRAGON FRUIT - 2600 PUFFS",,,"IGET vape > IGET KING 2600",http://aussievapes.com.au/wp-content/uploads/2026/01/iget-king-banana-dragon-fruit-2600-puffs-iget-australia.jpg,,"Brands > IGET vape",,1,1456,,https://igetaustralia.com/product/iget-king-banana-dragon-fruit-2600-puffs/,igetaustralia.com,1767794750,default,74,{},"IGET KING BANANA DRAGON FRUIT - 2600 PUFFS",120
6162,,"IGET KING – 2600 PUFFS – 3 PACK",,,"IGET vape > IGET KING 2600",http://aussievapes.com.au/wp-content/uploads/2026/01/iget-king-2600-puffs-3-pack-iget-australia.png,,"Brands > IGET vape",,1,1455,,https://igetaustralia.com/product/iget-king-2600-puffs-3-pack/,igetaustralia.com,1778355805,default,78,{},"IGET KING – 2600 PUFFS – 3 PACK",120
6163,,"IGET KING – 2600 PUFFS – 5 PACK",,,"IGET vape > IGET KING 2600",,,"Brands > IGET vape",,1,1454,,https://igetaustralia.com/product/iget-king-2600-puffs-5-pack/,igetaustralia.com,1767794764,default,75,{},"IGET KING – 2600 PUFFS – 5 PACK",120
6164,,"IGET KING – 2600 PUFFS – 10 PACK",,,"IGET vape > IGET KING 2600",,,"Brands > IGET vape",,1,1453,,https://igetaustralia.com/product/iget-king-2600-puffs-10-pack/,igetaustralia.com,1767794771,default,75,{},"IGET KING – 2600 PUFFS – 10 PACK",120
6165,,"IGET KING – 2600 PUFFS – 20 PACK",,,"IGET vape > IGET KING 2600",,,"Brands > IGET vape",,1,1452,,https://igetaustralia.com/product/iget-king-2600-puffs-20-pack/,igetaustralia.com,1767794780,default,75,{},"IGET KING – 2600 PUFFS – 20 PACK",120
6166,,"IGET KING – 2600 PUFFS – 50 PACK",,,"IGET vape > IGET KING 2600",,,"Brands > IGET vape",,1,1451,,https://igetaustralia.com/product/iget-king-2600-puffs-50-pack/,igetaustralia.com,1767794786,default,75,{},"IGET KING – 2600 PUFFS – 50 PACK",120
6168,,"IGET LEGEND BLACKBERRY ICE – 4000 PUFFS | IGET Australia",,,"IGET vape > IGET LEGEND 4000",http://aussievapes.com.au/wp-content/uploads/2026/01/iget-legend-blackberry-ice-4000-puffs-iget-australia.jpeg,,,,1,1450,,https://igetaustralia.com/product/iget-legend-blackberry-ice-4000-puffs/,igetaustralia.com,1778354352,,,,,
6169,,"IGET LEGEND COLA LEMON SODA – 4000 PUFFS | IGET Australia",,,"IGET vape > IGET LEGEND 4000",,,,,1,1448,,https://igetaustralia.com/product/iget-legend-cola-lemon-soda-4000-puffs/,igetaustralia.com,1778354405,,,,,
6170,,"IGET LEGEND LUSH ICE – 4000 PUFFS | IGET Australia",,,"IGET vape > IGET LEGEND 4000",,,,,1,1449,,https://igetaustralia.com/product/iget-legend-lush-ice-4000-puffs/,igetaustralia.com,1767795025,,,,,
6171,,"IGET LEGEND PASSIONFRUIT MELON ICE – 4000 PUFFS | IGET Australia",,,"IGET vape > IGET LEGEND 4000",,,,,1,1447,,https://igetaustralia.com/product/iget-legend-passionfruit-melon-ice-4000-puffs/,igetaustralia.com,1767795028,,,,,
6173,,"IGET LEGEND ALOE MANGO CANTALOUPE – 4000 PUFFS | IGET Australia",,,"IGET vape > IGET LEGEND 4000",http://aussievapes.com.au/wp-content/uploads/2026/01/iget-legend-aloe-mango-cantaloupe-4000-puffs-iget-australia.jpeg,,,,1,1446,,https://igetaustralia.com/product/iget-legend-aloe-mango-cantaloupe-4000-puffs/,igetaustralia.com,1769684462,,,,,
6174,,"IGET LEGEND BLUEBERRY BLACKBERRY ICE – 4000 PUFFS | IGET Australia",,,"IGET vape > IGET LEGEND 4000",,,,,1,1445,,https://igetaustralia.com/product/iget-legend-blueberry-blackberry-ice-4000-puffs/,igetaustralia.com,1767795031,,,,,
6176,,"IGET LEGEND PEACH GUAVA STRAWBERRY ICE – 4000 PUFFS | IGET Australia",,,"IGET vape > IGET LEGEND 4000",,,,,1,1443,,https://igetaustralia.com/product/iget-legend-peach-guava-strawberry-ice-4000-puffs/,igetaustralia.com,1769702551,,,,,
6177,,"IGET LEGEND WATERMELON KIWI POMEGRANATE – 4000 PUFFS | IGET Australia",,,"IGET vape > IGET LEGEND 4000",http://aussievapes.com.au/wp-content/uploads/2026/01/iget-legend-watermelon-kiwi-pomegranate-4000-puffs-iget-australia.jpeg,,,,1,1444,,https://igetaustralia.com/product/iget-legend-watermelon-kiwi-pomegrante-4000-puffs/,igetaustralia.com,1767795034,,,,,
6178,,"IGET LEGEND MANGO BANANA MELON – 4000 PUFFS | IGET Australia",,,"IGET vape > IGET LEGEND 4000",,,,,1,1442,,https://igetaustralia.com/product/iget-legend-mango-banana-melon-4000-puffs/,igetaustralia.com,1778359584,,,,,
6179,,"IGET LEGEND FRESH MINT ICE – 4000 PUFFS | IGET Australia",,,"IGET vape > IGET LEGEND 4000",,,,,1,1441,,https://igetaustralia.com/product/iget-legend-fresh-mint-ice-4000-puffs/,igetaustralia.com,1767795040,,,,,
6180,,"IGET LEGEND BLUEBERRY RASPBERRY GRAPE ICE – 4000 PUFFS | IGET Australia",,,"IGET vape > IGET LEGEND 4000",,,,,1,1440,,https://igetaustralia.com/product/iget-legend-blueberry-raspberry-grape-ice-4000-puffs/,igetaustralia.com,1767795051,,,,,
6182,,"IGET LEGEND GRAPE ICE – 4000 PUFFS | IGET Australia",,,"IGET vape > IGET LEGEND 4000",http://aussievapes.com.au/wp-content/uploads/2026/01/iget-legend-grape-ice-4000-puffs-iget-australia.jpeg,,,,1,1439,,https://igetaustralia.com/product/iget-legend-grape-ice-4000-puffs/,igetaustralia.com,1767795066,,,,,
6183,,"IGET LEGEND MANGO BANANA ICE – 4000 PUFFS | IGET Australia",,,"IGET vape > IGET LEGEND 4000",,,,,1,1438,,https://igetaustralia.com/product/iget-legend-mango-banana-ice-4000-puffs/,igetaustralia.com,1767795075,,,,,
6185,,"IGET LEGEND PASSIONFRUIT MANGO ICE – 4000 PUFFS | IGET Australia",,,"IGET vape > IGET LEGEND 4000",http://aussievapes.com.au/wp-content/uploads/2026/01/iget-legend-passionfruit-mango-ice-4000-puffs-iget-australia.jpeg,,,,1,1437,,https://igetaustralia.com/product/iget-legend-passionfruit-mango-ice-4000-puffs/,igetaustralia.com,1769683225,,,,,
6187,,"IGET LEGEND PEACH PINEAPPLE LIME – 4000 PUFFS | IGET Australia",,,"IGET vape > IGET LEGEND 4000",http://aussievapes.com.au/wp-content/uploads/2026/01/iget-legend-peach-pineapple-lime-4000-puffs-iget-australia.jpeg,,,,1,1436,,https://igetaustralia.com/product/iget-legend-peach-pineapple-lime-4000-puffs/,igetaustralia.com,1767795090,,,,,
6189,,"IGET LEGEND PINK LEMON ORANGE ICE – 4000 PUFFS | IGET Australia",,,"IGET vape > IGET LEGEND 4000",http://aussievapes.com.au/wp-content/uploads/2026/01/iget-legend-pink-lemon-orange-ice-4000-puffs-iget-australia.jpeg,,,,1,1435,,https://igetaustralia.com/product/iget-legend-pink-lemon-orange-ice-4000-puffs/,igetaustralia.com,1769685023,,,,,
6190,,"IGET LEGEND RASPBERRY WATERMELON LEMON – 4000 PUFFS | IGET Australia",,,"IGET vape > IGET LEGEND 4000",,,,,1,1434,,https://igetaustralia.com/product/iget-legend-raspberry-watermelon-lemon-4000-puffs/,igetaustralia.com,1767795106,,,,,
6191,,"IGET LEGEND STRAWBERRY KIWI ICE – 4000 PUFFS | IGET Australia",,,"IGET vape > IGET LEGEND 4000",,,,,1,1433,,https://igetaustralia.com/product/iget-legend-strawberry-kiwi-ice-4000-puffs/,igetaustralia.com,1769693575,,,,,
6192,,"IGET LEGEND STRAWBERRY WATERMELON – 4000 PUFFS | IGET Australia",,,"IGET vape > IGET LEGEND 4000",,,,,1,1432,,https://igetaustralia.com/product/iget-legend-strawberry-watermelon-4000-puffs/,igetaustralia.com,1778354511,,,,,
6194,,"IGET LEGEND ORANGE MELON LEMON – 4000 PUFFS | IGET Australia",,,"IGET vape > IGET LEGEND 4000",http://aussievapes.com.au/wp-content/uploads/2026/01/iget-legend-orange-melon-lemon-4000-puffs-iget-australia.jpeg,,,,1,1431,,https://igetaustralia.com/product/iget-legend-orange-melon-lemon-4000-puffs/,igetaustralia.com,1767795126,,,,,
6195,,"IGET LEGEND PINEAPPLE WATERMELON LEMON ICE – 4000 PUFFS | IGET Australia",,,"IGET vape > IGET LEGEND 4000",,,,,1,1430,,https://igetaustralia.com/product/iget-legend-pineapple-watermelon-lemon-ice-4000-puffs/,igetaustralia.com,1769811870,,,,,
6197,,"IGET LEGEND PLAIN COFFEE – 4000 PUFFS | IGET Australia",,,"IGET vape > IGET LEGEND 4000",http://aussievapes.com.au/wp-content/uploads/2026/01/iget-legend-plain-coffee-4000-puffs-iget-australia.jpeg,,,,1,1429,,https://igetaustralia.com/product/iget-legend-plain-coffee-4000-puffs/,igetaustralia.com,1769813028,,,,,
6198,,"IGET LEGEND BLUEBERRY BERRIES BLACKCURRANT – 4000 PUFFS | IGET Australia",,,"IGET vape > IGET LEGEND 4000",,,,,1,1428,,https://igetaustralia.com/product/iget-legend-blueberry-berries-blackcurrant-4000-puffs/,igetaustralia.com,1769693262,,,,,
6199,,"IGET LEGEND PASSIONFRUIT GRAPE ORANGE – 4000 PUFFS | IGET Australia",,,"IGET vape > IGET LEGEND 4000",,,,,1,1427,,https://igetaustralia.com/product/iget-legend-passion-fruit-grape-orange-4000-puffs/,igetaustralia.com,1767795160,,,,,
6200,,"IGET LEGEND PASSIONFRUIT WATERMELON ICE – 4000 PUFFS | IGET Australia",,,"IGET vape > IGET LEGEND 4000",,,,,1,1426,,https://igetaustralia.com/product/iget-legend-passion-fruit-watermelon-ice-4000-puffs/,igetaustralia.com,1778354285,,,,,
6201,,"IGET LEGEND PEACH STRAWBERRY ICE – 4000 PUFFS | IGET Australia",,,"IGET vape > IGET LEGEND 4000",,,,,1,1425,,https://igetaustralia.com/product/iget-legend-peach-strawberry-ice-4000-puffs/,igetaustralia.com,1769694660,,,,,
6203,,"IGET LEGEND – 4000 PUFFS – 3 PACK | IGET Australia",,,"IGET vape > IGET LEGEND 4000",http://aussievapes.com.au/wp-content/uploads/2026/01/iget-legend-4000-puffs-3-pack-iget-australia.png,,,,1,1424,,https://igetaustralia.com/product/iget-legend-4000-puffs-3-pack/,igetaustralia.com,1767795183,,,,,
6205,,"IGET LEGEND – 4000 PUFFS – 5 PACK | IGET Australia",,,"IGET vape > IGET LEGEND 4000",http://aussievapes.com.au/wp-content/uploads/2026/01/iget-legend-4000-puffs-5-pack-iget-australia.png,,,,1,1423,,https://igetaustralia.com/product/iget-legend-4000-puffs-5-pack/,igetaustralia.com,1767795190,,,,,
6206,,"IGET LEGEND – 4000 PUFFS – 10 PACK | IGET Australia",,,"IGET vape > IGET LEGEND 4000",,,,,1,1422,,https://igetaustralia.com/product/iget-legend-4000-puffs-10-pack/,igetaustralia.com,1769729099,,,,,
6207,,"IGET LEGEND – 4000 PUFFS – 20 PACK | IGET Australia",,,"IGET vape > IGET LEGEND 4000",,,,,1,1421,,https://igetaustralia.com/product/iget-legend-4000-puffs-20-pack/,igetaustralia.com,1767795204,,,,,
6208,,"IGET LEGEND – 4000 PUFFS – 50 PACK | IGET Australia",,,"IGET vape > IGET LEGEND 4000",,,,,1,1420,,https://igetaustralia.com/product/iget-legend-4000-puffs-50-pack/,igetaustralia.com,1767795276,,,,,
6210,,"IGET MAX BLACKBERRY RASPBERRY ICE – 2300 PUFFS",,,"IGET vape > IGET MAX 2300",http://aussievapes.com.au/wp-content/uploads/2026/01/iget-max-blackberry-raspberry-ice-2300-puffs-iget-australia.png,,"Brands > IGET vape",,1,1419,,https://igetaustralia.com/product/iget-max-blackberry-raspberry-ice-2300-puffs/,igetaustralia.com,1767795404,default,74,{},"IGET MAX BLACKBERRY RASPBERRY ICE – 2300 PUFFS",120
6211,,"IGET MAX BLACKBERRY ICE – 2300 PUFFS",,,"IGET vape > IGET MAX 2300",,,"Brands > IGET vape",,1,1418,,https://igetaustralia.com/product/iget-max-blackberry-ice-2300-puffs/,igetaustralia.com,1767795404,default,75,{},"IGET MAX BLACKBERRY ICE – 2300 PUFFS",120
6212,,"IGET MAX BLUEBERRY ICE – 2300 PUFFS",,,"IGET vape > IGET MAX 2300",,,"Brands > IGET vape",,1,1417,,https://igetaustralia.com/product/iget-max-blueberry-ice-2300-puffs/,igetaustralia.com,1767795412,default,75,{},"IGET MAX BLUEBERRY ICE – 2300 PUFFS",120
6214,,"IGET MAX BLUEBERRY RASPBERRY ICE – 2300 PUFFS",,,"IGET vape > IGET MAX 2300",http://aussievapes.com.au/wp-content/uploads/2026/01/iget-max-blueberry-raspberry-ice-2300-puffs-iget-australia.png,,"Brands > IGET vape",,1,1416,,https://igetaustralia.com/product/iget-max-blueberry-raspberry-ice-2300-puffs/,igetaustralia.com,1767795419,default,74,{},"IGET MAX BLUEBERRY RASPBERRY ICE – 2300 PUFFS",120
6216,,"IGET MAX GRAPE ICE – 2300 PUFFS",,,"IGET vape > IGET MAX 2300",http://aussievapes.com.au/wp-content/uploads/2026/01/iget-max-grape-ice-2300-puffs-iget-australia.png,,"Brands > IGET vape",,1,1415,,https://igetaustralia.com/product/iget-max-grape-ice-2300-puffs/,igetaustralia.com,1767795431,default,78,{},"IGET MAX GRAPE ICE – 2300 PUFFS",120
6217,,"IGET MAX LUSH ICE – 2300 PUFFS",,,"IGET vape > IGET MAX 2300",,,"Brands > IGET vape",,1,1414,,https://igetaustralia.com/product/iget-max-lush-ice-2300-puffs/,igetaustralia.com,1767795442,default,75,{},"IGET MAX LUSH ICE – 2300 PUFFS",120
6218,,"IGET MAX MANGO GUAVA – 2300 PUFFS",,,"IGET vape > IGET MAX 2300",,,"Brands > IGET vape",,1,1413,,https://igetaustralia.com/product/iget-max-mango-guava-2300-puffs/,igetaustralia.com,1778344736,default,75,{},"IGET MAX MANGO GUAVA – 2300 PUFFS",120
6219,,"IGET MAX PASSION FRUIT MANGO ICE – 2300 PUFFS",,,"IGET vape > IGET MAX 2300",,,"Brands > IGET vape",,1,1412,,https://igetaustralia.com/product/iget-max-passion-fruit-mango-ice-2300-puffs/,igetaustralia.com,1767795458,default,71,{},"IGET MAX PASSION FRUIT MANGO ICE – 2300 PUFFS",120
6221,,"IGET MAX STRAWBERRY WATERMELON – 2300 PUFFS",,,"IGET vape > IGET MAX 2300",http://aussievapes.com.au/wp-content/uploads/2026/01/iget-max-strawberry-watermelon-2300-puffs-iget-australia.png,,"Brands > IGET vape",,1,1411,,https://igetaustralia.com/product/iget-max-strawberry-watermelon-2300-puffs/,igetaustralia.com,1767795468,default,68,{},"IGET MAX STRAWBERRY WATERMELON – 2300 PUFFS",120
6223,,"IGET MOON DOUBLE APPLE ICE - 5000 PUFFS",,,"IGET vape > IGET MOON 5000",http://aussievapes.com.au/wp-content/uploads/2026/01/iget-moon-double-apple-ice-5000-puffs-iget-australia.jpg,,"Brands > IGET vape",,1,1410,,https://igetaustralia.com/product/iget-moon-double-apple-ice-5000-puffs/,igetaustralia.com,1767795670,default,79,{},"IGET MOON DOUBLE APPLE ICE - 5000 PUFFS",120
6224,,"IGET MOON BLUEBERRY RASPBERRY ICE - 5000 PUFFS",,,"IGET vape > IGET MOON 5000",,,"Brands > IGET vape",,1,1409,,https://igetaustralia.com/product/iget-moon-blueberry-raspberry-ice-5000-puffs/,igetaustralia.com,1767795670,default,70,{},"IGET MOON BLUEBERRY RASPBERRY ICE - 5000 PUFFS",120
6226,,"IGET MOON BANANA ICE - 5000 PUFFS",,,"IGET vape > IGET MOON 5000",http://aussievapes.com.au/wp-content/uploads/2026/01/iget-moon-banana-ice-5000-puffs-iget-australia.jpg,,"Brands > IGET vape",,1,1408,,https://igetaustralia.com/product/iget-moon-banana-ice-5000-puffs/,igetaustralia.com,1767795672,default,78,{},"IGET MOON BANANA ICE - 5000 PUFFS",120
6227,,"IGET MOON GOLDEN TOBACCO - 5000 PUFFS",,,"IGET vape > IGET MOON 5000",,,"Brands > IGET vape",,1,1407,,https://igetaustralia.com/product/iget-moon-golden-tobacco-5000-puffs/,igetaustralia.com,1767795678,default,75,{},"IGET MOON GOLDEN TOBACCO - 5000 PUFFS",120
6229,,"IGET MOON GRAPE ICE - 5000 PUFFS",,,"IGET vape > IGET MOON 5000",http://aussievapes.com.au/wp-content/uploads/2026/01/iget-moon-grape-ice-5000-puffs-iget-australia.jpg,,"Brands > IGET vape",,1,1406,,https://igetaustralia.com/product/iget-moon-grape-ice-5000-puffs/,igetaustralia.com,1778358487,default,78,{},"IGET MOON GRAPE ICE - 5000 PUFFS",120
6231,,"IGET MOON PASSIONFRUIT KIWI GUAVA ICE - 5000 PUFFS",,,"IGET vape > IGET MOON 5000",http://aussievapes.com.au/wp-content/uploads/2026/01/iget-moon-passionfruit-kiwi-guava-ice-5000-puffs-iget-australia.jpg,,"Brands > IGET vape",,1,1405,,https://igetaustralia.com/product/iget-moon-passionfruit-kiwi-guava-ice-5000-puffs/,igetaustralia.com,1767795689,default,71,{},"IGET MOON PASSIONFRUIT KIWI GUAVA ICE - 5000 PUFFS",120
6233,,"IGET MOON PEACH APPLE - 5000 PUFFS | IGET Australia",,,"IGET vape > IGET MOON 5000",http://aussievapes.com.au/wp-content/uploads/2026/01/iget-moon-peach-apple-5000-puffs-iget-australia.jpg,,,,1,1404,,https://igetaustralia.com/product/iget-moon-peach-apple-5000-puffs/,igetaustralia.com,1767795705,,,,,
6235,,"IGET MOON POMEGRANATE KIWI ICE - 5000 PUFFS | IGET Australia",,,"IGET vape > IGET MOON 5000",http://aussievapes.com.au/wp-content/uploads/2026/01/iget-moon-pomegranate-kiwi-ice-5000-puffs-iget-australia.jpg,,,,1,1403,,https://igetaustralia.com/product/iget-moon-pomegranate-kiwi-ice-5000-puffs/,igetaustralia.com,1767795709,,,,,
6237,,"IGET MOON STRAWBERRY KIWI ICE - 5000 PUFFS",,,"IGET vape > IGET MOON 5000",http://aussievapes.com.au/wp-content/uploads/2026/01/iget-moon-strawberry-kiwi-ice-5000-puffs-iget-australia.jpg,,"Brands > IGET vape",,1,1402,,https://igetaustralia.com/product/iget-moon-strawberry-kiwi-5000-puffs/,igetaustralia.com,1769692487,default,74,{},"IGET MOON STRAWBERRY KIWI ICE - 5000 PUFFS",120
6239,,"IGET MOON STRAWBERRY WATERMELON - 5000 PUFFS",,,"IGET vape > IGET MOON 5000",http://aussievapes.com.au/wp-content/uploads/2026/01/iget-moon-strawberry-watermelon-5000-puffs-iget-australia.jpg,,"Brands > IGET vape",,1,1401,,https://igetaustralia.com/product/iget-moon-strawberry-watermelon-5000-puffs/,igetaustralia.com,1767795720,default,74,{},"IGET MOON STRAWBERRY WATERMELON - 5000 PUFFS",120
6241,,"IGET MOON WATERMELON APPLE - 5000 PUFFS",,,"IGET vape > IGET MOON 5000",http://aussievapes.com.au/wp-content/uploads/2026/01/iget-moon-watermelon-apple-5000-puffs-iget-australia.jpg,,"Brands > IGET vape",,1,1400,,https://igetaustralia.com/product/iget-moon-watermelon-apple-5000-puffs/,igetaustralia.com,1767795757,default,78,{},"IGET MOON WATERMELON APPLE - 5000 PUFFS",120
6243,,"IGET MOON WATERMELON ICE - 5000 PUFFS",,,"IGET vape > IGET MOON 5000",http://aussievapes.com.au/wp-content/uploads/2026/01/iget-moon-watermelon-ice-5000-puffs-iget-australia.jpg,,"Brands > IGET vape",,1,1399,,https://igetaustralia.com/product/iget-moon-watermelon-ice-5000-puffs/,igetaustralia.com,1767795767,default,78,{},"IGET MOON WATERMELON ICE - 5000 PUFFS",120
6245,,"IGET MOON - CHERRY SNOW PEA ICE - 5000 PUFFS",,,"IGET vape > IGET MOON 5000",http://aussievapes.com.au/wp-content/uploads/2026/01/iget-moon-cherry-snow-pea-ice-5000-puffs-iget-australia.jpg,,"Brands > IGET vape",,1,1398,,https://igetaustralia.com/product/iget-moon-cherry-snow-pea-ice-5000-puffs/,igetaustralia.com,1767795782,default,69,{},"IGET MOON - CHERRY SNOW PEA ICE - 5000 PUFFS",120
6247,,"IGET MOON - PINEAPPLE KIWI ICE - 5000 PUFFS",,,"IGET vape > IGET MOON 5000",http://aussievapes.com.au/wp-content/uploads/2026/01/iget-moon-pineapple-kiwi-ice-5000-puffs-iget-australia.jpg,,"Brands > IGET vape",,1,1397,,https://igetaustralia.com/product/iget-moon-pineapple-kiwi-ice-5000-puffs/,igetaustralia.com,1767795788,default,71,{},"IGET MOON - PINEAPPLE KIWI ICE - 5000 PUFFS",120
6249,,"IGET MOON - PINEAPPLE COCONUT - 5000 PUFFS",,,"IGET vape > IGET MOON 5000",http://aussievapes.com.au/wp-content/uploads/2026/01/iget-moon-pineapple-coconut-5000-puffs-iget-australia.jpg,,"Brands > IGET vape",,1,1396,,https://igetaustralia.com/product/iget-moon-pineapple-coconut-5000-puffs/,igetaustralia.com,1767795792,default,71,{},"IGET MOON - PINEAPPLE COCONUT - 5000 PUFFS",120
6251,,"IGET MOON - STRAWBERRY ORANGE GREEN ICE - 5000 PUFFS",,,"IGET vape > IGET MOON 5000",http://aussievapes.com.au/wp-content/uploads/2026/01/iget-moon-strawberry-orange-green-ice-5000-puffs-iget-australia.jpg,,"Brands > IGET vape",,1,1395,,https://igetaustralia.com/product/iget-moon-strawberry-orange-green-ice-5000-puffs/,igetaustralia.com,1767795798,default,71,{},"IGET MOON - STRAWBERRY ORANGE GREEN ICE - 5000 PUFFS",120
6253,,"IGET MOON - MELON PINEAPPLE ORANGE - 5000 PUFFS",,,"IGET vape > IGET MOON 5000",http://aussievapes.com.au/wp-content/uploads/2026/01/iget-moon-melon-pineapple-orange-5000-puffs-iget-australia.jpg,,"Brands > IGET vape",,1,1394,,https://igetaustralia.com/product/iget-moon-melon-pineapple-orange-5000-puffs/,igetaustralia.com,1767795807,default,71,{},"IGET MOON - MELON PINEAPPLE ORANGE - 5000 PUFFS",120
6255,,"IGET MOON - PASSION FRUIT LYCHEE - 5000 PUFFS",,,"IGET vape > IGET MOON 5000",http://aussievapes.com.au/wp-content/uploads/2026/01/iget-moon-passion-fruit-lychee-5000-puffs-iget-australia.jpg,,"Brands > IGET vape",,1,1393,,https://igetaustralia.com/product/iget-moon-passion-fruit-lychee-5000-puffs/,igetaustralia.com,1769682887,default,73,{},"IGET MOON - PASSION FRUIT LYCHEE - 5000 PUFFS",120
6257,,"IGET MOON - DRAGONFRUIT LEMON ICE - 5000 PUFFS",,,"IGET vape > IGET MOON 5000",http://aussievapes.com.au/wp-content/uploads/2026/01/iget-moon-dragonfruit-lemon-ice-5000-puffs-iget-australia.jpg,,"Brands > IGET vape",,1,1392,,https://igetaustralia.com/product/iget-moon-dragonfruit-lemon-ice-5000-puffs/,igetaustralia.com,1767795824,default,71,{},"IGET MOON - DRAGONFRUIT LEMON ICE - 5000 PUFFS",120
6259,,"IGET MOON 5000 PUFFS - 3 PACK",,,"IGET vape > IGET MOON 5000",http://aussievapes.com.au/wp-content/uploads/2026/01/iget-moon-5000-puffs-3-pack-iget-australia-e1768144761480.jpg,,"Brands > IGET vape",,1,1391,,https://igetaustralia.com/product/iget-moon-5000-puffs-3-packs/,igetaustralia.com,1778355778,default,78,{},"IGET MOON 5000 PUFFS - 3 PACK",120
6261,,"IGET MOON 5000 PUFFS - 5 PACK",,,"IGET vape > IGET MOON 5000",http://aussievapes.com.au/wp-content/uploads/2026/01/iget-moon-5000-puffs-5-pack-iget-australia-e1768144697986.jpg,,"Brands > IGET vape",,1,1390,,https://igetaustralia.com/product/iget-moon-5000-puffs-5-packs/,igetaustralia.com,1769696644,default,78,{},"IGET MOON 5000 PUFFS - 5 PACK",120
6263,,"IGET MOON 5000 PUFFS - 10 PACK",,,"IGET vape > IGET MOON 5000",http://aussievapes.com.au/wp-content/uploads/2026/01/iget-moon-5000-puffs-10-pack-iget-australia-e1768144628524.jpg,,"Brands > IGET vape",,1,1389,,https://igetaustralia.com/product/iget-moon-5000-puffs-10-packs/,igetaustralia.com,1769758728,default,78,{},"IGET MOON 5000 PUFFS - 10 PACK",120
6265,,"IGET MOON 5000 PUFFS - 20 PACK",,,"IGET vape > IGET MOON 5000",http://aussievapes.com.au/wp-content/uploads/2026/01/iget-moon-5000-puffs-20-pack-iget-australia-e1768144549447.jpg,,"Brands > IGET vape",,1,1388,,https://igetaustralia.com/product/iget-moon-5000-puffs-20-packs/,igetaustralia.com,1767795885,default,73,{},"IGET MOON 5000 PUFFS - 20 PACK",120
6268,,"IGET ONE - GRAPE ICE - 12000 PUFFS",,,"IGET vape > IGET One 12000 PUFFS",http://aussievapes.com.au/wp-content/uploads/2026/01/iget-one-grape-ice-12000-puffs-iget-australia-2.jpg,,"Brands > IGET vape",,1,1386,,https://igetaustralia.com/product/iget-one-grape-ice-12000-puffs/,igetaustralia.com,1769254573,default,78,{},"IGET ONE - GRAPE ICE - 12000 PUFFS",120
6269,,"IGET ONE STRAWBERRY KIWI ICE - 12000 PUFFS",,,"IGET vape > IGET One 12000 PUFFS",http://aussievapes.com.au/wp-content/uploads/2026/01/iget-one-strawberry-kiwi-ice-12000-puffs-iget-australia-2.jpg,,"Brands > IGET vape",,1,1387,,https://igetaustralia.com/product/iget-one-strawberry-kiwi-ice-10000-puffs/,igetaustralia.com,1767796932,default,71,{},"IGET ONE STRAWBERRY KIWI ICE - 12000 PUFFS",120
6271,,"IGET ONE RASPBERRY GRAPE ICE - 12000 PUFFS | IGET Australia",,,"IGET vape > IGET One 12000 PUFFS",http://aussievapes.com.au/wp-content/uploads/2026/01/iget-one-raspberry-grape-ice-12000-puffs-iget-australia-1.jpg,,,,1,1385,,https://igetaustralia.com/product/iget-one-raspberry-grape-ice-10000-puffs/,igetaustralia.com,1767796933,,,,,
6273,,"IGET ONE STRAWBERRY WATERMELON ICE - 12000 PUFFS",,,"IGET vape > IGET One 12000 PUFFS",http://aussievapes.com.au/wp-content/uploads/2026/01/iget-one-strawberry-watermelon-ice-12000-puffs-iget-australia-1.jpg,,"Brands > IGET vape",,1,1384,,https://igetaustralia.com/product/iget-one-strawberry-watermelon-ice-10000-puffs/,igetaustralia.com,1767796935,default,71,{},"IGET ONE STRAWBERRY WATERMELON ICE - 12000 PUFFS",120
6276,,"IGET ONE STRAWBERRY POMEGRANATE - 12000 PUFFS",,,"IGET vape > IGET One 12000 PUFFS",http://aussievapes.com.au/wp-content/uploads/2026/01/iget-one-strawberry-pomegranate-12000-puffs-iget-australia-2.jpg,,"Brands > IGET vape",,1,1382,,https://igetaustralia.com/product/iget-one-strawberry-pomegranate-12000-puffs/,igetaustralia.com,1769646507,default,71,{},"IGET ONE STRAWBERRY POMEGRANATE - 12000 PUFFS",120
6277,,"IGET ONE BLACKBERRY CHERRY POMEGRANATE - 12000 PUFFS",,,"IGET vape > IGET One 12000 PUFFS",http://aussievapes.com.au/wp-content/uploads/2026/01/iget-one-blackberry-cherry-pomegranate-12000-puffs-iget-australia-1.jpg,,"Brands > IGET vape",,1,1383,,https://igetaustralia.com/product/iget-one-blackberry-cherry-pomegranate-10000-puffs/,igetaustralia.com,1767796936,default,71,{},"IGET ONE BLACKBERRY CHERRY POMEGRANATE - 12000 PUFFS",120
6281,,"IGET ONE CHUPA CHUPS GRAPE - 12000 PUFFS",,,"IGET vape > IGET One 12000 PUFFS",http://aussievapes.com.au/wp-content/uploads/2026/01/iget-one-chupa-chups-grape-12000-puffs-iget-australia.jpg,,"Brands > IGET vape",,1,1379,,https://igetaustralia.com/product/iget-one-chupa-chups-grape-10000-puffs/,igetaustralia.com,1767796938,default,71,{},"IGET ONE CHUPA CHUPS GRAPE - 12000 PUFFS",120
6282,,"IGET ONE CHERRY POMEGRANATE - 12000 PUFFS",,,"IGET vape > IGET One 12000 PUFFS",http://aussievapes.com.au/wp-content/uploads/2026/01/iget-one-cherry-pomegranate-12000-puffs-iget-australia-1.jpg,,"Brands > IGET vape",,1,1380,,https://igetaustralia.com/product/iget-one-cherry-pomegranate-10000-puffs/,igetaustralia.com,1767796938,default,71,{},"IGET ONE CHERRY POMEGRANATE - 12000 PUFFS",120
6283,,"IGET ONE BLUEBERRY ICE - 12000 PUFFS",,,"IGET vape > IGET One 12000 PUFFS",http://aussievapes.com.au/wp-content/uploads/2026/01/iget-one-blueberry-ice-12000-puffs-iget-australia.jpg,,"Brands > IGET vape",,1,1381,,https://igetaustralia.com/product/iget-one-blueberry-ice-10000-puffs/,igetaustralia.com,1767796938,default,76,{},"IGET ONE BLUEBERRY ICE - 12000 PUFFS",120
6286,,"IGET ONE MIXED BERRIES ICE - 12000 PUFFS",,,"IGET vape > IGET One 12000 PUFFS",http://aussievapes.com.au/wp-content/uploads/2026/01/iget-one-mixed-berries-ice-12000-puffs-iget-australia.jpg,,"Brands > IGET vape",,1,1378,,https://igetaustralia.com/product/iget-one-mixed-berries-ice-10000-puffs/,igetaustralia.com,1767796939,default,71,{},"IGET ONE MIXED BERRIES ICE - 12000 PUFFS",120
6287,,"IGET ONE BLUE MONSTER - 12000 PUFFS",,,"IGET vape > IGET One 12000 PUFFS",http://aussievapes.com.au/wp-content/uploads/2026/01/iget-one-blue-monster-12000-puffs-iget-australia.jpg,,"Brands > IGET vape",,1,1377,,https://igetaustralia.com/product/iget-one-blue-monster-10000-puffs/,igetaustralia.com,1769715712,default,76,{},"IGET ONE BLUE MONSTER - 12000 PUFFS",120
6289,,"IGET ONE 12000 PUFFS - 5 PACK",,,"IGET vape > IGET One 12000 PUFFS",http://aussievapes.com.au/wp-content/uploads/2026/01/iget-one-12000-puffs-5-pack-iget-australia.jpg,,"Brands > IGET vape",,1,1376,,https://igetaustralia.com/product/iget-one-10000-puffs-5-pack/,igetaustralia.com,1769698186,default,76,{},"IGET ONE 12000 PUFFS - 5 PACK",120
6292,,"IGET ONE 12000 PUFFS - 10 PACK",,,"IGET vape > IGET One 12000 PUFFS",http://aussievapes.com.au/wp-content/uploads/2026/01/iget-one-12000-puffs-10-pack-iget-australia.jpg,,"Brands > IGET vape",,1,1374,,https://igetaustralia.com/product/iget-one-10000-puffs-10-pack/,igetaustralia.com,1767796944,default,76,{},"IGET ONE 12000 PUFFS - 10 PACK",120
6293,,"IGET ONE 12000 PUFFS - 20 PACK",,,"IGET vape > IGET One 12000 PUFFS",http://aussievapes.com.au/wp-content/uploads/2026/01/iget-one-12000-puffs-20-pack-iget-australia.jpg,,"Brands > IGET vape",,1,1375,,https://igetaustralia.com/product/iget-one-10000-puffs-20-pack/,igetaustralia.com,1767796945,default,74,{},"IGET ONE 12000 PUFFS - 20 PACK",120
6294,,"IGET ONE 12000 PUFFS - 3 PACK",,,"IGET vape > IGET One 12000 PUFFS",,,"Brands > IGET vape",,1,1373,,https://igetaustralia.com/product/iget-one-10000-puffs-3-pack/,igetaustralia.com,1767796945,default,73,{},"IGET ONE 12000 PUFFS - 3 PACK",120
6296,,"IGET ONE CHUPA CHUPS STRAWBERRY - 12000 PUFFS",,,"IGET vape > IGET One 12000 PUFFS",http://aussievapes.com.au/wp-content/uploads/2026/01/iget-one-chupa-chups-strawberry-12000-puffs-iget-australia.jpg,,"Brands > IGET vape",,1,1372,,https://igetaustralia.com/product/iget-one-chupa-chups-strawberry-10000-puffs/,igetaustralia.com,1767796946,default,71,{},"IGET ONE CHUPA CHUPS STRAWBERRY - 12000 PUFFS",120
6298,,"IGET ONE STRAWBERRY POMEGRANATE ICE - 12000 PUFFS",,,"IGET vape > IGET One 12000 PUFFS",http://aussievapes.com.au/wp-content/uploads/2026/01/iget-one-strawberry-pomegranate-ice-12000-puffs-iget-australia.jpg,,"Brands > IGET vape",,1,1369,,https://igetaustralia.com/product/iget-one-strawberry-pomegranate-ice-10000-puffs/,igetaustralia.com,1767796950,default,71,{},"IGET ONE STRAWBERRY POMEGRANATE ICE - 12000 PUFFS",120
6301,,"IGET ONE KIWI PINEAPPLE - 12000 PUFFS",,,"IGET vape > IGET One 12000 PUFFS",http://aussievapes.com.au/wp-content/uploads/2026/01/iget-one-kiwi-pineapple-12000-puffs-iget-australia.jpg,,"Brands > IGET vape",,1,1370,,https://igetaustralia.com/product/iget-one-kiwi-pineapple-10000-puffs/,igetaustralia.com,1767796950,default,78,{},"IGET ONE KIWI PINEAPPLE - 12000 PUFFS",120
6302,,"IGET ONE STRAWBERRY RASPBERRY - 12000 PUFFS",,,"IGET vape > IGET One 12000 PUFFS",http://aussievapes.com.au/wp-content/uploads/2026/01/iget-one-strawberry-raspberry-12000-puffs-iget-australia.jpg,,"Brands > IGET vape",,1,1371,,https://igetaustralia.com/product/iget-one-strawberry-raspberry-10000-puffs/,igetaustralia.com,1778358525,default,71,{},"IGET ONE STRAWBERRY RASPBERRY - 12000 PUFFS",120
6305,,"IGET ONE TROPICAL ORANGE MONSTER - 12000 PUFFS",,,"IGET vape > IGET One 12000 PUFFS",http://aussievapes.com.au/wp-content/uploads/2026/01/iget-one-tropical-orange-monster-12000-puffs-iget-australia.jpg,,"Brands > IGET vape",,1,1367,,https://igetaustralia.com/product/iget-one-tropical-orange-monster-10000-puffs/,igetaustralia.com,1767796952,default,71,{},"IGET ONE TROPICAL ORANGE MONSTER - 12000 PUFFS",120
6306,,"IGET ONE BLACK FOREST - 12000 PUFFS",,,"IGET vape > IGET One 12000 PUFFS",http://aussievapes.com.au/wp-content/uploads/2026/01/iget-one-black-forest-12000-puffs-iget-australia.jpg,,"Brands > IGET vape",,1,1368,,https://igetaustralia.com/product/iget-one-black-forest-10000-puffs/,igetaustralia.com,1767796952,default,76,{},"IGET ONE BLACK FOREST - 12000 PUFFS",120
6308,,"IGET ONE CHERRY MONSTER - 12000 PUFFS",,,"IGET vape > IGET One 12000 PUFFS",http://aussievapes.com.au/wp-content/uploads/2026/01/iget-one-cherry-monster-12000-puffs-iget-australia.jpg,,"Brands > IGET vape",,1,1366,,https://igetaustralia.com/product/iget-one-cherry-monster-10000-puffs/,igetaustralia.com,1767796954,default,76,{},"IGET ONE CHERRY MONSTER - 12000 PUFFS",120
6310,,"IGET ONE BLUEBERRY RASPBERRY - 12000 PUFFS | IGET Australia",,,"IGET vape > IGET One 12000 PUFFS",http://aussievapes.com.au/wp-content/uploads/2026/01/iget-one-blueberry-raspberry-12000-puffs-iget-australia.jpg,,,,1,1365,,https://igetaustralia.com/product/iget-one-blueberry-raspberry-10000-puffs/,igetaustralia.com,1767796954,,,,,
6312,,"IGET ONE MOUNTAIN SPRING MINT ICE - 12000 PUFFS",,,"IGET vape > IGET One 12000 PUFFS",http://aussievapes.com.au/wp-content/uploads/2026/01/iget-one-mountain-spring-mint-ice-12000-puffs-iget-australia.jpg,,"Brands > IGET vape",,1,1364,,https://igetaustralia.com/product/iget-one-mountain-spring-mint-ice-10000-puffs/,igetaustralia.com,1767796957,default,71,{},"IGET ONE MOUNTAIN SPRING MINT ICE - 12000 PUFFS",120
6316,,"IGET SHION PINK LEMONADE – 600 PUFFS",,,"IGET vape > IGET SHION 600",http://aussievapes.com.au/wp-content/uploads/2026/01/iget-shion-pink-lemonade-600-puffs-iget-australia.jpeg,,"Brands > IGET vape",,1,1363,,https://igetaustralia.com/product/iget-shion-pink-lemonade-600-puffs/,igetaustralia.com,1767799380,default,78,{},"IGET SHION PINK LEMONADE – 600 PUFFS",120
6317,,"IGET SHION CRANBERRY – 600 PUFFS",,,"IGET vape > IGET SHION 600",http://aussievapes.com.au/wp-content/uploads/2026/01/iget-shion-cranberry-600-puffs-iget-australia.jpg,,"Brands > IGET vape",,1,1362,,https://igetaustralia.com/product/iget-shion-cranberry-packets-600-puffs/,igetaustralia.com,1767799381,default,76,{},"IGET SHION CRANBERRY – 600 PUFFS",120
6326,,"IGET SHION MYSTERY FRUIT – 600 PUFFS",,,"IGET vape > IGET SHION 600",http://aussievapes.com.au/wp-content/uploads/2026/01/iget-shion-mystery-fruit-600-puffs-iget-australia.jpeg,,"Brands > IGET vape",,1,1361,,https://igetaustralia.com/product/iget-shion-mystery-fruit-600-puffs/,igetaustralia.com,1767799396,default,79,{},"IGET SHION MYSTERY FRUIT – 600 PUFFS",120
6328,,"IGET SHION APPLE ICE – 600 PUFFS",,,"IGET vape > IGET SHION 600",http://aussievapes.com.au/wp-content/uploads/2026/01/iget-shion-apple-ice-600-puffs-iget-australia.png,,"Brands > IGET vape",,1,1360,,https://igetaustralia.com/product/iget-shion-apple-ice-600-puffs/,igetaustralia.com,1767799401,default,78,{},"IGET SHION APPLE ICE – 600 PUFFS",120
6332,,"IGET SHION PASSIONFRUIT – 600 PUFFS",,,"IGET vape > IGET SHION 600",http://aussievapes.com.au/wp-content/uploads/2026/01/iget-shion-passionfruit-600-puffs-iget-australia.png,,"Brands > IGET vape",,1,1359,,https://igetaustralia.com/product/iget-shion-passionfruit-600-puffs/,igetaustralia.com,1767799407,default,78,{},"IGET SHION PASSIONFRUIT – 600 PUFFS",120
6336,,"IGET SHION – 600 PUFFS – 5 PACK",,,"IGET vape > IGET SHION 600",http://aussievapes.com.au/wp-content/uploads/2026/01/iget-shion-600-puffs-5-pack-iget-australia.png,,"Brands > IGET vape",,1,1358,,https://igetaustralia.com/product/iget-sion-600-puffs-5-pack/,igetaustralia.com,1767799408,default,78,{},"IGET SHION – 600 PUFFS – 5 PACK",120
6344,,"IGET XXL MANGO – 1800 PUFFS",,,"IGET vape > IGET XXL 1800",http://aussievapes.com.au/wp-content/uploads/2026/01/iget-xxl-mango-1800-puffs-iget-australia.jpg,,"Brands > IGET vape",,1,1357,,https://igetaustralia.com/product/iget-xxl-mango-1800-puffs/,igetaustralia.com,1767799726,default,78,{},"IGET XXL MANGO – 1800 PUFFS",120
6346,,"IGET XXL KIWI ICE – 1800 PUFFS",,,"IGET vape > IGET XXL 1800",http://aussievapes.com.au/wp-content/uploads/2026/01/iget-xxl-kiwi-ice-1800-puffs-iget-australia.png,,"Brands > IGET vape",,1,1356,,https://igetaustralia.com/product/iget-xxl-kiwi-ice-1800-puffs/,igetaustralia.com,1767799728,default,78,{},"IGET XXL KIWI ICE – 1800 PUFFS",120
6348,,"IGET XXL LUSH ICE – 1800 PUFFS",,,"IGET vape > IGET XXL 1800",http://aussievapes.com.au/wp-content/uploads/2026/01/iget-xxl-lush-ice-1800-puffs-iget-australia.jpg,,"Brands > IGET vape",,1,1354,,https://igetaustralia.com/product/iget-xxl-lush-ice-1800-puffs/,igetaustralia.com,1767799730,default,78,{},"IGET XXL LUSH ICE – 1800 PUFFS",120
6350,,"IGET XXL PEACH ICE – 1800 PUFFS",,,"IGET vape > IGET XXL 1800",http://aussievapes.com.au/wp-content/uploads/2026/01/iget-xxl-peach-ice-1800-puffs-iget-australia.jpg,,"Brands > IGET vape",,1,1355,,https://igetaustralia.com/product/iget-xxl-peach-ice-1800-puffs/,igetaustralia.com,1769816480,default,74,{},"IGET XXL PEACH ICE – 1800 PUFFS",120
6356,,"IGET XXL BLACKBERRY RASPBERRY ORANGE – 1800 PUFFS",,,"IGET vape > IGET XXL 1800",http://aussievapes.com.au/wp-content/uploads/2026/01/iget-xxl-blackberry-raspberry-orange-1800-puffs-iget-australia.jpg,,"Brands > IGET vape",,1,1353,,https://igetaustralia.com/product/iget-xxl-blackberry-raspberry-orange-1800-puffs/,igetaustralia.com,1769677566,default,74,{},"IGET XXL BLACKBERRY RASPBERRY ORANGE – 1800 PUFFS",120
6358,,"IGET XXL DOUBLE APPLE – 1800 PUFFS",,,"IGET vape > IGET XXL 1800",http://aussievapes.com.au/wp-content/uploads/2026/01/iget-xxl-double-apple-1800-puffs-iget-australia.jpg,,"Brands > IGET vape",,1,1352,,https://igetaustralia.com/product/iget-xxl-double-apple-1800-puffs/,igetaustralia.com,1767799777,default,77,{},"IGET XXL DOUBLE APPLE – 1800 PUFFS",120
6359,,"IGET XXL RASPBERRY LEMON – 1800 PUFFS",,,"IGET vape > IGET XXL 1800",,,"Brands > IGET vape",,1,1351,,https://igetaustralia.com/product/iget-xxl-raspberry-lemon-1800-puffs/,igetaustralia.com,1767799790,default,75,{},"IGET XXL RASPBERRY LEMON – 1800 PUFFS",120
6363,,"IGET XXL COLA LIME – 1800 PUFFS",,,"IGET vape > IGET XXL 1800",http://aussievapes.com.au/wp-content/uploads/2026/01/iget-xxl-cola-lime-1800-puffs-iget-australia.png,,"Brands > IGET vape",,1,1350,,https://igetaustralia.com/product/iget-xxl-cola-lime-1800-puffs/,igetaustralia.com,1767799813,default,78,{},"IGET XXL COLA LIME – 1800 PUFFS",120
6369,,"IGET XXL COTTON CANDY – 1800 PUFFS",,,"IGET vape > IGET XXL 1800",http://aussievapes.com.au/wp-content/uploads/2026/01/iget-xxl-cotton-candy-1800-puffs-iget-australia.png,,"Brands > IGET vape",,1,1349,,https://igetaustralia.com/product/iget-xxl-cotton-candy-1800-puffs/,igetaustralia.com,1767799882,default,78,{},"IGET XXL COTTON CANDY – 1800 PUFFS",120
6371,,"IGET XXL GRAPE – 1800 PUFFS",,,"IGET vape > IGET XXL 1800",http://aussievapes.com.au/wp-content/uploads/2026/01/iget-xxl-grape-1800-puffs-iget-australia.jpg,,"Brands > IGET vape",,1,1348,,https://igetaustralia.com/product/iget-xxl-grape-1800-puffs/,igetaustralia.com,1778358596,default,78,{},"IGET XXL GRAPE – 1800 PUFFS",120
6377,,"IGET XXL STRAWBERRY WATERMELON – 1800 PUFFS",,,"IGET vape > IGET XXL 1800",http://aussievapes.com.au/wp-content/uploads/2026/01/iget-xxl-strawberry-watermelon-1800-puffs-iget-australia.jpg,,"Brands > IGET vape",,1,1347,,https://igetaustralia.com/product/iget-xxl-strawberry-watermelon-1800-puffs/,igetaustralia.com,1767799964,default,74,{},"IGET XXL STRAWBERRY WATERMELON – 1800 PUFFS",120
6387,,"IGET XXL – 1800 PUFFS – 20 PACK",,,"IGET vape > IGET XXL 1800",http://aussievapes.com.au/wp-content/uploads/2026/01/iget-xxl-1800-puffs-20-pack-iget-australia.png,,"Brands > IGET vape",,1,1346,,https://igetaustralia.com/product/iget-xxl-1800-puffs-20-pack/,igetaustralia.com,1767800134,default,73,{},"IGET XXL – 1800 PUFFS – 20 PACK",120
6424,,"JNR FALCON -X GRAPE ICE - 18000 PUFFS",,,"JNR vape > JNR FALCON X",http://aussievapes.com.au/wp-content/uploads/2026/01/jnr-falcon-x-grape-ice-18000-puffs-iget-australia-e1768183056834.jpg,,"Brands > JNR vape",,1,1345,,https://igetaustralia.com/product/jnr-falcon-x-grapeice-18000-puffs-copy/,igetaustralia.com,1767801743,default,76,{},"JNR FALCON -X GRAPE ICE - 18000 PUFFS",218
6432,,"JNR FALCON -X PEACH ICE - 18000 PUFFS",,,"JNR vape > JNR FALCON X",http://aussievapes.com.au/wp-content/uploads/2026/01/jnr-falcon-x-peach-ice-18000-puffs-iget-australia-e1768183097940.jpg,,"Brands > JNR vape",,1,1344,,https://igetaustralia.com/product/jnr-falcon-x-peach-ice-18000-puffs/,igetaustralia.com,1767801808,default,76,{},"JNR FALCON -X PEACH ICE - 18000 PUFFS",218
6437,,"JNR PhoneVape CHERRY STRAWBERRY RASPBERRY - 30000 PUFFS",,,"JNR vape > JNR PhoneVape",http://aussievapes.com.au/wp-content/uploads/2026/01/jnr-phonevape-cherry-strawberry-raspberry-30000-puffs-iget-australia-e1768183499343.jpg,,"Brands > JNR vape",,1,1342,,https://igetaustralia.com/product/jnr-phonevape-cherry-strawberry-raspberry-30000-puffs/,igetaustralia.com,1769695594,default,69,{},"JNR PhoneVape CHERRY STRAWBERRY RASPBERRY - 30000 PUFFS",218
6438,,"JNR PhoneVape SOUR APPLE ICE - 30000 PUFFS",,,"JNR vape > JNR PhoneVape",http://aussievapes.com.au/wp-content/uploads/2026/01/jnr-phonevape-sour-apple-ice-30000-puffs-iget-australia-e1768183608179.jpg,,"Brands > JNR vape",,1,1343,,https://igetaustralia.com/product/jnr-phonevape-sour-apple-ice-30000-puffs/,igetaustralia.com,1767802063,default,69,{},"JNR PhoneVape SOUR APPLE ICE - 30000 PUFFS",218
6440,,"JNR PhoneVape BLUEBERRY WATERMELON - 30000 PUFFS",,,"JNR vape > JNR PhoneVape",http://aussievapes.com.au/wp-content/uploads/2026/01/jnr-phonevape-blueberry-watermelon-30000-puffs-iget-australia-e1768183449281.jpg,,"Brands > JNR vape",,1,1341,,https://igetaustralia.com/product/jnr-phonevape-blueberry-watermelon-30000-puffs/,igetaustralia.com,1767802065,default,69,{},"JNR PhoneVape BLUEBERRY WATERMELON - 30000 PUFFS",218
6444,,"JNR PhoneVape MIAMI MINT - 30000 PUFFS",,,"JNR vape > JNR PhoneVape",http://aussievapes.com.au/wp-content/uploads/2026/01/jnr-phonevape-miami-mint-30000-puffs-iget-australia-e1768183399160.jpg,,"Brands > JNR vape",,1,1340,,https://igetaustralia.com/product/jnr-phonevape-miami-mint-30000-puffs/,igetaustralia.com,1767802072,default,74,{},"JNR PhoneVape MIAMI MINT - 30000 PUFFS",218
6447,,"JNR PhoneVape BLUE RAZZ ICE - 30000 PUFFS",,,"JNR vape > JNR PhoneVape",http://aussievapes.com.au/wp-content/uploads/2026/01/jnr-phonevape-blue-razz-ice-30000-puffs-iget-australia-e1768183356897.jpg,,"Brands > JNR vape",,1,1339,,https://igetaustralia.com/product/jnr-phonevape-blue-razz-ice-30000-puffs/,igetaustralia.com,1767802094,default,69,{},"JNR PhoneVape BLUE RAZZ ICE - 30000 PUFFS",218
6449,,"JNR PhoneVape PEACH MANGO WATERMELON - 30000 PUFFS",,,"JNR vape > JNR PhoneVape",http://aussievapes.com.au/wp-content/uploads/2026/01/jnr-phonevape-peach-mango-watermelon-30000-puffs-iget-australia-e1768183299509.jpg,,"Brands > JNR vape",,1,1338,,https://igetaustralia.com/product/jnr-phonevape-peach-mango-watermelon-30000-puffs/,igetaustralia.com,1767802106,default,69,{},"JNR PhoneVape PEACH MANGO WATERMELON - 30000 PUFFS",218
6451,,"JNR PhoneVape BANANA ICE - 30000 PUFFS",,,"JNR vape > JNR PhoneVape",http://aussievapes.com.au/wp-content/uploads/2026/01/jnr-phonevape-banana-ice-30000-puffs-iget-australia-e1768183254592.jpg,,"Brands > JNR vape",,1,1337,,https://igetaustralia.com/product/jnr-phonevape-peach-mango-watermelon-30000-puffs-copy/,igetaustralia.com,1769683787,default,74,{},"JNR PhoneVape BANANA ICE - 30000 PUFFS",218
6457,,"JNR SHISHA HOOKAH - STRAWBERRY ICE - 12000 PUFFS",,,"JNR vape > JNR SHISHA HOOKAH",http://aussievapes.com.au/wp-content/uploads/2026/01/jnr-shisha-hookah-strawberry-ice-12000-puffs-iget-australia-e1768185590730.jpg,,"Brands > JNR vape",,1,1336,,https://igetaustralia.com/product/jnr-shisha-hookah-strawberry-ice-12000-puffs/,igetaustralia.com,1767802498,default,74,{},"JNR SHISHA HOOKAH - STRAWBERRY ICE - 12000 PUFFS",218
6459,,"JNR SHISHA HOOKAH - JUICY PEACHES - 12000 PUFFS",,,"JNR vape > JNR SHISHA HOOKAH",http://aussievapes.com.au/wp-content/uploads/2026/01/jnr-shisha-hookah-juicy-peaches-12000-puffs-iget-australia-e1768185635864.jpg,,"Brands > JNR vape",,1,1335,,https://igetaustralia.com/product/jnr-shisha-hookah-juicy-peaches-12000-puffs/,igetaustralia.com,1767802502,default,74,{},"JNR SHISHA HOOKAH - JUICY PEACHES - 12000 PUFFS",218
6460,,"JNR SHISHA HOOKAH - WATERMELON BULL - 12000 PUFFS",,,"JNR vape > JNR SHISHA HOOKAH",,,"Brands > JNR vape",,1,1334,,https://igetaustralia.com/product/jnr-shisha-hookah-watermelon-bull-12000-puffs/,igetaustralia.com,1767802502,default,70,{},"JNR SHISHA HOOKAH - WATERMELON BULL - 12000 PUFFS",218
6462,,"JNR SHISHA HOOKAH MIX BERRY ICE - 12000 PUFFS",,,"JNR vape > JNR SHISHA HOOKAH",http://aussievapes.com.au/wp-content/uploads/2026/01/jnr-shisha-hookah-mix-berry-ice-12000-puffs-iget-australia.jpg,,"Brands > JNR vape",,1,1333,,https://igetaustralia.com/product/jnr-shisha-hookah-mix-berry-ice-12000-puffs/,igetaustralia.com,1767802507,default,74,{},"JNR SHISHA HOOKAH MIX BERRY ICE - 12000 PUFFS",218
6464,,"JNR SHISHA HOOKAH - STRAWBERRY KIWI - 12000 PUFFS",,,"JNR vape > JNR SHISHA HOOKAH",http://aussievapes.com.au/wp-content/uploads/2026/01/jnr-shisha-hookah-strawberry-kiwi-12000-puffs-iget-australia-e1768185750467.jpg,,"Brands > JNR vape",,1,1332,,https://igetaustralia.com/product/jnr-shisha-hookah-strawberry-kiwi-12000-puffs/,igetaustralia.com,1778354370,default,74,{},"JNR SHISHA HOOKAH - STRAWBERRY KIWI - 12000 PUFFS",218
6466,,"JNR SHISHA HOOKAH WATERMELON ICE - 12000 PUFFS",,,"JNR vape > JNR SHISHA HOOKAH",http://aussievapes.com.au/wp-content/uploads/2026/01/jnr-shisha-hookah-watermelon-ice-12000-puffs-iget-australia-e1768185798228.jpg,,"Brands > JNR vape",,1,1331,,https://igetaustralia.com/product/jnr-shisha-hookah-watermelon-ice-12000-puffs/,igetaustralia.com,1767802523,default,74,{},"JNR SHISHA HOOKAH WATERMELON ICE - 12000 PUFFS",218
6468,,"JNR SHISHA HOOKAH - BLUEBERRY ICE - 12000 PUFFS",,,"JNR vape > JNR SHISHA HOOKAH",http://aussievapes.com.au/wp-content/uploads/2026/01/jnr-shisha-hookah-blueberry-ice-12000-puffs-iget-australia-e1768185844116.jpg,,"Brands > JNR vape",,1,1330,,https://igetaustralia.com/product/jnr-shisha-hookah-blueberry-ice-12000-puffs/,igetaustralia.com,1767802541,default,74,{},"JNR SHISHA HOOKAH - BLUEBERRY ICE - 12000 PUFFS",218
6470,,"JNR SHISHA HOOKAH STRAWBERRY RASPBERRY CANDY - 12000 PUFFS",,,"JNR vape > JNR SHISHA HOOKAH",http://aussievapes.com.au/wp-content/uploads/2026/01/jnr-shisha-hookah-strawberry-raspberry-candy-12000-puffs-iget-australia-e1768185902768.jpg,,"Brands > JNR vape",,1,1329,,https://igetaustralia.com/product/jnr-shisha-hookah-strawberry-raspberry-candy-12000-puffs/,igetaustralia.com,1767802551,default,71,{},"JNR SHISHA HOOKAH STRAWBERRY RASPBERRY CANDY - 12000 PUFFS",218
6472,,"JNR SHISHA HOOKAH - LOVE 66 - 12000 PUFFS",,,"JNR vape > JNR SHISHA HOOKAH",http://aussievapes.com.au/wp-content/uploads/2026/01/jnr-shisha-hookah-love-66-12000-puffs-iget-australia-e1768185949244.jpg,,"Brands > JNR vape",,1,1328,,https://igetaustralia.com/product/jnr-shisha-hookah-love-66-12000-puffs/,igetaustralia.com,1767802564,default,79,{},"JNR SHISHA HOOKAH - LOVE 66 - 12000 PUFFS",218
6474,,"JNR SHISHA HOOKAH - BLUEBERRY MINT - 12000 PUFFS",,,"JNR vape > JNR SHISHA HOOKAH",http://aussievapes.com.au/wp-content/uploads/2026/01/jnr-shisha-hookah-blueberry-mint-12000-puffs-iget-australia-e1768185255453.jpg,,"Brands > JNR vape",,1,1327,,https://igetaustralia.com/product/jnr-shisha-hookah-blueberry-mint-12000-puffs/,igetaustralia.com,1767802572,default,74,{},"JNR SHISHA HOOKAH - BLUEBERRY MINT - 12000 PUFFS",218
6476,,"JNR SHISHA HOOKAH - WHITE MAMBA - 12000 PUFFS",,,"JNR vape > JNR SHISHA HOOKAH",http://aussievapes.com.au/wp-content/uploads/2026/01/jnr-shisha-hookah-white-mamba-12000-puffs-iget-australia-e1768185133263.jpg,,"Brands > JNR vape",,1,1326,,https://igetaustralia.com/product/jnr-shisha-hookah-white-mamba-12000-puffs/,igetaustralia.com,1769695901,default,74,{},"JNR SHISHA HOOKAH - WHITE MAMBA - 12000 PUFFS",218
6478,,"JNR SHISHA HOOKAH - BLUEBERRY POMEGRANATE - 12000 PUFFS",,,"JNR vape > JNR SHISHA HOOKAH",http://aussievapes.com.au/wp-content/uploads/2026/01/jnr-shisha-hookah-blueberry-pomegranate-12000-puffs-iget-australia-e1768185064426.jpg,,"Brands > JNR vape",,1,1325,,https://igetaustralia.com/product/jnr-shisha-hookah-blueberry-pomegranate-12000-puffs/,igetaustralia.com,1767802593,default,74,{},"JNR SHISHA HOOKAH - BLUEBERRY POMEGRANATE - 12000 PUFFS",218
6480,,"JNR SHISHA HOOKAH - STRAWBERRY GRAPE - 12000 PUFFS",,,"JNR vape > JNR SHISHA HOOKAH",http://aussievapes.com.au/wp-content/uploads/2026/01/jnr-shisha-hookah-strawberry-grape-12000-puffs-iget-australia-e1768185006786.jpg,,"Brands > JNR vape",,1,1324,,https://igetaustralia.com/product/jnr-shisha-hookah-strawberry-grape-12000-puffs/,igetaustralia.com,1767802600,default,74,{},"JNR SHISHA HOOKAH - STRAWBERRY GRAPE - 12000 PUFFS",218
6482,,"JNR SHISHA HOOKAH - DOUBLE APPLE - 12000 PUFFS",,,"JNR vape > JNR SHISHA HOOKAH",http://aussievapes.com.au/wp-content/uploads/2026/01/jnr-shisha-hookah-double-apple-12000-puffs-iget-australia-e1768184946882.jpg,,"Brands > JNR vape",,1,1323,,https://igetaustralia.com/product/jnr-shisha-hookah-double-apple-12000-puffs/,igetaustralia.com,1767802605,default,75,{},"JNR SHISHA HOOKAH - DOUBLE APPLE - 12000 PUFFS",218
6484,,"JNR SHISHA HOOKAH -WATERMELON STRAWBERRY BUBBLEGUM- 12000 PUFFS",,,"JNR vape > JNR SHISHA HOOKAH",http://aussievapes.com.au/wp-content/uploads/2026/01/jnr-shisha-hookah-watermelon-strawberry-bubblegum-12000-puffs-iget-australia-e1768184844690.jpg,,"Brands > JNR vape",,1,1322,,https://igetaustralia.com/product/jnr-shisha-hookah-watermelon-strawberry-bubblegum-12000-puffs-2/,igetaustralia.com,1767802614,default,74,{},"JNR SHISHA HOOKAH -WATERMELON STRAWBERRY BUBBLEGUM- 12000 PUFFS",218
6486,,"JNR SHISHA HOOKAH - DOUBLE MELON MINT - 12000 PUFFS",,,"JNR vape > JNR SHISHA HOOKAH",http://aussievapes.com.au/wp-content/uploads/2026/01/jnr-shisha-hookah-double-melon-mint-12000-puffs-iget-australia-e1768184785161.jpg,,"Brands > JNR vape",,1,1321,,https://igetaustralia.com/product/jnr-shisha-hookah-double-melon-mint-12000-puffs/,igetaustralia.com,1767802619,default,75,{},"JNR SHISHA HOOKAH - DOUBLE MELON MINT - 12000 PUFFS",218
6488,,"JNR SHISHA HOOKAH - CHERRY WATERMELON FREEZE - 12000 PUFFS",,,"JNR vape > JNR SHISHA HOOKAH",http://aussievapes.com.au/wp-content/uploads/2026/01/jnr-shisha-hookah-cherry-watermelon-freeze-12000-puffs-iget-australia-e1768184725549.jpg,,"Brands > JNR vape",,1,1320,,https://igetaustralia.com/product/jnr-shisha-hookah-cherry-watermelon-freeze-12000-puffs/,igetaustralia.com,1767802626,default,75,{},"JNR SHISHA HOOKAH - CHERRY WATERMELON FREEZE - 12000 PUFFS",218
6490,,"JNR SHISHA HOOKAH - FROZEN APPLE - 12000 PUFFS",,,"JNR vape > JNR SHISHA HOOKAH",http://aussievapes.com.au/wp-content/uploads/2026/01/jnr-shisha-hookah-frozen-apple-12000-puffs-iget-australia-e1768184677825.jpg,,"Brands > JNR vape",,1,1319,,https://igetaustralia.com/product/jnr-shisha-hookah-frozen-apple-12000-puffs/,igetaustralia.com,1778354266,default,74,{},"JNR SHISHA HOOKAH - FROZEN APPLE - 12000 PUFFS",218
6492,,"JNR SHISHA HOOKAH - LADY KILLA - 12000 PUFFS",,,"JNR vape > JNR SHISHA HOOKAH",http://aussievapes.com.au/wp-content/uploads/2026/01/jnr-shisha-hookah-lady-killa-12000-puffs-iget-australia-e1768184527920.jpg,,"Brands > JNR vape",,1,1318,,https://igetaustralia.com/product/jnr-shisha-hookah-lady-killa-12000-puffs/,igetaustralia.com,1767802664,default,75,{},"JNR SHISHA HOOKAH - LADY KILLA - 12000 PUFFS",218
6494,,"JNR SHISHA HOOKAH - 12000 PUFFS - 3 PACK",,,"JNR vape > JNR SHISHA HOOKAH",http://aussievapes.com.au/wp-content/uploads/2026/01/jnr-shisha-hookah-12000-puffs-3-pack-iget-australia.jpg,,"Brands > JNR vape",,1,1317,,https://igetaustralia.com/product/jnr-shisha-hookah-12000-puffs-3-pack/,igetaustralia.com,1767802674,default,78,{},"JNR SHISHA HOOKAH - 12000 PUFFS - 3 PACK",218
6496,,"JNR SHISHA HOOKAH - 12000 PUFFS - 5 PACK",,,"JNR vape > JNR SHISHA HOOKAH",http://aussievapes.com.au/wp-content/uploads/2026/01/jnr-shisha-hookah-12000-puffs-5-pack-iget-australia.jpg,,"Brands > JNR vape",,1,1316,,https://igetaustralia.com/product/jnr-shisha-hookah-12000-puffs-5-pack/,igetaustralia.com,1767802691,default,78,{},"JNR SHISHA HOOKAH - 12000 PUFFS - 5 PACK",218
6498,,"JNR SHISHA HOOKAH - 12000 PUFFS - 10 PACK",,,"JNR vape > JNR SHISHA HOOKAH",http://aussievapes.com.au/wp-content/uploads/2026/01/jnr-shisha-hookah-12000-puffs-10-pack-iget-australia.jpg,,"Brands > JNR vape",,1,1315,,https://igetaustralia.com/product/jnr-shisha-hookah-12000-puffs-10-pack/,igetaustralia.com,1767802698,default,78,{},"JNR SHISHA HOOKAH - 12000 PUFFS - 10 PACK",218
6500,,"JNR SHISHA HOOKAH - 12000 PUFFS - 20 PACK",,,"JNR vape > JNR SHISHA HOOKAH",http://aussievapes.com.au/wp-content/uploads/2026/01/jnr-shisha-hookah-12000-puffs-20-pack-iget-australia.jpg,,"Brands > JNR vape",,1,1314,,https://igetaustralia.com/product/jnr-shisha-hookah-12000-puffs-20-pack/,igetaustralia.com,1767802709,default,78,{},"JNR SHISHA HOOKAH - 12000 PUFFS - 20 PACK",218
6501,,"JNR SHISHA HOOKAH 12000 PUFFS - 50 PACK",,,"JNR vape > JNR SHISHA HOOKAH",,,"Brands > JNR vape",,1,1313,,https://igetaustralia.com/product/jnr-shisha-hookah-12000-puffs-50-pack/,igetaustralia.com,1767802724,default,75,{},"JNR SHISHA HOOKAH 12000 PUFFS - 50 PACK",218
6503,,"JNR SHISHA HOOKAH 12000 PUFFS - 100 PACK",,,"JNR vape > JNR SHISHA HOOKAH",http://aussievapes.com.au/wp-content/uploads/2026/01/jnr-shisha-hookah-12000-puffs-100-pack-iget-australia.jpg,,"Brands > JNR vape",,1,1312,,https://igetaustralia.com/product/jnr-shisha-hookah-12000-puffs-100-pack/,igetaustralia.com,1767802734,default,74,{},"JNR SHISHA HOOKAH 12000 PUFFS - 100 PACK",218
6505,,"JNR SHISHA HOOKAH - 12000 PUFFS - 200 PACK",,,"JNR vape > JNR SHISHA HOOKAH",http://aussievapes.com.au/wp-content/uploads/2026/01/jnr-shisha-hookah-12000-puffs-200-pack-iget-australia.jpg,,"Brands > JNR vape",,1,1311,,https://igetaustralia.com/product/jnr-shisha-hookah-12000-puffs-200-pack/,igetaustralia.com,1767802743,default,74,{},"JNR SHISHA HOOKAH - 12000 PUFFS - 200 PACK",218
6507,,"JNR SHISHA HOOKAH - 12000 PUFFS - 500 PACK",,,"JNR vape > JNR SHISHA HOOKAH",http://aussievapes.com.au/wp-content/uploads/2026/01/jnr-shisha-hookah-12000-puffs-500-pack-iget-australia.jpg,,"Brands > JNR vape",,1,1310,,https://igetaustralia.com/product/jnr-shisha-hookah-12000-puffs-500-pack/,igetaustralia.com,1767802754,default,74,{},"JNR SHISHA HOOKAH - 12000 PUFFS - 500 PACK",218
6509,,"JNR SHISHA HOOKAH - MANGO BANANA - 12000 PUFFS",,,"JNR vape > JNR SHISHA HOOKAH",http://aussievapes.com.au/wp-content/uploads/2026/01/jnr-shisha-hookah-mango-banana-12000-puffs-iget-australia-e1768184151257.jpg,,"Brands > JNR vape",,1,1309,,https://igetaustralia.com/product/jnr-shisha-hookah-mango-banana-12000-puffs/,igetaustralia.com,1767802768,default,74,{},"JNR SHISHA HOOKAH - MANGO BANANA - 12000 PUFFS",218
6511,,"JNR SHISHA HOOKAH - RED BERRY BLUSH - 12000 PUFFS",,,"JNR vape > JNR SHISHA HOOKAH",http://aussievapes.com.au/wp-content/uploads/2026/01/jnr-shisha-hookah-red-berry-blush-12000-puffs-iget-australia-e1768184057308.jpg,,"Brands > JNR vape",,1,1308,,https://igetaustralia.com/product/jnr-shisha-hookah-red-berry-blush-12000-puffs/,igetaustralia.com,1767802774,default,71,{},"JNR SHISHA HOOKAH - RED BERRY BLUSH - 12000 PUFFS",218
6514,,"JNR TANK - POMEGRANATE WATERMELON - 10000 PUFFS",,,"JNR vape > JNR TANK 10000",http://aussievapes.com.au/wp-content/uploads/2026/01/jnr-tank-pomegranate-watermelon-10000-puffs-iget-australia-e1768213562404.jpg,,"Brands > JNR vape",,1,1307,,https://igetaustralia.com/product/jnr-tank-pomegranate-watermelon-10000-puffs/,igetaustralia.com,1769697512,default,78,{},"JNR TANK - POMEGRANATE WATERMELON - 10000 PUFFS",218
6515,,"JNR TANK - FRUIT MONSTER - 10000 PUFFS",,,"JNR vape > JNR TANK 10000",http://aussievapes.com.au/wp-content/uploads/2026/01/jnr-tank-fruit-monster-10000-puffs-iget-australia-e1768213514853.jpg,,"Brands > JNR vape",,1,1306,,https://igetaustralia.com/product/jnr-tank-fruit-monster-10000-puffs/,igetaustralia.com,1767803031,default,82,{},"JNR TANK - FRUIT MONSTER - 10000 PUFFS",218
6517,,"JNR TANK - LUSH ICE - 10000 PUFFS",,,"JNR vape > JNR TANK 10000",http://aussievapes.com.au/wp-content/uploads/2026/01/jnr-tank-lush-ice-10000-puffs-iget-australia-e1768213475548.jpg,,"Brands > JNR vape",,1,1305,,https://igetaustralia.com/product/jnr-tank-lush-ice-10000-puffs/,igetaustralia.com,1767803033,default,82,{},"JNR TANK - LUSH ICE - 10000 PUFFS",218
6520,,"JNR TANK - STRAWBERRY WATERMELON - 10000 PUFFS",,,"JNR vape > JNR TANK 10000",http://aussievapes.com.au/wp-content/uploads/2026/01/jnr-tank-strawberry-watermelon-10000-puffs-iget-australia-e1768213429249.jpg,,"Brands > JNR vape",,1,1304,,https://igetaustralia.com/product/jnr-tank-steawberry-watermelon-10000-puffs/,igetaustralia.com,1767803045,default,78,{},"JNR TANK - STRAWBERRY WATERMELON - 10000 PUFFS",218
6522,,"JNR TANK - CHERRY POMEGRANATE - 10000 PUFFS",,,"JNR vape > JNR TANK 10000",http://aussievapes.com.au/wp-content/uploads/2026/01/jnr-tank-cherry-pomegranate-10000-puffs-iget-australia-e1768213362809.jpg,,"Brands > JNR vape",,1,1303,,https://igetaustralia.com/product/jnr-tank-cherry-pomegranate-10000-puffs/,igetaustralia.com,1767803117,default,78,{},"JNR TANK - CHERRY POMEGRANATE - 10000 PUFFS",218
6524,,"JNR TANK - KIWI PASSION FRUIT GUAVA - 10000 PUFFS",,,"JNR vape > JNR TANK 10000",http://aussievapes.com.au/wp-content/uploads/2026/01/jnr-tank-kiwi-passion-fruit-guava-10000-puffs-iget-australia-e1768213323697.jpg,,"Brands > JNR vape",,1,1302,,https://igetaustralia.com/product/jnr-tank-kiwi-passion-fruit-guava-10000-puffs/,igetaustralia.com,1778359692,default,78,{},"JNR TANK - KIWI PASSION FRUIT GUAVA - 10000 PUFFS",218
6526,,"JNR TANK - GRAPE ICE - 10000 PUFFS",,,"JNR vape > JNR TANK 10000",http://aussievapes.com.au/wp-content/uploads/2026/01/jnr-tank-grape-ice-10000-puffs-iget-australia-e1768213225518.jpg,,"Brands > JNR vape",,1,1301,,https://igetaustralia.com/product/jnr-tank-grape-ice-10000-puffs/,igetaustralia.com,1767803145,default,82,{},"JNR TANK - GRAPE ICE - 10000 PUFFS",218
6531,,"KILLA - Frosted Mint",,,"Accessories > KILLA",,,,,1,1300,,https://igetaustralia.com/product/killa-mini-frosted-mint/,igetaustralia.com,1767804120,default,67,{},"KILLA - Frosted Mint",
6533,,"KILLA - Blueberry",,,"Accessories > KILLA",http://aussievapes.com.au/wp-content/uploads/2026/01/killa-blueberry-iget-australia.jpg,,,,1,1298,,https://igetaustralia.com/product/killa-dry-blueberry/,igetaustralia.com,1767804120,default,70,{},"KILLA - Blueberry",
6534,,"KILLA - BANANA ICE",,,"Accessories > KILLA",,,,,1,1299,,https://igetaustralia.com/product/killa-dry-banana-ice/,igetaustralia.com,1769702628,default,67,{},"KILLA - BANANA ICE",
6536,,"KILLA - Mango Ice",,,"Accessories > KILLA",http://aussievapes.com.au/wp-content/uploads/2026/01/killa-mango-ice-iget-australia.jpg,,,,1,1297,,https://igetaustralia.com/product/killa-dry-mango-ice/,igetaustralia.com,1778363321,default,70,{},"KILLA - Mango Ice",
6538,,"KILLA - Grape Ice",,,"Accessories > KILLA",http://aussievapes.com.au/wp-content/uploads/2026/01/killa-grape-ice-iget-australia.jpg,,,,1,1294,,https://igetaustralia.com/product/killa-grape-ice/,igetaustralia.com,1778339449,default,70,{},"KILLA - Grape Ice",
6539,,"KILLA - Frosted Mint",,,"Accessories > KILLA",,,,,1,1295,,https://igetaustralia.com/product/killa-dry-frosted-mint/,igetaustralia.com,1778344761,default,67,{},"KILLA - Frosted Mint",
6541,,"KILLA - Watermelon",,,"Accessories > KILLA",http://aussievapes.com.au/wp-content/uploads/2026/01/killa-watermelon-iget-australia.jpg,,,,1,1296,,https://igetaustralia.com/product/killa-dry-watermelon/,igetaustralia.com,1767804123,default,70,{},"KILLA - Watermelon",
6543,,"KILLA - Cola",,,"Accessories > KILLA",http://aussievapes.com.au/wp-content/uploads/2026/01/killa-cola-iget-australia.jpg,,,,1,1293,,https://igetaustralia.com/product/killa-cola/,igetaustralia.com,1778355677,default,79,{},"KILLA - Cola",
6545,,"KUZ DOUBLE APPLE - 6000 PUFFS",,,"Kuz vape > KUZ 6000",http://aussievapes.com.au/wp-content/uploads/2026/01/kuz-double-apple-6000-puffs-iget-australia.png,,"Brands > Kuz vape",,1,1292,,https://igetaustralia.com/product/kuz-double-apple-6000-puffs/,igetaustralia.com,1767804283,default,79,,"KUZ DOUBLE APPLE - 6000 PUFFS",168
6547,,"KUZ BLACKBERRY ICE - 6000 PUFFS",,,"Kuz vape > KUZ 6000",http://aussievapes.com.au/wp-content/uploads/2026/01/kuz-blackberry-ice-6000-puffs-iget-australia.png,,"Brands > Kuz vape",,1,1291,,https://igetaustralia.com/product/kuz-blackberry-ice-6000-puffs/,igetaustralia.com,1767804285,default,78,,"KUZ BLACKBERRY ICE - 6000 PUFFS",168
6548,,"KUZ BLUEBERRY ICE - 6000 PUFFS",,,"Kuz vape > KUZ 6000",,,"Brands > Kuz vape",,1,1290,,https://igetaustralia.com/product/kuz-blueberry-ice-6000-puffs/,igetaustralia.com,1767804286,default,75,,"KUZ BLUEBERRY ICE - 6000 PUFFS",168
6549,,"KUZ DYNAMIC MINT - 6000 PUFFS",,,"Kuz vape > KUZ 6000",,,"Brands > Kuz vape",,1,1289,,https://igetaustralia.com/product/kuz-dynamic-mint-6000-puffs/,igetaustralia.com,1778353125,default,76,{},"KUZ DYNAMIC MINT - 6000 PUFFS",168
6551,,"KUZ KIWI PINEAPPLE ICE - 6000 PUFFS",,,"Kuz vape > KUZ 6000",http://aussievapes.com.au/wp-content/uploads/2026/01/kuz-kiwi-pineapple-ice-6000-puffs-iget-australia.png,,"Brands > Kuz vape",,1,1288,,https://igetaustralia.com/product/kuz-kiwi-pineapple-ice-6000-puffs/,igetaustralia.com,1767804308,default,78,{},"KUZ KIWI PINEAPPLE ICE - 6000 PUFFS",168
6553,,"KUZ MANGO ICE - 6000 PUFFS",,,"Kuz vape > KUZ 6000",http://aussievapes.com.au/wp-content/uploads/2026/01/kuz-mango-ice-6000-puffs-iget-australia.png,,"Brands > Kuz vape",,1,1287,,https://igetaustralia.com/product/kuz-mango-ice-6000-puffs/,igetaustralia.com,1778353165,default,78,{},"KUZ MANGO ICE - 6000 PUFFS",168
6555,,"KUZ PASSIONFRUIT MANGO LIME - 6000 PUFFS",,,"Kuz vape > KUZ 6000",http://aussievapes.com.au/wp-content/uploads/2026/01/kuz-passionfruit-mango-lime-6000-puffs-iget-australia.png,,"Brands > Kuz vape",,1,1286,,https://igetaustralia.com/product/kuz-passionfruit-mango-lime-6000-puffs/,igetaustralia.com,1767804337,default,74,{},"KUZ PASSIONFRUIT MANGO LIME - 6000 PUFFS",168
6557,,"KUZ STRAWBERRY KIWI ICE ICE - 6000 PUFFS",,,"Kuz vape > KUZ 6000",http://aussievapes.com.au/wp-content/uploads/2026/01/kuz-strawberry-kiwi-ice-ice-6000-puffs-iget-australia.png,,"Brands > Kuz vape",,1,1285,,https://igetaustralia.com/product/kuz-strawberry-kiwi-ice-ice-6000-puffs/,igetaustralia.com,1767804345,default,74,{},"KUZ STRAWBERRY KIWI ICE ICE - 6000 PUFFS",168
6559,,"KUZ BLACKBERRY POMEGRANATE CHERRY ICE - 6000 PUFFS",,,"Kuz vape > KUZ 6000",http://aussievapes.com.au/wp-content/uploads/2026/01/kuz-blackberry-pomegranate-cherry-ice-6000-puffs-iget-australia.png,,"Brands > Kuz vape",,1,1284,,https://igetaustralia.com/product/kuz-blackberry-pomegranate-cherry-ice-6000-puffs/,igetaustralia.com,1767804355,default,74,{},"KUZ BLACKBERRY POMEGRANATE CHERRY ICE - 6000 PUFFS",168
6560,,"KUZ CHERRY POMEGRANATE - 6000 PUFFS",,,"Kuz vape > KUZ 6000",,,"Brands > Kuz vape",,1,1283,,https://igetaustralia.com/product/kuz-cherry-pomegranate-6000-puffs/,igetaustralia.com,1767804368,default,75,{},"KUZ CHERRY POMEGRANATE - 6000 PUFFS",168
6562,,"KUZ GRAPE ICE - 6000 PUFFS",,,"Kuz vape > KUZ 6000",http://aussievapes.com.au/wp-content/uploads/2026/01/kuz-grape-ice-6000-puffs-iget-australia.png,,"Brands > Kuz vape",,1,1282,,https://igetaustralia.com/product/kuz-grape-ice-6000-puffs/,igetaustralia.com,1778358470,default,78,{},"KUZ GRAPE ICE - 6000 PUFFS",168
6564,,"KUZ MIXED BERRY - 6000 PUFFS",,,"Kuz vape > KUZ 6000",http://aussievapes.com.au/wp-content/uploads/2026/01/kuz-mixed-berry-6000-puffs-iget-australia.png,,"Brands > Kuz vape",,1,1281,,https://igetaustralia.com/product/kuz-mixed-berry-6000-puffs/,igetaustralia.com,1767804389,default,78,{},"KUZ MIXED BERRY - 6000 PUFFS",168
6566,,"KUZ STRAWBERRY RASPBERRY - 6000 PUFFS",,,"Kuz vape > KUZ 6000",http://aussievapes.com.au/wp-content/uploads/2026/01/kuz-strawberry-raspberry-6000-puffs-iget-australia.png,,"Brands > Kuz vape",,1,1280,,https://igetaustralia.com/product/kuz-strawberry-raspberry-6000-puffs/,igetaustralia.com,1767804405,default,78,{},"KUZ STRAWBERRY RASPBERRY - 6000 PUFFS",168
6567,,"KUZ STRAWBERRY WATERMELON ICE - 6000 PUFFS",,,"Kuz vape > KUZ 6000",,,"Brands > Kuz vape",,1,1279,,https://igetaustralia.com/product/kuz-strawberry-watermelon-ice-6000-puffs/,igetaustralia.com,1767804428,default,70,{},"KUZ STRAWBERRY WATERMELON ICE - 6000 PUFFS",168
6568,,"KUZ PASSION FRUIT MANGO LIME - 6000 PUFFS",,,"Kuz vape > KUZ 6000",,,"Brands > Kuz vape",,1,1278,,https://igetaustralia.com/product/kuz-passion-fruit-mango-lime-6000-puffs/,igetaustralia.com,1769683112,default,69,{},"KUZ PASSION FRUIT MANGO LIME - 6000 PUFFS",168
6570,,"KUZ LUSH ICE - 6000 PUFFS",,,"Kuz vape > KUZ 6000",http://aussievapes.com.au/wp-content/uploads/2026/01/kuz-lush-ice-6000-puffs-iget-australia.jpg,,"Brands > Kuz vape",,1,1277,,https://igetaustralia.com/product/kuz-lush-ice-6000-puffs/,igetaustralia.com,1769687387,default,78,{},"KUZ LUSH ICE - 6000 PUFFS",168
6571,,"KUZ LYCHEE CHARM - 6000 PUFFS",,,"Kuz vape > KUZ 6000",,,"Brands > Kuz vape",,1,1276,,https://igetaustralia.com/product/kuz-lychee-charm-6000-puffs/,igetaustralia.com,1769694062,default,75,{},"KUZ LYCHEE CHARM - 6000 PUFFS",168
6572,,"KUZ CARAMEL LATTE - 6000 PUFFS",,,"Kuz vape > KUZ 6000",,,"Brands > Kuz vape",,1,1275,,https://igetaustralia.com/product/kuz-caramel-latte-6000-puffs/,igetaustralia.com,1767804472,default,75,{},"KUZ CARAMEL LATTE - 6000 PUFFS",168
6574,,"KUZ LEMON CRUSH - 6000 PUFFS",,,"Kuz vape > KUZ 6000",http://aussievapes.com.au/wp-content/uploads/2026/01/kuz-lemon-crush-6000-puffs-iget-australia.jpg,,"Brands > Kuz vape",,1,1274,,https://igetaustralia.com/product/kuz-lemon-crush-6000-puffs/,igetaustralia.com,1767804503,default,79,{},"KUZ LEMON CRUSH - 6000 PUFFS",168
6576,,"KUZ - STRAWBERRY ICE - 6000 PUFFS",,,"Kuz vape > KUZ 6000",http://aussievapes.com.au/wp-content/uploads/2026/01/kuz-strawberry-ice-6000-puffs-iget-australia.jpg,,"Brands > Kuz vape",,1,1273,,https://igetaustralia.com/product/kuz-strawberry-ice-6000-puffs/,igetaustralia.com,1769687050,default,78,{},"KUZ - STRAWBERRY ICE - 6000 PUFFS",168
6578,,"KUZ WHITE GUMMY - 6000 PUFFS",,,"Kuz vape > KUZ 6000",http://aussievapes.com.au/wp-content/uploads/2026/01/kuz-white-gummy-6000-puffs-iget-australia.jpg,,"Brands > Kuz vape",,1,1272,,https://igetaustralia.com/product/kuz-white-gummy-6000-puffs/,igetaustralia.com,1767804524,default,78,{},"KUZ WHITE GUMMY - 6000 PUFFS",168
6580,,"KUZ STRAWBERRY BANANA - 6000 PUFFS",,,"Kuz vape > KUZ 6000",,,"Brands > Kuz vape",,1,1270,,https://igetaustralia.com/product/kuz-strawberry-banana-6000-puffs/,igetaustralia.com,1769754925,default,75,{},"KUZ STRAWBERRY BANANA - 6000 PUFFS",168
6581,,"KUZ STRAWBERRY COCONUT WATERMELON - 6000 PUFFS",,,"Kuz vape > KUZ 6000",http://aussievapes.com.au/wp-content/uploads/2026/01/kuz-strawberry-coconut-watermelon-6000-puffs-iget-australia.jpg,,"Brands > Kuz vape",,1,1271,,https://igetaustralia.com/product/kuz-strawberry-coconut-watermelon-6000-puffs/,igetaustralia.com,1767804538,default,74,{},"KUZ STRAWBERRY COCONUT WATERMELON - 6000 PUFFS",168
6582,,"KUZ APPLE MELON BERRY - 6000 PUFFS",,,"Kuz vape > KUZ 6000",,,"Brands > Kuz vape",,1,1269,,https://igetaustralia.com/product/kuz-apple-melon-berry-6000-puffs/,igetaustralia.com,1769686712,default,75,{},"KUZ APPLE MELON BERRY - 6000 PUFFS",168
6584,,"KUZ – 6000 PUFFS - 3 PACK",,,"Kuz vape > KUZ 6000",http://aussievapes.com.au/wp-content/uploads/2026/01/kuz-6000-puffs-3-pack-iget-australia.jpg,,"Brands > Kuz vape",,1,1268,,https://igetaustralia.com/product/kuz-6000-puffs-3-pack/,igetaustralia.com,1769693892,default,78,{},"KUZ – 6000 PUFFS - 3 PACK",168
6586,,"KUZ – 6000 PUFFS - 5 PACK",,,"Kuz vape > KUZ 6000",http://aussievapes.com.au/wp-content/uploads/2026/01/kuz-6000-puffs-5-pack-iget-australia.jpg,,"Brands > Kuz vape",,1,1267,,https://igetaustralia.com/product/kuz-6000-puffs-5-pack/,igetaustralia.com,1769685475,default,78,{},"KUZ – 6000 PUFFS - 5 PACK",168
6588,,"KUZ – 6000 PUFFS - 10 PACK",,,"Kuz vape > KUZ 6000",http://aussievapes.com.au/wp-content/uploads/2026/01/kuz-6000-puffs-10-pack-iget-australia.jpg,,"Brands > Kuz vape",,1,1266,,https://igetaustralia.com/product/kuz-6000-puffs-10-pack/,igetaustralia.com,1778344747,default,78,{},"KUZ – 6000 PUFFS - 10 PACK",168
6590,,"KUZ – 6000 PUFFS - 20 PACK",,,"Kuz vape > KUZ 6000",http://aussievapes.com.au/wp-content/uploads/2026/01/kuz-6000-puffs-20-pack-iget-australia.jpg,,"Brands > Kuz vape",,1,1265,,https://igetaustralia.com/product/kuz-6000-puffs-20-pack/,igetaustralia.com,1767804583,default,78,{},"KUZ – 6000 PUFFS - 20 PACK",168
6592,,"KUZ LUX CHERRY COLA - 9000 PUFFS",,,"Kuz vape > Kuz LUX 9000",http://aussievapes.com.au/wp-content/uploads/2026/01/kuz-lux-cherry-cola-9000-puffs-iget-australia.jpg,,"Brands > Kuz vape",,1,1264,,https://igetaustralia.com/product/kuz-lux-cherry-cola-9000-puffs/,igetaustralia.com,1769686600,default,78,{},"KUZ LUX CHERRY COLA - 9000 PUFFS",168
6594,,"KUZ LUX WATERMELON RASPBERRY - 9000 PUFFS",,,"Kuz vape > Kuz LUX 9000",http://aussievapes.com.au/wp-content/uploads/2026/01/kuz-lux-watermelon-raspberry-9000-puffs-iget-australia-e1768217025829.jpg,,"Brands > Kuz vape",,1,1263,,https://igetaustralia.com/product/kuz-lux-watermelon-raspberry-9000-puffs/,igetaustralia.com,1769730484,default,74,{},"KUZ LUX WATERMELON RASPBERRY - 9000 PUFFS",168
6599,,"KUZ LUX KIWI DRAGON FRUIT - 9000 PUFFS",,,"Kuz vape > Kuz LUX 9000",http://aussievapes.com.au/wp-content/uploads/2026/01/kuz-lux-kiwi-dragon-fruit-9000-puffs-iget-australia.jpg,,"Brands > Kuz vape",,1,1262,,https://igetaustralia.com/product/kuz-lux-kiwi-dragon-fruit-9000-puffs/,igetaustralia.com,1767804774,default,78,{},"KUZ LUX KIWI DRAGON FRUIT - 9000 PUFFS",168
6600,,"KUZ LUX BLACKBERRY ICE - 9000 PUFFS",,,"Kuz vape > Kuz LUX 9000",,,"Brands > Kuz vape",,1,1261,,https://igetaustralia.com/product/kuz-lux-blackberry-ice-9000-puffs/,igetaustralia.com,1767804777,default,75,{},"KUZ LUX BLACKBERRY ICE - 9000 PUFFS",168
6602,,"KUZ LUX STRAWBERRY KIWI ICE - 9000 PUFFS",,,"Kuz vape > Kuz LUX 9000",http://aussievapes.com.au/wp-content/uploads/2026/01/kuz-lux-strawberry-kiwi-ice-9000-puffs-iget-australia-e1768216887645.jpg,,"Brands > Kuz vape",,1,1260,,https://igetaustralia.com/product/kuz-lux-strawberry-kiwi-ice-9000-puffs/,igetaustralia.com,1769680762,default,74,{},"KUZ LUX STRAWBERRY KIWI ICE - 9000 PUFFS",168
6604,,"KUZ LUX 9000 PUFFS - 3 PACK",,,"Kuz vape > Kuz LUX 9000",http://aussievapes.com.au/wp-content/uploads/2026/01/kuz-lux-9000-puffs-3-pack-iget-australia-e1768216819996.jpg,,"Brands > Kuz vape",,1,1259,,https://igetaustralia.com/product/kuz-lux-9000-puffs-3-pack/,igetaustralia.com,1769681299,default,76,{},"KUZ LUX 9000 PUFFS - 3 PACK",168
6606,,"KUZ LUX 9000 PUFFS - 5 PACK",,,"Kuz vape > Kuz LUX 9000",http://aussievapes.com.au/wp-content/uploads/2026/01/kuz-lux-9000-puffs-5-pack-iget-australia-e1768216775393.jpg,,"Brands > Kuz vape",,1,1258,,https://igetaustralia.com/product/kuz-lux-9000-puffs-5-pack/,igetaustralia.com,1767804804,default,78,{},"KUZ LUX 9000 PUFFS - 5 PACK",168
6608,,"KUZ LUX 9000 PUFFS - 10 PACK",,,"Kuz vape > Kuz LUX 9000",http://aussievapes.com.au/wp-content/uploads/2026/01/kuz-lux-9000-puffs-10-pack-iget-australia-e1768216662713.jpg,,"Brands > Kuz vape",,1,1257,,https://igetaustralia.com/product/kuz-lux-9000-puffs-10-pack/,igetaustralia.com,1767804821,default,78,{},"KUZ LUX 9000 PUFFS - 10 PACK",168
6610,,"KUZ LUX 9000 PUFFS - 20 PACK",,,"Kuz vape > Kuz LUX 9000",http://aussievapes.com.au/wp-content/uploads/2026/01/kuz-lux-9000-puffs-20-pack-iget-australia-e1768216613233.jpg,,"Brands > Kuz vape",,1,1256,,https://igetaustralia.com/product/kuz-lux-9000-puffs-20-pack/,igetaustralia.com,1767804831,default,78,{},"KUZ LUX 9000 PUFFS - 20 PACK",168
6612,,"LEAFBAR PLATINUM BLACKBERRY ICE - 8000 PUFFS",,,"LEAFBAR PLATINUM",http://aussievapes.com.au/wp-content/uploads/2026/01/leafbar-platinum-blackberry-ice-8000-puffs-iget-australia.jpg,,,,1,1255,,https://igetaustralia.com/product/leafbar-platinum-blackberry-ice-8000-puffs/,igetaustralia.com,1767805523,default,74,{},"LEAFBAR PLATINUM BLACKBERRY ICE - 8000 PUFFS",
6613,,"LEAFBAR PLATINUM RASPBERRY WATERMELON - 8000 PUFFS",,,"LEAFBAR PLATINUM",,,,,1,1254,,https://igetaustralia.com/product/leafbar-platinum-raspberry-watermelon-8000-puffs/,igetaustralia.com,1767805524,default,70,{},"LEAFBAR PLATINUM RASPBERRY WATERMELON - 8000 PUFFS",
6615,,"LUCKY WOLF BLACKBERRY ICE - 7000 PUFFS",,,"LUCKY WOLF",http://aussievapes.com.au/wp-content/uploads/2026/01/lucky-wolf-blackberry-ice-7000-puffs-iget-australia-e1768217579155.jpg,,,,1,1253,,https://igetaustralia.com/product/lucky-wolf-blackberry-ice-70000-puffs/,igetaustralia.com,1767805630,default,78,{},"LUCKY WOLF BLACKBERRY ICE - 7000 PUFFS",
6619,,"LUCKY WOLF PASSION FRUIT KIWI GUAVA - 7000 PUFFS",,,"LUCKY WOLF",http://aussievapes.com.au/wp-content/uploads/2026/01/lucky-wolf-passion-fruit-kiwi-guava-7000-puffs-iget-australia-e1768217526578.jpg,,,,1,1252,,https://igetaustralia.com/product/lucky-wolf-passion-fruit-kiwi-guava-7000-puffs/,igetaustralia.com,1767805658,default,75,{},"LUCKY WOLF PASSION FRUIT KIWI GUAVA - 7000 PUFFS",
6621,,"LUCKY WOLF STRAWBERRY RASPBERRY - 7000 PUFFS",,,"LUCKY WOLF",http://aussievapes.com.au/wp-content/uploads/2026/01/lucky-wolf-strawberry-raspberry-7000-puffs-iget-australia-e1768217479702.jpg,,,,1,1251,,https://igetaustralia.com/product/lucky-wolf-strawberry-raspberry-7000-puffs/,igetaustralia.com,1767805669,default,74,{},"LUCKY WOLF STRAWBERRY RASPBERRY - 7000 PUFFS",
6625,,"LUCKY WOLF BLUEBERRY RASPBERRY - 7000 PUFFS",,,"LUCKY WOLF",http://aussievapes.com.au/wp-content/uploads/2026/01/lucky-wolf-blueberry-raspberry-7000-puffs-iget-australia-e1768217437979.jpg,,,,1,1250,,https://igetaustralia.com/product/lucky-wolf-blackberry-raspberry-7000-puffs/,igetaustralia.com,1767805702,default,74,{},"LUCKY WOLF BLUEBERRY RASPBERRY - 7000 PUFFS",
6627,,"LUCKY WOLF MINT - 7000 PUFFS",,,"LUCKY WOLF",http://aussievapes.com.au/wp-content/uploads/2026/01/lucky-wolf-mint-7000-puffs-iget-australia-e1768217393492.jpg,,,,1,1249,,https://igetaustralia.com/product/lucky-wolf-mint-7000-puffs/,igetaustralia.com,1767805722,default,78,{},"LUCKY WOLF MINT - 7000 PUFFS",
6629,,"LUCKY WOLF STRAWBERRY KIWI ICE - 7000 PUFFS",,,"LUCKY WOLF",http://aussievapes.com.au/wp-content/uploads/2026/01/lucky-wolf-strawberry-kiwi-ice-7000-puffs-iget-australia-e1768217347573.jpg,,,,1,1248,,https://igetaustralia.com/product/lucky-wolf-strawberry-kiwi-ice-7000-puffs/,igetaustralia.com,1767805740,default,74,{},"LUCKY WOLF STRAWBERRY KIWI ICE - 7000 PUFFS",
6632,,"LUCKY WOLF 7000 PUFFS - 3 PACK",,,"LUCKY WOLF",http://aussievapes.com.au/wp-content/uploads/2026/01/lucky-wolf-7000-puffs-3-pack-iget-australia.jpg,,,,1,1247,,https://igetaustralia.com/product/lucky-wolf-3-7000-puffs-3-pack/,igetaustralia.com,1767805755,default,78,{},"LUCKY WOLF 7000 PUFFS - 3 PACK",
6634,,"LUCKY WOLF 7000 PUFFS - 5 PACK",,,"LUCKY WOLF",http://aussievapes.com.au/wp-content/uploads/2026/01/lucky-wolf-7000-puffs-5-pack-iget-australia.jpg,,,,1,1246,,https://igetaustralia.com/product/lucky-wolf-7000-puffs-5-pack/,igetaustralia.com,1767805768,default,78,{},"LUCKY WOLF 7000 PUFFS - 5 PACK",
6640,,"MR FOG BANANA STRAWBERRY KIWI - 3600 PUFFS",,,"MR FOG 3600",http://aussievapes.com.au/wp-content/uploads/2026/01/mr-fog-banana-strawberry-kiwi-3600-puffs-iget-australia.jpg,,,,1,1245,,https://igetaustralia.com/product/mr-fog-banana-strawberry-kiwi-3600-puffs/,igetaustralia.com,1767806744,default,74,{},"MR FOG BANANA STRAWBERRY KIWI - 3600 PUFFS",
6644,,"MR FOG BLUEBERRY RASPBERRY CHERRY LEMON - 3600 PUFFS",,,"MR FOG 3600",http://aussievapes.com.au/wp-content/uploads/2026/01/mr-fog-blueberry-raspberry-cherry-lemon-3600-puffs-iget-australia.jpg,,,,1,1244,,https://igetaustralia.com/product/mr-fog-blueberry-raspberry-cherry-lemon-3600-puffs/,igetaustralia.com,1767806758,default,74,{},"MR FOG BLUEBERRY RASPBERRY CHERRY LEMON - 3600 PUFFS",
6648,,"MR FOG PEACH BLUE RASPBERRY ICE - 3600 PUFFS",,,"MR FOG 3600",http://aussievapes.com.au/wp-content/uploads/2026/01/mr-fog-peach-blue-raspberry-ice-3600-puffs-iget-australia.jpg,,,,1,1243,,https://igetaustralia.com/product/mr-fog-peach-blue-raspberry-ice-3600-puffs/,igetaustralia.com,1767806772,default,74,{},"MR FOG PEACH BLUE RASPBERRY ICE - 3600 PUFFS",
6650,,"MR FOG PEACH PINEAPPLE ICE - 3600 PUFFS",,,"MR FOG 3600",http://aussievapes.com.au/wp-content/uploads/2026/01/mr-fog-peach-pineapple-ice-3600-puffs-iget-australia.jpg,,,,1,1242,,https://igetaustralia.com/product/mr-fog-peach-pineapple-ice-3600-puffs/,igetaustralia.com,1767806779,default,78,{},"MR FOG PEACH PINEAPPLE ICE - 3600 PUFFS",
6653,,"MR FOG PINEAPPLE BERRY - 3600 PUFFS",,,"MR FOG 3600",http://aussievapes.com.au/wp-content/uploads/2026/01/mr-fog-pineapple-berry-3600-puffs-iget-australia.jpg,,,,1,1241,,https://igetaustralia.com/product/mr-fog-pineapple-berry-3600-puffs/,igetaustralia.com,1767806794,default,78,,"MR FOG PINEAPPLE BERRY - 3600 PUFFS",
6656,,"MR FOG TROPICAL GUMMIES - 3600 PUFFS",,,"MR FOG 3600",http://aussievapes.com.au/wp-content/uploads/2026/01/mr-fog-tropical-gummies-3600-puffs-iget-australia.jpg,,,,1,1240,,https://igetaustralia.com/product/mr-fog-tropical-gummies-3600-puffs/,igetaustralia.com,1767806815,default,78,{},"MR FOG TROPICAL GUMMIES - 3600 PUFFS",
6660,,"OLIT WATERMELON CHERRY -10000 PUFFS",,,"OLIT 10000 PUFFS",http://aussievapes.com.au/wp-content/uploads/2026/01/olit-watermelon-cherry-10000-puffs-iget-australia.jpg,,,,1,1238,,https://igetaustralia.com/product/olit-watermelon-cherry-10000-puffs/,igetaustralia.com,1769687950,default,74,{},"OLIT WATERMELON CHERRY -10000 PUFFS",
6661,,"OLIT PEACH MANGO WATERMELON -10000 PUFFS",,,"OLIT 10000 PUFFS",http://aussievapes.com.au/wp-content/uploads/2026/01/olit-peach-mango-watermelon-10000-puffs-iget-australia.jpg,,,,1,1239,,https://igetaustralia.com/product/olit-peach-mango-watermelon-10000-puffs/,igetaustralia.com,1767807329,default,71,{},"OLIT PEACH MANGO WATERMELON -10000 PUFFS",
6663,,"OLIT PASSION FRUIT WATERMELON HONEY ICE - 10000 PUFFS",,,"OLIT 10000 PUFFS",http://aussievapes.com.au/wp-content/uploads/2026/01/olit-passion-fruit-watermelon-honey-ice-10000-puffs-iget-australia.jpg,,,,1,1236,,https://igetaustralia.com/product/olit-passion-fruit-watermelon-honey-ice-10000-puffs/,igetaustralia.com,1767807330,default,73,{},"OLIT PASSION FRUIT WATERMELON HONEY ICE - 10000 PUFFS",
6665,,"OLIT BLUEBERRY RASPBERRY - 10000 PUFFS",,,"OLIT 10000 PUFFS",http://aussievapes.com.au/wp-content/uploads/2026/01/olit-blueberry-raspberry-10000-puffs-iget-australia.jpg,,,,1,1237,,https://igetaustralia.com/product/olit-blueberry-raspberry-10000-puffs/,igetaustralia.com,1767807330,default,76,{},"OLIT BLUEBERRY RASPBERRY - 10000 PUFFS",
6668,,"OLIT DOUBLE APPLE - 10000 PUFFS",,,"OLIT 10000 PUFFS",http://aussievapes.com.au/wp-content/uploads/2026/01/olit-double-apple-10000-puffs-iget-australia.jpg,,,,1,1234,,https://igetaustralia.com/product/olit-double-apple-10000-puffs/,igetaustralia.com,1769688626,default,77,{},"OLIT DOUBLE APPLE - 10000 PUFFS",
6669,,"OLIT 10000 PUFFS - 3 PACK",,,"OLIT 10000 PUFFS",http://aussievapes.com.au/wp-content/uploads/2026/01/olit-10000-puffs-3-pack-iget-australia.jpg,,,,1,1235,,https://igetaustralia.com/product/olit-10000-puffs-3-pack/,igetaustralia.com,1767807332,default,76,{},"OLIT 10000 PUFFS - 3 PACK",
6672,,"OLIT 10000 PUFFS - 5 PACK",,,"OLIT 10000 PUFFS",http://aussievapes.com.au/wp-content/uploads/2026/01/olit-10000-puffs-5-pack-iget-australia.jpg,,,,1,1232,,https://igetaustralia.com/product/olit-10000-puffs-5-pack/,igetaustralia.com,1769705013,default,76,{},"OLIT 10000 PUFFS - 5 PACK",
6673,,"OLIT PEACH MANGO WATERMELON - 10000 PUFFS",,,"OLIT 10000 PUFFS",http://aussievapes.com.au/wp-content/uploads/2026/01/olit-peach-mango-watermelon-10000-puffs-iget-australia-1.jpg,,,,1,1233,,https://igetaustralia.com/product/olit-peach-mango-watermelon-10000-puffs-2/,igetaustralia.com,1769693722,default,71,{},"OLIT PEACH MANGO WATERMELON - 10000 PUFFS",
6675,,"OLIT 10000 PUFFS - 10 PACK",,,"OLIT 10000 PUFFS",http://aussievapes.com.au/wp-content/uploads/2026/01/olit-10000-puffs-10-pack-iget-australia.jpg,,,,1,1231,,https://igetaustralia.com/product/olit-10000-puffs-10-pack/,igetaustralia.com,1767807337,default,76,{},"OLIT 10000 PUFFS - 10 PACK",
6677,,"OLIT 10000 PUFFS - 20 PACK",,,"OLIT 10000 PUFFS",http://aussievapes.com.au/wp-content/uploads/2026/01/olit-10000-puffs-20-pack-iget-australia.jpg,,,,1,1230,,https://igetaustralia.com/product/olit-10000-puffs-20-pack/,igetaustralia.com,1767807347,default,76,{},"OLIT 10000 PUFFS - 20 PACK",
6679,,"OLIT 10000 PUFFS - 50 PACK",,,"OLIT 10000 PUFFS",http://aussievapes.com.au/wp-content/uploads/2026/01/olit-10000-puffs-50-pack-iget-australia.jpg,,,,1,1229,,https://igetaustralia.com/product/olit-10000-puffs-50-pack/,igetaustralia.com,1767807358,default,76,{},"OLIT 10000 PUFFS - 50 PACK",
6681,,"OLIT 10000 PUFFS - 100 PACK",,,"OLIT 10000 PUFFS",http://aussievapes.com.au/wp-content/uploads/2026/01/olit-10000-puffs-100-pack-iget-australia.jpg,,,,1,1228,,https://igetaustralia.com/product/olit-10000-puffs-100-pack/,igetaustralia.com,1767807365,default,76,{},"OLIT 10000 PUFFS - 100 PACK",
6682,,"PANDA GUAVA KIWI PASSIONFRUIT - 2500 PUFFS | IGET Australia",,,"Panda 2500 PUFFS",,,,,1,1225,,https://igetaustralia.com/product/panda-guava-kiwi-passionfruit-2500-puffs/,igetaustralia.com,1767807615,,,,,
6685,,"PANDA LEMON COLA - 2500 PUFFS | IGET Australia",,,"Panda 2500 PUFFS",http://aussievapes.com.au/wp-content/uploads/2026/01/panda-lemon-cola-2500-puffs-iget-australia.jpg,,,,1,1226,,https://igetaustralia.com/product/panda-lemon-cola-2500-puffs/,igetaustralia.com,1767807616,,,,,
6686,,"PANDA GRAPE ICE - 2500 PUFFS | IGET Australia",,,"Panda 2500 PUFFS",http://aussievapes.com.au/wp-content/uploads/2026/01/panda-grape-ice-2500-puffs-iget-australia.jpg,,,,1,1227,,https://igetaustralia.com/product/panda-grape-ice-2500-puffs/,igetaustralia.com,1767807616,,,,,
6687,,"PANDA STRAWBERRY CAKE - 2500 PUFFS | IGET Australia",,,"Panda 2500 PUFFS",,,,,1,1223,,https://igetaustralia.com/product/panda-strawberry-cake-2500-puffs/,igetaustralia.com,1767807618,,,,,
6688,,"PANDA WATERMELON ICE - 2500 PUFFS | IGET Australia",,,"Panda 2500 PUFFS",,,,,1,1224,,https://igetaustralia.com/product/panda-watermelon-ice-2500-puffs/,igetaustralia.com,1767807618,,,,,
6689,,"PANDA PEACH LEMONADE - 2500 PUFFS | IGET Australia",,,"Panda 2500 PUFFS",,,,,1,1222,,https://igetaustralia.com/product/panda-peach-lemonade-2500-puffs/,igetaustralia.com,1767807620,,,,,
6692,,"PICCO CHERRY POMEGRANATE - 7000 PUFFS",,,"PICCO 7000 PUFFS",http://aussievapes.com.au/wp-content/uploads/2026/01/picco-cherry-pomegranate-7000-puffs-iget-australia.jpg,,,,1,1221,,https://igetaustralia.com/product/picco-cherry-pomegranate-7000-puffs/,igetaustralia.com,1767807715,default,76,{},"PICCO CHERRY POMEGRANATE - 7000 PUFFS",
6693,,"PICCO MINT ICE - 7000 PUFFS",,,"PICCO 7000 PUFFS",http://aussievapes.com.au/wp-content/uploads/2026/01/picco-mint-ice-7000-puffs-iget-australia.jpg,,,,1,1220,,https://igetaustralia.com/product/picco-mint-ice-7000-puffs/,igetaustralia.com,1767807715,default,76,{},"PICCO MINT ICE - 7000 PUFFS",
6695,,"PICCO STRAWBERRY WATERMELON - 7000 PUFFS",,,"PICCO 7000 PUFFS",http://aussievapes.com.au/wp-content/uploads/2026/01/picco-strawberry-watermelon-7000-puffs-iget-australia.jpg,,,,1,1219,,https://igetaustralia.com/product/picco-strawberry-watermelon-7000-puffs/,igetaustralia.com,1778358606,default,71,{},"PICCO STRAWBERRY WATERMELON - 7000 PUFFS",
6697,,"PICCO KIWI PASSIONFRUIT GUAVA - 7000 PUFFS",,,"PICCO 7000 PUFFS",http://aussievapes.com.au/wp-content/uploads/2026/01/picco-kiwi-passionfruit-guava-7000-puffs-iget-australia.jpg,,,,1,1218,,https://igetaustralia.com/product/picco-kiwi-passionfruit-guava-7000-puffs/,igetaustralia.com,1767807731,default,71,{},"PICCO KIWI PASSIONFRUIT GUAVA - 7000 PUFFS",
6699,,"PICCO LYCHEE ICE - 7000 PUFFS",,,"PICCO 7000 PUFFS",http://aussievapes.com.au/wp-content/uploads/2026/01/picco-lychee-ice-7000-puffs-iget-australia.jpg,,,,1,1217,,https://igetaustralia.com/product/picco-lychee-ice-7000-puffs/,igetaustralia.com,1767807740,default,76,{},"PICCO LYCHEE ICE - 7000 PUFFS",
6701,,"PICCO PEACH ICE - 7000 PUFFS",,,"PICCO 7000 PUFFS",http://aussievapes.com.au/wp-content/uploads/2026/01/picco-peach-ice-7000-puffs-iget-australia.jpg,,,,1,1216,,https://igetaustralia.com/product/picco-peach-ice-7000-puffs/,igetaustralia.com,1767807747,default,76,{},"PICCO PEACH ICE - 7000 PUFFS",
6703,,"PICCO DOUBLE APPLE - 7000 PUFFS",,,"PICCO 7000 PUFFS",http://aussievapes.com.au/wp-content/uploads/2026/01/picco-double-apple-7000-puffs-iget-australia.jpg,,,,1,1215,,https://igetaustralia.com/product/picco-double-apple-7000-puffs/,igetaustralia.com,1767807750,default,77,{},"PICCO DOUBLE APPLE - 7000 PUFFS",
6705,,"PICCO ALEO GRAPE - 7000 PUFFS",,,"PICCO 7000 PUFFS",http://aussievapes.com.au/wp-content/uploads/2026/01/picco-aleo-grape-7000-puffs-iget-australia.jpg,,,,1,1214,,https://igetaustralia.com/product/picco-aleo-grape-7000-puffs/,igetaustralia.com,1767807754,default,76,{},"PICCO ALEO GRAPE - 7000 PUFFS",
6707,,"PICCO BLUEBERRY RASPBERRY 7000 PUFFS",,,"PICCO 7000 PUFFS",http://aussievapes.com.au/wp-content/uploads/2026/01/picco-blueberry-raspberry-7000-puffs-iget-australia.jpg,,,,1,1213,,https://igetaustralia.com/product/picco-blueberry-raspberry-7000-puffs/,igetaustralia.com,1767807759,default,76,{},"PICCO BLUEBERRY RASPBERRY 7000 PUFFS",
6709,,"PICCO 7000 PUFFS - 3 PACK",,,"PICCO 7000 PUFFS",http://aussievapes.com.au/wp-content/uploads/2026/01/picco-7000-puffs-3-pack-iget-australia.jpg,,,,1,1212,,https://igetaustralia.com/product/picco-7000-puffs-3-pack/,igetaustralia.com,1767807765,default,76,{},"PICCO 7000 PUFFS - 3 PACK",
6711,,"PICCO 7000 PUFFS - 5 PACK",,,"PICCO 7000 PUFFS",http://aussievapes.com.au/wp-content/uploads/2026/01/picco-7000-puffs-5-pack-iget-australia.jpg,,,,1,1211,,https://igetaustralia.com/product/picco-7000-puffs-5-pack/,igetaustralia.com,1767807772,default,76,{},"PICCO 7000 PUFFS - 5 PACK",
6713,,"PICCO 7000 PUFFS - 10 PACK",,,"PICCO 7000 PUFFS",http://aussievapes.com.au/wp-content/uploads/2026/01/picco-7000-puffs-10-pack-iget-australia.jpg,,,,1,1210,,https://igetaustralia.com/product/picco-7000-puffs-10-pack/,igetaustralia.com,1767807780,default,76,{},"PICCO 7000 PUFFS - 10 PACK",
6715,,"PICCO 7000 PUFFS - 20 PACK",,,"PICCO 7000 PUFFS",http://aussievapes.com.au/wp-content/uploads/2026/01/picco-7000-puffs-20-pack-iget-australia.jpg,,,,1,1209,,https://igetaustralia.com/product/picco-7000-puffs-20-pack/,igetaustralia.com,1767807789,default,76,{},"PICCO 7000 PUFFS - 20 PACK",
6717,,"PICCO 7000 PUFFS - 50 PACK",,,"PICCO 7000 PUFFS",http://aussievapes.com.au/wp-content/uploads/2026/01/picco-7000-puffs-50-pack-iget-australia.jpg,,,,1,1208,,https://igetaustralia.com/product/picco-7000-puffs-50-pack/,igetaustralia.com,1769685783,default,76,{},"PICCO 7000 PUFFS - 50 PACK",
6719,,"PICCO 7000 PUFFS - 100 PACK",,,"PICCO 7000 PUFFS",http://aussievapes.com.au/wp-content/uploads/2026/01/picco-7000-puffs-100-pack-iget-australia.jpg,,,,1,1207,,https://igetaustralia.com/product/picco-7000-puffs-100-pack/,igetaustralia.com,1767807821,default,76,{},"PICCO 7000 PUFFS - 100 PACK",
6721,,"PICCO LEMON ICE - 7000 PUFFS",,,"PICCO 7000 PUFFS",http://aussievapes.com.au/wp-content/uploads/2026/01/picco-lemon-ice-7000-puffs-iget-australia.jpg,,,,1,1206,,https://igetaustralia.com/product/picco-lemon-ice-7000-puffs/,igetaustralia.com,1767807823,default,76,{},"PICCO LEMON ICE - 7000 PUFFS",
6724,,"PUFFMI ALOE GRAPE ICE - 5000 PUFFS",,,"PUFFMI 5000",http://aussievapes.com.au/wp-content/uploads/2026/01/puffmi-aloe-grape-ice-5000-puffs-iget-australia.jpeg,,,,1,1204,,https://igetaustralia.com/product/puffmi-aloe-grape-ice-5000-puffs/,igetaustralia.com,1767807967,default,78,{},"PUFFMI ALOE GRAPE ICE - 5000 PUFFS",
6725,,"PUFFMI BANANA ICE - 5000 PUFFS",,,"PUFFMI 5000",http://aussievapes.com.au/wp-content/uploads/2026/01/puffmi-banana-ice-5000-puffs-iget-australia.jpeg,,,,1,1205,,https://igetaustralia.com/product/puffmi-2-banana-ice-5000-puffs/,igetaustralia.com,1767807967,default,78,{},"PUFFMI BANANA ICE - 5000 PUFFS",
6727,,"PUFFMI COLA ICE - 5000 PUFFS",,,"PUFFMI 5000",http://aussievapes.com.au/wp-content/uploads/2026/01/puffmi-cola-ice-5000-puffs-iget-australia.jpeg,,,,1,1203,,https://igetaustralia.com/product/puffmi-3-cola-ice-5000-puffs/,igetaustralia.com,1778344757,default,78,{},"PUFFMI COLA ICE - 5000 PUFFS",
6729,,"PUFFMI GRAPEFRUIT ICE - 5000 PUFFS",,,"PUFFMI 5000",http://aussievapes.com.au/wp-content/uploads/2026/01/puffmi-grapefruit-ice-5000-puffs-iget-australia.jpeg,,,,1,1202,,https://igetaustralia.com/product/puffmi-4-grapefruit-ice-5000-puffs/,igetaustralia.com,1767807975,default,78,{},"PUFFMI GRAPEFRUIT ICE - 5000 PUFFS",
6731,,"PUFFMI KIWI PASSION FRUIT GUAVA - 5000 PUFFS",,,"PUFFMI 5000",http://aussievapes.com.au/wp-content/uploads/2026/01/puffmi-kiwi-passion-fruit-guava-5000-puffs-iget-australia.jpeg,,,,1,1201,,https://igetaustralia.com/product/puffmi-5-kiwi-passion-fruit-guava-5000-puffs/,igetaustralia.com,1769687097,default,75,{},"PUFFMI KIWI PASSION FRUIT GUAVA - 5000 PUFFS",
6733,,"PUFFMI LUSH ICE - 5000 PUFFS",,,"PUFFMI 5000",http://aussievapes.com.au/wp-content/uploads/2026/01/puffmi-lush-ice-5000-puffs-iget-australia.jpeg,,,,1,1200,,https://igetaustralia.com/product/puffmi-6-lush-ice-5000-puffs/,igetaustralia.com,1767807986,default,78,{},"PUFFMI LUSH ICE - 5000 PUFFS",
6735,,"PUFFMI MANGO ICE - 5000 PUFFS",,,"PUFFMI 5000",http://aussievapes.com.au/wp-content/uploads/2026/01/puffmi-mango-ice-5000-puffs-iget-australia.jpeg,,,,1,1199,,https://igetaustralia.com/product/puffmi-7-mango-ice-5000-puffs/,igetaustralia.com,1767807989,default,78,{},"PUFFMI MANGO ICE - 5000 PUFFS",
6738,,"PUFFMI MINT ICE - 5000 PUFFS",,,"PUFFMI 5000",http://aussievapes.com.au/wp-content/uploads/2026/01/puffmi-mint-ice-5000-puffs-iget-australia.jpeg,,,,1,1198,,https://igetaustralia.com/product/puffmi-9-mint-ice-5000-puffs/,igetaustralia.com,1767808000,default,78,{},"PUFFMI MINT ICE - 5000 PUFFS",
6741,,"PUFFMI SOUR APPLE ICE - 5000 PUFFS",,,"PUFFMI 5000",http://aussievapes.com.au/wp-content/uploads/2026/01/puffmi-sour-apple-ice-5000-puffs-iget-australia.jpeg,,,,1,1197,,https://igetaustralia.com/product/puffmi-11-sour-apple-ice-5000-puffs/,igetaustralia.com,1767808020,default,78,{},"PUFFMI SOUR APPLE ICE - 5000 PUFFS",
6743,,"PUFFMI STRAWBERRY KIWI - 5000 PUFFS",,,"PUFFMI 5000",http://aussievapes.com.au/wp-content/uploads/2026/01/puffmi-strawberry-kiwi-5000-puffs-iget-australia.jpeg,,,,1,1196,,https://igetaustralia.com/product/puffmi-12-strawberry-kiwi-5000-puffs/,igetaustralia.com,1767808032,default,78,{},"PUFFMI STRAWBERRY KIWI - 5000 PUFFS",
6746,,"PUFFMI TOBACCO - 5000 PUFFS",,,"PUFFMI 5000",http://aussievapes.com.au/wp-content/uploads/2026/01/puffmi-tobacco-5000-puffs-iget-australia.jpeg,,,,1,1195,,https://igetaustralia.com/product/puffmi-14-tobacco-5000-puffs/,igetaustralia.com,1769604680,default,78,{},"PUFFMI TOBACCO - 5000 PUFFS",
6748,,"PUFFMI WATERMELON GUMMY BEAR - 5000 PUFFS",,,"PUFFMI 5000",http://aussievapes.com.au/wp-content/uploads/2026/01/puffmi-watermelon-gummy-bear-5000-puffs-iget-australia.jpeg,,,,1,1194,,https://igetaustralia.com/product/puffmi-15-watermelon-gummy-bear-5000-puffs/,igetaustralia.com,1767808047,default,74,{},"PUFFMI WATERMELON GUMMY BEAR - 5000 PUFFS",
6751,,"RABBEATS BAR RASPBERRY POMEGRANATE - 10000 PUFFS",,,"RABBEATS BAR",http://aussievapes.com.au/wp-content/uploads/2026/01/rabbeats-bar-raspberry-pomegranate-10000-puffs-iget-australia.jpg,,,,1,1192,,https://igetaustralia.com/product/rabbeats-bar-raspberry-pomegranate-10000-puffs/,igetaustralia.com,1767808209,default,71,{},"RABBEATS BAR RASPBERRY POMEGRANATE - 10000 PUFFS",
6752,,"RABBEATS BAR BLUE RAZZ ICE - 10000 PUFFS",,,"RABBEATS BAR",http://aussievapes.com.au/wp-content/uploads/2026/01/rabbeats-bar-blue-razz-ice-10000-puffs-iget-australia.jpg,,,,1,1193,,https://igetaustralia.com/product/rabbeats-bar-blue-razz-ice-10000-puffs/,igetaustralia.com,1767808209,default,71,{},"RABBEATS BAR BLUE RAZZ ICE - 10000 PUFFS",
6754,,"RABBEATS BAR STRAWBERRY ICE - 10000 PUFFS",,,"RABBEATS BAR",http://aussievapes.com.au/wp-content/uploads/2026/01/rabbeats-bar-strawberry-ice-10000-puffs-iget-australia.jpg,,,,1,1191,,https://igetaustralia.com/product/rabbeats-bar-strawberry-ice-10000-puffs/,igetaustralia.com,1767808210,default,71,{},"RABBEATS BAR STRAWBERRY ICE - 10000 PUFFS",
6756,,"RABBEATS BAR HONEY LOUPE MANGO - 10000 PUFFS",,,"RABBEATS BAR",http://aussievapes.com.au/wp-content/uploads/2026/01/rabbeats-bar-honey-loupe-mango-10000-puffs-iget-australia.jpg,,,,1,1190,,https://igetaustralia.com/product/rabbeats-bar-honey-loupe-mango-10000-puffs/,igetaustralia.com,1767808211,default,71,{},"RABBEATS BAR HONEY LOUPE MANGO - 10000 PUFFS",
6759,,"RABBEATS BAR KIWI-MELON APPLE - 10000 PUFFS",,,"RABBEATS BAR",http://aussievapes.com.au/wp-content/uploads/2026/01/rabbeats-bar-kiwi-melon-apple-10000-puffs-iget-australia.jpg,,,,1,1188,,https://igetaustralia.com/product/rabbeats-bar-kiwi-melon-apple-10000-puffs/,igetaustralia.com,1767808212,default,71,,"RABBEATS BAR KIWI-MELON APPLE - 10000 PUFFS",
6760,,"RABBEATS BAR BLUEBERRY MINT - 10000 PUFFS",,,"RABBEATS BAR",http://aussievapes.com.au/wp-content/uploads/2026/01/rabbeats-bar-blueberry-mint-10000-puffs-iget-australia.jpg,,,,1,1189,,https://igetaustralia.com/product/rabbeats-bar-blueberry-mint-10000-puffs/,igetaustralia.com,1767808212,default,71,,"RABBEATS BAR BLUEBERRY MINT - 10000 PUFFS",
6763,,"RABBEATS BAR FUJI ICE CREAM - 10000 PUFFS",,,"RABBEATS BAR",http://aussievapes.com.au/wp-content/uploads/2026/01/rabbeats-bar-fuji-ice-cream-10000-puffs-iget-australia.jpg,,,,1,1186,,https://igetaustralia.com/product/rabbeats-bar-fuji-ice-cream-10000-puffs/,igetaustralia.com,1767808213,default,71,{},"RABBEATS BAR FUJI ICE CREAM - 10000 PUFFS",
6764,,"RABBEATS BAR MIAMI MINT - 10000 PUFFS",,,"RABBEATS BAR",http://aussievapes.com.au/wp-content/uploads/2026/01/rabbeats-bar-miami-mint-10000-puffs-iget-australia.jpg,,,,1,1187,,https://igetaustralia.com/product/rabbeats-bar-miami-mint-10000-puffs/,igetaustralia.com,1767808213,default,76,,"RABBEATS BAR MIAMI MINT - 10000 PUFFS",
6767,,"RABBEATS BAR BLACKBERRY CRANBERRY - 10000 PUFFS",,,"RABBEATS BAR",http://aussievapes.com.au/wp-content/uploads/2026/01/rabbeats-bar-blackberry-cranberry-10000-puffs-iget-australia.jpg,,,,1,1184,,https://igetaustralia.com/product/rabbeats-bar-blackberry-cranberry-10000-puffs/,igetaustralia.com,1767808215,default,71,{},"RABBEATS BAR BLACKBERRY CRANBERRY - 10000 PUFFS",
6768,,"RABBEATS BAR GRAPE CHERRY - 10000 PUFF",,,"RABBEATS BAR",http://aussievapes.com.au/wp-content/uploads/2026/01/rabbeats-bar-grape-cherry-10000-puff-iget-australia.jpg,,,,1,1185,,https://igetaustralia.com/product/rabbeats-bar-grape-cherry-10000-puff/,igetaustralia.com,1767808215,default,76,{},"RABBEATS BAR GRAPE CHERRY - 10000 PUFF",
6771,,"RABBEATS BAR PEACH MANGO - 10000 PUFFS",,,"RABBEATS BAR",http://aussievapes.com.au/wp-content/uploads/2026/01/rabbeats-bar-peach-mango-10000-puffs-iget-australia.jpg,,,,1,1182,,https://igetaustralia.com/product/rabbeats-bar-peach-mango-10000-puff/,igetaustralia.com,1767808216,default,76,{},"RABBEATS BAR PEACH MANGO - 10000 PUFFS",
6772,,"RABBEATS BAR STRAWBERRY KIWI - 10000 PUFFS",,,"RABBEATS BAR",http://aussievapes.com.au/wp-content/uploads/2026/01/rabbeats-bar-strawberry-kiwi-10000-puffs-iget-australia.jpg,,,,1,1183,,https://igetaustralia.com/product/rabbeats-bar-strawberry-kiwi-10000-puffs/,igetaustralia.com,1767808216,default,71,{},"RABBEATS BAR STRAWBERRY KIWI - 10000 PUFFS",
6774,,"RABBEATS BAR MANGO MADNESS - 10000 PUFFS",,,"RABBEATS BAR",http://aussievapes.com.au/wp-content/uploads/2026/01/rabbeats-bar-mango-madness-10000-puffs-iget-australia.jpg,,,,1,1181,,https://igetaustralia.com/product/rabbeats-bar-mango-madness-10000-puffs/,igetaustralia.com,1769688062,default,71,{},"RABBEATS BAR MANGO MADNESS - 10000 PUFFS",
6776,,"RABBEATS BAR WATERMELON ICE - 10000 PUFFS",,,"RABBEATS BAR",http://aussievapes.com.au/wp-content/uploads/2026/01/rabbeats-bar-watermelon-ice-10000-puffs-iget-australia.jpg,,,,1,1180,,https://igetaustralia.com/product/rabbeats-bar-watermelon-ice-10000-puffs/,igetaustralia.com,1767808220,default,71,{},"RABBEATS BAR WATERMELON ICE - 10000 PUFFS",
6778,,"RABBEATS 10000 PUFFS - 3 PACK",,,"RABBEATS BAR",http://aussievapes.com.au/wp-content/uploads/2026/01/rabbeats-10000-puffs-3-pack-iget-australia.jpg,,,,1,1179,,https://igetaustralia.com/product/rabbeats-10000-puffs-3-pack/,igetaustralia.com,1767808223,default,76,{},"RABBEATS 10000 PUFFS - 3 PACK",
6780,,"RABBEATS 10000 PUFFS - 5 PACK",,,"RABBEATS BAR",http://aussievapes.com.au/wp-content/uploads/2026/01/rabbeats-10000-puffs-5-pack-iget-australia.jpg,,,,1,1178,,https://igetaustralia.com/product/rabbeats-10000-puffs-5-pack/,igetaustralia.com,1767808227,default,76,{},"RABBEATS 10000 PUFFS - 5 PACK",
6782,,"RABBEATS 10000 PUFFS - 10 PACK",,,"RABBEATS BAR",http://aussievapes.com.au/wp-content/uploads/2026/01/rabbeats-10000-puffs-10-pack-iget-australia.jpg,,,,1,1177,,https://igetaustralia.com/product/rabbeats-10000-puffs-10-pack/,igetaustralia.com,1767808236,default,76,{},"RABBEATS 10000 PUFFS - 10 PACK",
6784,,"RABBEATS BAR 10000 PUFFS - 20 PACKS",,,"RABBEATS BAR",http://aussievapes.com.au/wp-content/uploads/2026/01/rabbeats-bar-10000-puffs-20-packs-iget-australia.jpg,,,,1,1176,,https://igetaustralia.com/product/rabbeats-bar-10000-puffs-20-packs/,igetaustralia.com,1767808240,default,76,{},"RABBEATS BAR 10000 PUFFS - 20 PACKS",
6786,,"RIVAL BAR MUNG BEAN - 7000 PUFFS",,,"RIVAL BAR 7000 PUFFS",http://aussievapes.com.au/wp-content/uploads/2026/01/rival-bar-mung-bean-7000-puffs-iget-australia.jpg,,,,1,1175,,https://igetaustralia.com/product/rival-bar-mung-bean-7000-puffs/,igetaustralia.com,1767808358,default,74,,"RIVAL BAR MUNG BEAN - 7000 PUFFS",
6788,,"RIVAL BAR LYCHEE - 7000 PUFFS",,,"RIVAL BAR 7000 PUFFS",http://aussievapes.com.au/wp-content/uploads/2026/01/rival-bar-lychee-7000-puffs-iget-australia.jpg,,,,1,1174,,https://igetaustralia.com/product/rival-bar-lychee-7000-puffs/,igetaustralia.com,1767808359,default,76,,"RIVAL BAR LYCHEE - 7000 PUFFS",
6790,,"RIVAL BAR WATERMELON ICE - 7000 PUFFS",,,"RIVAL BAR 7000 PUFFS",http://aussievapes.com.au/wp-content/uploads/2026/01/rival-bar-watermelon-ice-7000-puffs-iget-australia.jpg,,,,1,1173,,https://igetaustralia.com/product/rival-bar-watermelon-ice-7000-puffs/,igetaustralia.com,1767808364,default,69,,"RIVAL BAR WATERMELON ICE - 7000 PUFFS",
6792,,"RIVAL BAR COLA - 7000 PUFFS",,,"RIVAL BAR 7000 PUFFS",http://aussievapes.com.au/wp-content/uploads/2026/01/rival-bar-cola-7000-puffs-iget-australia.jpg,,,,1,1172,,https://igetaustralia.com/product/rival-bar-cola-7000-puffs/,igetaustralia.com,1767808368,default,76,,"RIVAL BAR COLA - 7000 PUFFS",
6794,,"RIVAL BAR MINT - 7000 PUFFS",,,"RIVAL BAR 7000 PUFFS",http://aussievapes.com.au/wp-content/uploads/2026/01/rival-bar-mint-7000-puffs-iget-australia.jpg,,,,1,1171,,https://igetaustralia.com/product/rival-bar-mint-7000-puffs/,igetaustralia.com,1767808370,default,76,,"RIVAL BAR MINT - 7000 PUFFS",
6796,,"RIVAL LEMON BAR - 7000 PUFFS",,,"RIVAL BAR 7000 PUFFS",http://aussievapes.com.au/wp-content/uploads/2026/01/rival-lemon-bar-7000-puffs-iget-australia.jpg,,,,1,1170,,https://igetaustralia.com/product/rival-lemon-7000-puffs/,igetaustralia.com,1767808376,default,76,,"RIVAL LEMON BAR - 7000 PUFFS",
6798,,"RIVAL BAR LIME - 7000 PUFFS",,,"RIVAL BAR 7000 PUFFS",http://aussievapes.com.au/wp-content/uploads/2026/01/rival-bar-lime-7000-puffs-iget-australia.jpg,,,,1,1169,,https://igetaustralia.com/product/rival-bar-lime-7000-puffs/,igetaustralia.com,1767808380,default,76,,"RIVAL BAR LIME - 7000 PUFFS",
6800,,"RIVAL BAR LONG JIN TEA - 7000 PUFFS",,,"RIVAL BAR 7000 PUFFS",http://aussievapes.com.au/wp-content/uploads/2026/01/rival-bar-long-jin-tea-7000-puffs-iget-australia.jpg,,,,1,1168,,https://igetaustralia.com/product/rival-bar-long-jin-tea-7000-puffs/,igetaustralia.com,1767808384,default,78,{},"RIVAL BAR LONG JIN TEA - 7000 PUFFS",
6803,,"SNATCH - Forest Fruits",,,"Pouches > nicotine pouches > SNATCH",http://aussievapes.com.au/wp-content/uploads/2026/01/snatch-forest-fruits-iget-australia.jpg,,,,1,1165,,https://igetaustralia.com/product/snatch-forest-fruits/,igetaustralia.com,1778353139,default,78,,"SNATCH - Forest Fruits",
6804,,"SNATCH - Arctic Mint",,,"Pouches > nicotine pouches > SNATCH",http://aussievapes.com.au/wp-content/uploads/2026/01/snatch-arctic-mint-iget-australia.jpg,,,,1,1166,,https://igetaustralia.com/product/snatch-arctic-mint/,igetaustralia.com,1778363328,default,78,,"SNATCH - Arctic Mint",
6806,,"SNATCH - Frozen",,,"Pouches > nicotine pouches > SNATCH",http://aussievapes.com.au/wp-content/uploads/2026/01/snatch-frozen-iget-australia.jpg,,,,1,1167,,https://igetaustralia.com/product/snatch-frozen/,igetaustralia.com,1767808594,default,78,{},"SNATCH - Frozen",
6808,,"SNATCH - Citrus",,,"Pouches > nicotine pouches > SNATCH",http://aussievapes.com.au/wp-content/uploads/2026/01/snatch-citrus-iget-australia.jpg,,,,1,1164,,https://igetaustralia.com/product/snatch-citrus/,igetaustralia.com,1778363329,default,78,{},"SNATCH - Citrus",
6811,,"TESS-LV BLUEBERRY SPARKLING WATER - 12000 PUFFS",,,"Tess - LV 12000",http://aussievapes.com.au/wp-content/uploads/2026/01/tess-lv-blueberry-sparkling-water-12000-puffs-iget-australia.jpg,,,,1,1163,,https://igetaustralia.com/product/tess-lv-blueberry-sparkling-water-12000-puffs/,igetaustralia.com,1767808781,default,74,{},"TESS-LV BLUEBERRY SPARKLING WATER - 12000 PUFFS",
6813,,"TESS-LV BUBBLE CHERRY - 12000 PUFFS",,,"Tess - LV 12000",http://aussievapes.com.au/wp-content/uploads/2026/01/tess-lv-bubble-cherry-12000-puffs-iget-australia-e1768239442781.jpg,,,,1,1162,,https://igetaustralia.com/product/tess-lv-bubble-cherry-12000-puffs/,igetaustralia.com,1767808785,default,76,{},"TESS-LV BUBBLE CHERRY - 12000 PUFFS",
6815,,"TESS-LV CHERRY COLA ICE - 12000 PUFFS",,,"Tess - LV 12000",http://aussievapes.com.au/wp-content/uploads/2026/01/tess-lv-cherry-cola-ice-12000-puffs-iget-australia-e1768239396118.jpg,,,,1,1161,,https://igetaustralia.com/product/tess-lv-cherry-cola-ice-12000-puffs/,igetaustralia.com,1767808789,default,78,{},"TESS-LV CHERRY COLA ICE - 12000 PUFFS",
6817,,"TESS-LV COOL MINT - 12000 PUFFS",,,"Tess - LV 12000",http://aussievapes.com.au/wp-content/uploads/2026/01/tess-lv-cool-mint-12000-puffs-iget-australia-e1768239347425.jpg,,,,1,1160,,https://igetaustralia.com/product/tess-lv-cool-mint-12000-puffs/,igetaustralia.com,1767808797,default,79,{},"TESS-LV COOL MINT - 12000 PUFFS",
6819,,"TESS-LV GRAPE ICE - 12000 PUFFS",,,"Tess - LV 12000",http://aussievapes.com.au/wp-content/uploads/2026/01/tess-lv-grape-ice-12000-puffs-iget-australia-e1768239304447.jpg,,,,1,1159,,https://igetaustralia.com/product/tess-lv-grape-ice-12000-puffs/,igetaustralia.com,1778356019,default,78,{},"TESS-LV GRAPE ICE - 12000 PUFFS",
6821,,"TESS-LV KIWI PASSION GUAVA - 12000 PUFFS",,,"Tess - LV 12000",http://aussievapes.com.au/wp-content/uploads/2026/01/tess-lv-kiwi-passion-guava-12000-puffs-iget-australia-e1768239259383.jpg,,,,1,1158,,https://igetaustralia.com/product/tess-lv-kiwi-passion-guava-12000-puffs/,igetaustralia.com,1767808806,default,75,{},"TESS-LV KIWI PASSION GUAVA - 12000 PUFFS",
6823,,"TESS-LV MANGO PASSION FRUIT - 12000 PUFFS",,,"Tess - LV 12000",http://aussievapes.com.au/wp-content/uploads/2026/01/tess-lv-mango-passion-fruit-12000-puffs-iget-australia-e1768239209718.jpg,,,,1,1157,,https://igetaustralia.com/product/tess-lv-mango-passion-fruit-12000-puffs/,igetaustralia.com,1769743271,default,75,{},"TESS-LV MANGO PASSION FRUIT - 12000 PUFFS",
6826,,"TESS-LV WATERMELON ICE - 12000 PUFFS",,,"Tess - LV 12000",http://aussievapes.com.au/wp-content/uploads/2026/01/tess-lv-watermelon-ice-12000-puffs-iget-australia-e1768239172924.jpg,,,,1,1156,,https://igetaustralia.com/product/tess-lv-watermelon-ice-12000-puffs/,igetaustralia.com,1769366170,default,78,{},"TESS-LV WATERMELON ICE - 12000 PUFFS",
6829,,"TESS-LV 12000 PUFFS - 5 PACK",,,"Tess - LV 12000",http://aussievapes.com.au/wp-content/uploads/2026/01/tess-lv-12000-puffs-5-pack-iget-australia-e1768239124294.jpg,,,,1,1155,,https://igetaustralia.com/product/tess-lv-12000-puffs-5-pack/,igetaustralia.com,1767808830,default,76,{},"TESS-LV 12000 PUFFS - 5 PACK",
6831,,"TESS-LV 12000 PUFFS - 10 PACK",,,"Tess - LV 12000",http://aussievapes.com.au/wp-content/uploads/2026/01/tess-lv-12000-puffs-10-pack-iget-australia-e1768239085743.jpg,,,,1,1154,,https://igetaustralia.com/product/tess-lv-12000-puffs-10-pack/,igetaustralia.com,1767808834,default,78,{},"TESS-LV 12000 PUFFS - 10 PACK",
6836,,"VAPEHUB CLASSIC TOBACCO - 20000 PUFFS",,,VAPEHUB,http://aussievapes.com.au/wp-content/uploads/2026/01/vapehub-classic-tobacco-20000-puffs-iget-australia-e1768272376211.jpg,,,,1,1151,,https://igetaustralia.com/product/vapehub-classic-tobacco-20000-puffs/,igetaustralia.com,1767808944,default,76,{},"VAPEHUB CLASSIC TOBACCO - 20000 PUFFS",
6837,,"VAPEHUB BLOOD ORANGE VANILLA BLISS - 20000 PUFFS",,,VAPEHUB,http://aussievapes.com.au/wp-content/uploads/2026/01/vapehub-blood-orange-vanilla-bliss-20000-puffs-iget-australia-e1768273215742.jpg,,,,1,1152,,https://igetaustralia.com/product/vapehub-blood-orange-vanilla-bliss-20000-puffs/,igetaustralia.com,1769379455,default,73,{},"VAPEHUB BLOOD ORANGE VANILLA BLISS - 20000 PUFFS",
6838,,"VAPEHUB BERRY CHERRY POP - 20000 PUFFS",,,VAPEHUB,http://aussievapes.com.au/wp-content/uploads/2026/01/vapehub-berry-cherry-pop-20000-puffs-iget-australia-e1768273246783.jpg,,,,1,1153,,https://igetaustralia.com/product/vapehub-berry-cherry-pop-20000-puffs/,igetaustralia.com,1769687274,default,76,{},"VAPEHUB BERRY CHERRY POP - 20000 PUFFS",
6840,,"VAPEHUB FROSTED BLACKBERRY CRUSH - 20000 PUFFS",,,VAPEHUB,http://aussievapes.com.au/wp-content/uploads/2026/01/vapehub-frosted-blackberry-crush-20000-puffs-iget-australia-e1768272350552.jpg,,,,1,1150,,https://igetaustralia.com/product/vapehub-frosted-blackberry-crush-20000-puffs/,igetaustralia.com,1767808945,default,75,{},"VAPEHUB FROSTED BLACKBERRY CRUSH - 20000 PUFFS",
6843,,"VAPEHUB BLUEBERRY BLAST STORM - 20000 PUFFS",,,VAPEHUB,http://aussievapes.com.au/wp-content/uploads/2026/01/vapehub-blueberry-blast-storm-20000-puffs-iget-australia-e1768272465595.jpg,,,,1,1148,,https://igetaustralia.com/product/vapehub-blueberry-blast-storm-20000-puffs/,igetaustralia.com,1769698119,default,66,{},"VAPEHUB BLUEBERRY BLAST STORM - 20000 PUFFS",
6844,,"VAPEHUB CHILLY WATERMELON CRUSH - 20000 PUFFS",,,VAPEHUB,http://aussievapes.com.au/wp-content/uploads/2026/01/vapehub-chilly-watermelon-crush-20000-puffs-iget-australia-e1768272413562.jpg,,,,1,1149,,https://igetaustralia.com/product/vapehub-chilly-watermelon-crush-20000-puffs/,igetaustralia.com,1767808946,default,66,{},"VAPEHUB CHILLY WATERMELON CRUSH - 20000 PUFFS",
6846,,"VAPEHUB ISLAND COCONUT SPLASH - 20000 PUFFS",,,VAPEHUB,http://aussievapes.com.au/wp-content/uploads/2026/01/vapehub-island-coconut-splash-20000-puffs-iget-australia-e1768272527216.jpg,,,,1,1146,,https://igetaustralia.com/product/vapehub-island-coconut-splash-20000-puffs/,igetaustralia.com,1767808947,default,76,{},"VAPEHUB ISLAND COCONUT SPLASH - 20000 PUFFS",
6850,,"VAPEHUB KIWI PINEAPPLE - 20000 PUFFS",,,VAPEHUB,http://aussievapes.com.au/wp-content/uploads/2026/01/vapehub-kiwi-pineapple-20000-puffs-iget-australia.jpg,,,,1,1147,,https://igetaustralia.com/product/vapehub-kiwi-pineapple-20000-puffs/,igetaustralia.com,1767808948,default,78,{},"VAPEHUB KIWI PINEAPPLE - 20000 PUFFS",
6851,,"VAPEHUB LIMEY AUSSIE TWIST - 20000 PUFFS",,,VAPEHUB,http://aussievapes.com.au/wp-content/uploads/2026/01/vapehub-limey-aussie-twist-20000-puffs-iget-australia-e1768272716710.jpg,,,,1,1144,,https://igetaustralia.com/product/vapehub-limey-twist-20000-puffs/,igetaustralia.com,1767808948,default,74,{},"VAPEHUB LIMEY AUSSIE TWIST - 20000 PUFFS",
6852,,"VAPEHUB MEXICO MANGO - 20000 PUFFS",,,VAPEHUB,http://aussievapes.com.au/wp-content/uploads/2026/01/vapehub-mexico-mango-20000-puffs-iget-australia-e1768272668579.jpg,,,,1,1145,,https://igetaustralia.com/product/vapehub-mexico-mango-20000-puffs/,igetaustralia.com,1767808948,default,78,{},"VAPEHUB MEXICO MANGO - 20000 PUFFS",
6854,,"VAPEHUB MIDNIGHT BERRY CHILL - 20000 PUFFS",,,VAPEHUB,http://aussievapes.com.au/wp-content/uploads/2026/01/vapehub-midnight-berry-chill-20000-puffs-iget-australia-e1768272767117.jpg,,,,1,1143,,https://igetaustralia.com/product/vapehubmidnight-berry-chill-20000-puffs/,igetaustralia.com,1767808949,default,74,{},"VAPEHUB MIDNIGHT BERRY CHILL - 20000 PUFFS",
6856,,"VAPEHUB RAINBOW SWEET BURST - 20000 PUFFS",,,VAPEHUB,http://aussievapes.com.au/wp-content/uploads/2026/01/vapehub-rainbow-sweet-burst-20000-puffs-iget-australia-e1768272808830.jpg,,,,1,1142,,https://igetaustralia.com/product/vapehub-rainbow-sweet-burst-20000-puffs/,igetaustralia.com,1767808950,default,74,{},"VAPEHUB RAINBOW SWEET BURST - 20000 PUFFS",
6858,,"VAPEHUB OKEY-DOKEY PASSION PUNCH - 20000 PUFFS",,,VAPEHUB,http://aussievapes.com.au/wp-content/uploads/2026/01/vapehub-okey-dokey-passion-punch-20000-puffs-iget-australia-e1768272854601.jpg,,,,1,1141,,https://igetaustralia.com/product/vapehub-okey-dokey-passion-punch-20000-puffs/,igetaustralia.com,1767808951,default,75,{},"VAPEHUB OKEY-DOKEY PASSION PUNCH - 20000 PUFFS",
6861,,"VAPEHUB VELVET GRAPE - 20000 PUFFS",,,VAPEHUB,http://aussievapes.com.au/wp-content/uploads/2026/01/vapehub-velvet-grape-20000-puffs-iget-australia-e1768272952761.jpg,,,,1,1139,,https://igetaustralia.com/product/vapehub-velvet-grape-20000-puffs/,igetaustralia.com,1767808952,default,78,{},"VAPEHUB VELVET GRAPE - 20000 PUFFS",
6862,,"VAPEHUB FROZEN PEACH - 20000 PUFFS",,,VAPEHUB,http://aussievapes.com.au/wp-content/uploads/2026/01/vapehub-frozen-peach-20000-puffs-iget-australia-e1768272909307.jpg,,,,1,1140,,https://igetaustralia.com/product/vapehub-frozen-peach-20000-puffs/,igetaustralia.com,1767808952,default,78,{},"VAPEHUB FROZEN PEACH - 20000 PUFFS",
6864,,"VAPEHUB CHUPA CHUPS STRAWBERRY - 20000 PUFFS",,,VAPEHUB,http://aussievapes.com.au/wp-content/uploads/2026/01/vapehub-chupa-chups-strawberry-20000-puffs-iget-australia-e1768272996395.jpg,,,,1,1138,,https://igetaustralia.com/product/vapehub-chupa-chups-strawberry-20000-puffs/,igetaustralia.com,1767808958,default,74,{},"VAPEHUB CHUPA CHUPS STRAWBERRY - 20000 PUFFS",
6866,,"VAPEHUB APPLE GUMMIES - 20000 PUFFS",,,VAPEHUB,http://aussievapes.com.au/wp-content/uploads/2026/01/vapehub-apple-gummies-20000-puffs-iget-australia-e1768273043951.jpg,,,,1,1137,,https://igetaustralia.com/product/vapehub-apple-gummies-20000-puffs/,igetaustralia.com,1767808960,default,76,{},"VAPEHUB APPLE GUMMIES - 20000 PUFFS",
6868,,"VAPEHUB GLACIER MINT - 20000 PUFFS",,,VAPEHUB,http://aussievapes.com.au/wp-content/uploads/2026/01/vapehub-glacier-mint-20000-puffs-iget-australia-e1768273086860.jpg,,,,1,1136,,https://igetaustralia.com/product/vapehub-classic-tobacco-20000-puffs-2/,igetaustralia.com,1767808963,default,76,{},"VAPEHUB GLACIER MINT - 20000 PUFFS",
6870,,"VAPEHUB STRAWBERRY ZING - 20000 PUFFS",,,VAPEHUB,http://aussievapes.com.au/wp-content/uploads/2026/01/vapehub-strawberry-zing-20000-puffs-iget-australia.jpg,,,,1,1135,,https://igetaustralia.com/product/vapehub-strawberry-zinc-20000-puffs/,igetaustralia.com,1767808968,default,76,{},"VAPEHUB STRAWBERRY ZING - 20000 PUFFS",
6872,,"VAPEHUB GRAPE JELLY - 20000 PUFFS",,,VAPEHUB,http://aussievapes.com.au/wp-content/uploads/2026/01/vapehub-grape-jelly-20000-puffs-iget-australia-e1768273161496.jpg,,,,1,1134,,https://igetaustralia.com/product/vapehub-grape-jelly-20000-puffs/,igetaustralia.com,1767808977,default,76,{},"VAPEHUB GRAPE JELLY - 20000 PUFFS",
6874,,"VAPEHUB SOUR BERRIES MIX - 20000 PUFFS",,,VAPEHUB,http://aussievapes.com.au/wp-content/uploads/2026/01/vapehub-sour-berries-mix-20000-puffs-iget-australia.jpg,,,,1,1133,,https://igetaustralia.com/product/vapehub-sour-berries-mix-20000-puffs/,igetaustralia.com,1767808980,default,76,{},"VAPEHUB SOUR BERRIES MIX - 20000 PUFFS",
6876,,"VAPEHUB CITRUS CANDY - 20000 PUFFS",,,VAPEHUB,http://aussievapes.com.au/wp-content/uploads/2026/01/vapehub-citrus-candy-20000-puffs-iget-australia.jpg,,,,1,1132,,https://igetaustralia.com/product/vapehub-citrus-candy-20000-puffs/,igetaustralia.com,1778356023,default,76,{},"VAPEHUB CITRUS CANDY - 20000 PUFFS",
6878,,"VAPEHUB STRAWBERRY CHEW - 20000 PUFFS",,,VAPEHUB,http://aussievapes.com.au/wp-content/uploads/2026/01/vapehub-strawberry-chew-20000-puffs-iget-australia.jpg,,,,1,1131,,https://igetaustralia.com/product/vapehub-strawberry-chew-20000-puffs/,igetaustralia.com,1767808990,default,76,{},"VAPEHUB STRAWBERRY CHEW - 20000 PUFFS",
6880,,"VAPEHUB GUMMY BEARS - 20000 PUFFS",,,VAPEHUB,http://aussievapes.com.au/wp-content/uploads/2026/01/vapehub-gummy-bears-20000-puffs-iget-australia.jpg,,,,1,1130,,https://igetaustralia.com/product/vapehub-gummy-bears-20000-puffs/,igetaustralia.com,1767808993,default,76,{},"VAPEHUB GUMMY BEARS - 20000 PUFFS",
6882,,"VAPEHUB ICY APPLE ZING - 20000 PUFFS",,,VAPEHUB,http://aussievapes.com.au/wp-content/uploads/2026/01/vapehub-icy-apple-zing-20000-puffs-iget-australia.jpg,,,,1,1129,,https://igetaustralia.com/product/vapehub-icy-apple-zing-20000-puffs/,igetaustralia.com,1767808996,default,76,{},"VAPEHUB ICY APPLE ZING - 20000 PUFFS",
6884,,"VAPEHUB SOUR BLUEBERRY DUST - 20000 PUFFS",,,VAPEHUB,http://aussievapes.com.au/wp-content/uploads/2026/01/vapehub-sour-blueberry-dust-20000-puffs-iget-australia.jpg,,,,1,1128,,https://igetaustralia.com/product/vapehub-sour-blueberry-dust-20000-puffs/,igetaustralia.com,1767809000,default,71,{},"VAPEHUB SOUR BLUEBERRY DUST - 20000 PUFFS",
6886,,"VAPEHUB SOUR CRANAPPLE - 20000 PUFFS",,,VAPEHUB,http://aussievapes.com.au/wp-content/uploads/2026/01/vapehub-sour-cranapple-20000-puffs-iget-australia.jpg,,,,1,1127,,https://igetaustralia.com/product/vapehub-sour-cranapple-20000-puffs/,igetaustralia.com,1767809005,default,76,,"VAPEHUB SOUR CRANAPPLE - 20000 PUFFS",
6888,,"VAPEHUB MENTOS SPEARMINT - 20000 PUFFS",,,VAPEHUB,http://aussievapes.com.au/wp-content/uploads/2026/01/vapehub-mentos-spearmint-20000-puffs-iget-australia.jpg,,,,1,1126,,https://igetaustralia.com/product/vapehub-mentos-spearmint-20000-puffs/,igetaustralia.com,1769322658,default,76,,"VAPEHUB MENTOS SPEARMINT - 20000 PUFFS",
6890,,"VAPEHUB CHUPA CHUPS BLUERAZZ - 20000 PUFFS",,,VAPEHUB,http://aussievapes.com.au/wp-content/uploads/2026/01/vapehub-chupa-chups-bluerazz-20000-puffs-iget-australia.jpg,,,,1,1125,,https://igetaustralia.com/product/vapehub-chupa-chups-bluerazz-20000-puffs/,igetaustralia.com,1767809012,default,71,,"VAPEHUB CHUPA CHUPS BLUERAZZ - 20000 PUFFS",
6892,,"VAPEHUB CHUPA CHUPS BLACKBERRY - 20000 PUFFS",,,VAPEHUB,http://aussievapes.com.au/wp-content/uploads/2026/01/vapehub-chupa-chups-blackberry-20000-puffs-iget-australia.jpg,,,,1,1124,,https://igetaustralia.com/product/vapehub-chupa-chups-blackberry-20000-puffs/,igetaustralia.com,1767809020,default,71,,"VAPEHUB CHUPA CHUPS BLACKBERRY - 20000 PUFFS",
6894,,"VAPEHUB DOUBLE APPLE - 20000 PUFFS",,,VAPEHUB,http://aussievapes.com.au/wp-content/uploads/2026/01/vapehub-double-apple-20000-puffs-iget-australia.jpg,,,,1,1123,,https://igetaustralia.com/product/vapehub-double-apple-20000-puffs/,igetaustralia.com,1767809025,default,75,,"VAPEHUB DOUBLE APPLE - 20000 PUFFS",
6896,,"VAPEHUB EXTRA WATERMELON GUM - 20000 PUFFS",,,VAPEHUB,http://aussievapes.com.au/wp-content/uploads/2026/01/vapehub-extra-watermelon-gum-20000-puffs-iget-australia.jpg,,,,1,1122,,https://igetaustralia.com/product/vapehub-extra-watermelon-gum-20000-puffs/,igetaustralia.com,1769709836,default,75,,"VAPEHUB EXTRA WATERMELON GUM - 20000 PUFFS",
6898,,"VAPEHUB SOUR CHERRY BLAST – 20000 PUFFS",,,VAPEHUB,http://aussievapes.com.au/wp-content/uploads/2026/01/vapehub-sour-cherry-blast-20000-puffs-iget-australia.jpg,,,,1,1121,,https://igetaustralia.com/product/vapehub-sour-cherry-blast-20000-puffs/,igetaustralia.com,1767809033,default,77,,"VAPEHUB SOUR CHERRY BLAST – 20000 PUFFS",
6900,,"VAPEHUB BANANA BUZZ – 20000 PUFFS",,,VAPEHUB,http://aussievapes.com.au/wp-content/uploads/2026/01/vapehub-banana-buzz-20000-puffs-iget-australia.jpg,,,,1,1120,,https://igetaustralia.com/product/vapehub-banana-buzz-20000-puffs/,igetaustralia.com,1767809041,default,76,,"VAPEHUB BANANA BUZZ – 20000 PUFFS",
6902,,"VAPEHUB 20000 PUFFS - 3 PACK",,,VAPEHUB,http://aussievapes.com.au/wp-content/uploads/2026/01/vapehub-20000-puffs-3-pack-iget-australia-e1768271594251.jpg,,,,1,1119,,https://igetaustralia.com/product/vapehub-20000-puffs-3-pack/,igetaustralia.com,1767809044,default,78,,"VAPEHUB 20000 PUFFS - 3 PACK",
6904,,"VAPEHUB 20000 PUFFS - 5 PACK",,,VAPEHUB,http://aussievapes.com.au/wp-content/uploads/2026/01/vapehub-20000-puffs-5-pack-iget-australia-e1768271543902.jpg,,,,1,1118,,https://igetaustralia.com/product/vapehub-20000-puffs-5-pack/,igetaustralia.com,1767809048,default,78,,"VAPEHUB 20000 PUFFS - 5 PACK",
6906,,"VAPEHUB 20000 PUFFS - 10 PACK",,,VAPEHUB,http://aussievapes.com.au/wp-content/uploads/2026/01/vapehub-20000-puffs-10-pack-iget-australia-e1768271488580.jpg,,,,1,1117,,https://igetaustralia.com/product/vapehub-20000-puffs-10-pack/,igetaustralia.com,1767809052,default,78,,"VAPEHUB 20000 PUFFS - 10 PACK",
6908,,"VAPEHUB 20000 PUFFS - 20 PACK",,,VAPEHUB,http://aussievapes.com.au/wp-content/uploads/2026/01/vapehub-20000-puffs-20-pack-iget-australia-e1768271442759.jpg,,,,1,1116,,https://igetaustralia.com/product/vapehub-20000-puffs-20-pack/,igetaustralia.com,1767809055,default,78,{},"VAPEHUB 20000 PUFFS - 20 PACK",
6910,,"VAPEHUB 20000 PUFFS - 50 PACK",,,VAPEHUB,http://aussievapes.com.au/wp-content/uploads/2026/01/vapehub-20000-puffs-50-pack-iget-australia-e1768271388647.jpg,,,,1,1115,,https://igetaustralia.com/product/vapehub-20000-puffs-50-pack/,igetaustralia.com,1767809060,default,78,{},"VAPEHUB 20000 PUFFS - 50 PACK",
6912,,"VAPEHUB 20000 PUFFS - 100 PACK",,,VAPEHUB,http://aussievapes.com.au/wp-content/uploads/2026/01/vapehub-20000-puffs-100-pack-iget-australia-e1768271311402.jpg,,,,1,1114,,https://igetaustralia.com/product/vapehub-20000-puffs-100-pack/,igetaustralia.com,1767809067,default,78,{},"VAPEHUB 20000 PUFFS - 100 PACK",
6914,,"VEIIK APPLE ICE - 7000 PUFFS",,,"VEIIK 7000 PUFFS",http://aussievapes.com.au/wp-content/uploads/2026/01/veiik-apple-ice-7000-puffs-iget-australia.jpg,,,,1,1112,,https://igetaustralia.com/product/veiik-apple-ice-7000-puffs/,igetaustralia.com,1769383623,default,78,{},"VEIIK APPLE ICE - 7000 PUFFS",
6917,,"VEIIK ENERGY ICE - 7000 PUFFS",,,"VEIIK 7000 PUFFS",http://aussievapes.com.au/wp-content/uploads/2026/01/veiik-energy-ice-7000-puffs-iget-australia.jpg,,,,1,1113,,https://igetaustralia.com/product/veiik-energy-ice-7000-puffs/,igetaustralia.com,1767809186,default,79,{},"VEIIK ENERGY ICE - 7000 PUFFS",
6918,,"VEIIK LYCHEE ICE - 7000 PUFFS",,,"VEIIK 7000 PUFFS",http://aussievapes.com.au/wp-content/uploads/2026/01/veiik-lychee-ice-7000-puffs-iget-australia.jpg,,,,1,1111,,https://igetaustralia.com/product/veiik-lychee-ice-7000-puffs/,igetaustralia.com,1767809186,default,78,{},"VEIIK LYCHEE ICE - 7000 PUFFS",
6921,,"VEIIK MINT ICE - 7000 PUFFS",,,"VEIIK 7000 PUFFS",http://aussievapes.com.au/wp-content/uploads/2026/01/veiik-mint-ice-7000-puffs-iget-australia.jpg,,,,1,1110,,https://igetaustralia.com/product/veiik-mint-ice-7000-puffs/,igetaustralia.com,1769428474,default,76,{},"VEIIK MINT ICE - 7000 PUFFS",
6923,,"VEIIK STRAWBERRY ICE - 7000 PUFFS",,,"VEIIK 7000 PUFFS",http://aussievapes.com.au/wp-content/uploads/2026/01/veiik-strawberry-ice-7000-puffs-iget-australia.jpg,,,,1,1109,,https://igetaustralia.com/product/veiik-strawberry-ice-7000-puffs/,igetaustralia.com,1767809196,default,78,{},"VEIIK STRAWBERRY ICE - 7000 PUFFS",
6925,,"VEIIK 7000 PUFFS - 50 PACK",,,"VEIIK 7000 PUFFS",http://aussievapes.com.au/wp-content/uploads/2026/01/veiik-7000-puffs-50-pack-iget-australia.jpg,,,,1,1108,,https://igetaustralia.com/product/veiik-7000-puffs-50-pack/,igetaustralia.com,1769609297,default,78,{},"VEIIK 7000 PUFFS - 50 PACK",
6927,,"VEIIK 7000 PUFFS - 100 PACK",,,"VEIIK 7000 PUFFS",http://aussievapes.com.au/wp-content/uploads/2026/01/veiik-7000-puffs-100-pack-iget-australia.jpg,,,,1,1107,,https://igetaustralia.com/product/veiik-7000-puffs-100-pack/,igetaustralia.com,1767809202,default,78,{},"VEIIK 7000 PUFFS - 100 PACK",
6929,,"VELO - CARIBBEAN SPIRIT",,,"Pouches > nicotine pouches > VELO",http://aussievapes.com.au/wp-content/uploads/2026/01/velo-caribbean-spirit-iget-australia.jpg,,,,1,1106,,https://igetaustralia.com/product/velo-caribbean-spirit/,igetaustralia.com,1769680720,default,77,{},"VELO - CARIBBEAN SPIRIT",
6931,,"VELO - CINNAMON FLAME",,,"Pouches > nicotine pouches > VELO",http://aussievapes.com.au/wp-content/uploads/2026/01/velo-cinnamon-flame-iget-australia.jpg,,,,1,1105,,https://igetaustralia.com/product/velo-cinnamon-flame/,igetaustralia.com,1778339431,default,76,{},"VELO - CINNAMON FLAME",
6933,,"VELO - FREEZE",,,"Pouches > nicotine pouches > VELO",http://aussievapes.com.au/wp-content/uploads/2026/01/velo-freeze-iget-australia.jpg,,,,1,1104,,https://igetaustralia.com/product/velo-freeze/,igetaustralia.com,1767809353,default,77,{},"VELO - FREEZE",
6935,,"VELO - ICE COOL",,,"Pouches > nicotine pouches > VELO",http://aussievapes.com.au/wp-content/uploads/2026/01/velo-ice-cool-iget-australia.jpg,,,,1,1103,,https://igetaustralia.com/product/velo-ice-cool/,igetaustralia.com,1778339437,default,77,{},"VELO - ICE COOL",
6937,,"VELO - LIME FLAME",,,"Pouches > nicotine pouches > VELO",http://aussievapes.com.au/wp-content/uploads/2026/01/velo-lime-flame-iget-australia.jpg,,,,1,1102,,https://igetaustralia.com/product/velo-lime-flame/,igetaustralia.com,1778363325,default,76,{},"VELO - LIME FLAME",
6939,,"VELO – 5 PACK",,,"Pouches > nicotine pouches > VELO",http://aussievapes.com.au/wp-content/uploads/2026/01/velo-5-pack-iget-australia.jpg,,,,1,1101,,https://igetaustralia.com/product/velo-5-pack/,igetaustralia.com,1778363325,default,76,{},"VELO – 5 PACK",
6941,,"VELO – 10 PACK",,,"Pouches > nicotine pouches > VELO",http://aussievapes.com.au/wp-content/uploads/2026/01/velo-10-pack-iget-australia.jpg,,,,1,1100,,https://igetaustralia.com/product/velo-10-pack/,igetaustralia.com,1778339455,default,76,{},"VELO – 10 PACK",
6943,,"VELO – 20 PACK",,,"Pouches > nicotine pouches > VELO",http://aussievapes.com.au/wp-content/uploads/2026/01/velo-20-pack-iget-australia.jpg,,,,1,1099,,https://igetaustralia.com/product/velo-20-pack/,igetaustralia.com,1778339453,default,76,{},"VELO – 20 PACK",
6947,,"VOZOL MIAMI MINT - 9000 PUFFS | IGET Australia",,,"VOZOL 9000 PUFFS",http://aussievapes.com.au/wp-content/uploads/2026/01/vozol-miami-mint-9000-puffs-iget-australia.jpg,,,,1,1096,,https://igetaustralia.com/product/vozol-miami-mint-9000-puffs/,igetaustralia.com,1767809466,,,,,
6948,,"VOZOL COOL MINT - 9000 PUFFS | IGET Australia",,,"VOZOL 9000 PUFFS",http://aussievapes.com.au/wp-content/uploads/2026/01/vozol-cool-mint-9000-puffs-iget-australia.jpg,,,,1,1097,,https://igetaustralia.com/product/vozol-cool-mint-9000-puffs/,igetaustralia.com,1767809466,,,,,
6949,,"VOZOL WATERMELON ICE - 9000 PUFFS | IGET Australia",,,"VOZOL 9000 PUFFS",http://aussievapes.com.au/wp-content/uploads/2026/01/vozol-watermelon-ice-9000-puffs-iget-australia.jpg,,,,1,1098,,https://igetaustralia.com/product/vozol-watermelon-ice-9000-puffs/,igetaustralia.com,1767809466,,,,,
6951,,"VOZOL TRIPLE BERRIES - 9000 PUFFS | IGET Australia",,,"VOZOL 9000 PUFFS",http://aussievapes.com.au/wp-content/uploads/2026/01/vozol-triple-berries-9000-puffs-iget-australia.jpg,,,,1,1095,,https://igetaustralia.com/product/vozol-triple-berries-9000-puffs/,igetaustralia.com,1767809468,,,,,
6953,,"VOZOL STRAWBERRY KIWI - 9000 PUFFS | IGET Australia",,,"VOZOL 9000 PUFFS",http://aussievapes.com.au/wp-content/uploads/2026/01/vozol-strawberry-kiwi-9000-puffs-iget-australia.jpg,,,,1,1094,,https://igetaustralia.com/product/vozol-strawberry-kiwi-9000-puffs/,igetaustralia.com,1767809471,,,,,
6955,,"VOZOL WATERMELON BUBBLEGUM - 9000 PUFFS | IGET Australia",,,"VOZOL 9000 PUFFS",http://aussievapes.com.au/wp-content/uploads/2026/01/vozol-watermelon-bubblegum-9000-puffs-iget-australia.jpg,,,,1,1093,,https://igetaustralia.com/product/vozol-watermelon-bubblegum-9000-puffs/,igetaustralia.com,1767809475,,,,,
6957,,"VOZOL BLUE RAZZ ICE - 9000 PUFFS | IGET Australia",,,"VOZOL 9000 PUFFS",http://aussievapes.com.au/wp-content/uploads/2026/01/vozol-blue-razz-ice-9000-puffs-iget-australia.jpg,,,,1,1092,,https://igetaustralia.com/product/vozol-blue-razz-ice-9000-puffs/,igetaustralia.com,1767809480,,,,,
6959,,"VOZOL STRAWBERRY WATERMELON - 9000 PUFFS | IGET Australia",,,"VOZOL 9000 PUFFS",http://aussievapes.com.au/wp-content/uploads/2026/01/vozol-strawberry-watermelon-9000-puffs-iget-australia.jpg,,,,1,1091,,https://igetaustralia.com/product/vozol-strawberry-watermelon-9000-puffs/,igetaustralia.com,1767809483,,,,,
6961,,"VOZOL 9000 PUFFS - 50 PACK | IGET Australia",,,"VOZOL 9000 PUFFS",http://aussievapes.com.au/wp-content/uploads/2026/01/vozol-9000-puffs-50-pack-iget-australia.jpg,,,,1,1090,,https://igetaustralia.com/product/vozol-9000-puffs-50-pack/,igetaustralia.com,1767809487,,,,,
6963,,"VOZOL 9000 PUFFS - 100 PACK | IGET Australia",,,"VOZOL 9000 PUFFS",http://aussievapes.com.au/wp-content/uploads/2026/01/vozol-9000-puffs-100-pack-iget-australia.jpg,,,,1,1089,,https://igetaustralia.com/product/vozol-9000-puffs-100-pack/,igetaustralia.com,1767809492,,,,,
6966,,"WAKA SMASH BLACKBERRY SURGE - 6000 PUFFS",,,"WAKA SMASH 6000",http://aussievapes.com.au/wp-content/uploads/2026/01/waka-smash-blackberry-surge-6000-puffs-iget-australia.jpg,,,,1,1088,,https://igetaustralia.com/product/waka-smash-blackberry-surge-6000-puffs/,igetaustralia.com,1767809560,default,75,{},"WAKA SMASH BLACKBERRY SURGE - 6000 PUFFS",
6968,,"WAKA SMASH CHERRY LIME - 6000 PUFFS",,,"WAKA SMASH 6000",http://aussievapes.com.au/wp-content/uploads/2026/01/waka-smash-cherry-lime-6000-puffs-iget-australia.jpg,,,,1,1087,,https://igetaustralia.com/product/waka-smash-cherry-lime-6000-puffs/,igetaustralia.com,1767809562,default,79,{},"WAKA SMASH CHERRY LIME - 6000 PUFFS",
6971,,"WAKA SMASH MANGO ORANGE - 6000 PUFFS",,,"WAKA SMASH 6000",http://aussievapes.com.au/wp-content/uploads/2026/01/waka-smash-mango-orange-6000-puffs-iget-australia.jpg,,,,1,1086,,https://igetaustralia.com/product/waka-smash-mango-orange-6000-puffs/,igetaustralia.com,1769812345,default,79,{},"WAKA SMASH MANGO ORANGE - 6000 PUFFS",
6974,,"WAKA SMASH JUICY BLACK CURRANT - 6000 PUFFS",,,"WAKA SMASH 6000",http://aussievapes.com.au/wp-content/uploads/2026/01/waka-smash-juicy-black-currant-6000-puffs-iget-australia.png,,,,1,1085,,https://igetaustralia.com/product/waka-smash-juicy-black-currant-6000-puffs/,igetaustralia.com,1767809581,default,75,{},"WAKA SMASH JUICY BLACK CURRANT - 6000 PUFFS",
6978,,"WAKA SMASH PINEAPPLE MELON - 6000 PUFFS",,,"WAKA SMASH 6000",http://aussievapes.com.au/wp-content/uploads/2026/01/waka-smash-pineapple-melon-6000-puffs-iget-australia.jpg,,,,1,1084,,https://igetaustralia.com/product/waka-smash-pineapple-melon-6000-puffs/,igetaustralia.com,1767809587,default,79,{},"WAKA SMASH PINEAPPLE MELON - 6000 PUFFS",
6981,,"WAKA SMASH PINEANA MELON - 6000 PUFFS",,,"WAKA SMASH 6000",http://aussievapes.com.au/wp-content/uploads/2026/01/waka-smash-pineana-melon-6000-puffs-iget-australia.jpg,,,,1,1083,,https://igetaustralia.com/product/waka-smash-pineana-melon-6000-puffs/,igetaustralia.com,1767809598,default,79,{},"WAKA SMASH PINEANA MELON - 6000 PUFFS",
6983,,"WOTOFO NEXBAR PEACH ICE - 7000 PUFFS",,,"Wotofo nexBar",http://aussievapes.com.au/wp-content/uploads/2026/01/wotofo-nexbar-peach-ice-7000-puffs-iget-australia.jpg,,,,1,1082,,https://igetaustralia.com/product/wotofo-nexbar-peach-ice-7000-puffs/,igetaustralia.com,1767809684,default,78,{},"WOTOFO NEXBAR PEACH ICE - 7000 PUFFS",
6985,,"WOTOFO NEXBAR GRAPE APPLE - 7000 PUFFS",,,"Wotofo nexBar",http://aussievapes.com.au/wp-content/uploads/2026/01/wotofo-nexbar-grape-apple-7000-puffs-iget-australia.jpg,,,,1,1081,,https://igetaustralia.com/product/wotofo-nexbar-grape-apple-7000-puffs/,igetaustralia.com,1767809685,default,76,{},"WOTOFO NEXBAR GRAPE APPLE - 7000 PUFFS",
6987,,"WOTOFO NEXBAR STRAWBERRY KIWI - 7000 PUFFS",,,"Wotofo nexBar",http://aussievapes.com.au/wp-content/uploads/2026/01/wotofo-nexbar-strawberry-kiwi-7000-puffs-iget-australia.jpg,,,,1,1080,,https://igetaustralia.com/product/wotofo-nexbar-strawberry-kiwi-7000-puffs/,igetaustralia.com,1778354357,default,74,{},"WOTOFO NEXBAR STRAWBERRY KIWI - 7000 PUFFS",
6989,,"WOTOFO NEXBAR ENERGY ICE - 7000 PUFFS",,,"Wotofo nexBar",http://aussievapes.com.au/wp-content/uploads/2026/01/wotofo-nexbar-energy-ice-7000-puffs-iget-australia.jpg,,,,1,1079,,https://igetaustralia.com/product/wotofo-nexbar-energy-ice-7000-puffs/,igetaustralia.com,1767809693,default,79,{},"WOTOFO NEXBAR ENERGY ICE - 7000 PUFFS",
6991,,"WOTOFO NEXBAR BLUE RAZZ ICE - 7000 PUFFS",,,"Wotofo nexBar",http://aussievapes.com.au/wp-content/uploads/2026/01/wotofo-nexbar-blue-razz-ice-7000-puffs-iget-australia.jpg,,,,1,1078,,https://igetaustralia.com/product/wotofo-nexbar-blue-razz-ice-7000-puffs/,igetaustralia.com,1767809697,default,74,{},"WOTOFO NEXBAR BLUE RAZZ ICE - 7000 PUFFS",
6993,,"WOTOFO NEXBAR ORANGE SODA - 7000 PUFFS",,,"Wotofo nexBar",http://aussievapes.com.au/wp-content/uploads/2026/01/wotofo-nexbar-orange-soda-7000-puffs-iget-australia.jpg,,,,1,1077,,https://igetaustralia.com/product/wotofo-nexbar-orange-soda-7000-puffs/,igetaustralia.com,1767809703,default,78,{},"WOTOFO NEXBAR ORANGE SODA - 7000 PUFFS",
6995,,"WOTOFO NEXBAR WATERMELON ICE - 7000 PUFFS",,,"Wotofo nexBar",http://aussievapes.com.au/wp-content/uploads/2026/01/wotofo-nexbar-watermelon-ice-7000-puffs-iget-australia.jpg,,,,1,1076,,https://igetaustralia.com/product/wotofo-nexbar-watermelon-ice-7000-puffs/,igetaustralia.com,1767809705,default,74,{},"WOTOFO NEXBAR WATERMELON ICE - 7000 PUFFS",
6997,,"WOTOFO NEXBAR MINT - 7000 PUFFS",,,"Wotofo nexBar",http://aussievapes.com.au/wp-content/uploads/2026/01/wotofo-nexbar-mint-7000-puffs-iget-australia.jpg,,,,1,1075,,https://igetaustralia.com/product/wotofo-nexbar-mint-7000-puffs/,igetaustralia.com,1767809710,default,78,{},"WOTOFO NEXBAR MINT - 7000 PUFFS",
6999,,"WOTOFO NEXBAR 7000 PUFFS - 50 PACK",,,"Wotofo nexBar",http://aussievapes.com.au/wp-content/uploads/2026/01/wotofo-nexbar-7000-puffs-50-pack-iget-australia.jpg,,,,1,1074,,https://igetaustralia.com/product/wotofo-nexbar-7000-puffs-50-pack/,igetaustralia.com,1767809714,default,78,{},"WOTOFO NEXBAR 7000 PUFFS - 50 PACK",
7001,,"WOTOFO NEXBAR 7000 PUFFS - 100 PACK",,,"Wotofo nexBar",http://aussievapes.com.au/wp-content/uploads/2026/01/wotofo-nexbar-7000-puffs-100-pack-iget-australia.jpg,,,,1,1073,,https://igetaustralia.com/product/wotofo-nexbar-7000-puffs-100-pack/,igetaustralia.com,1767809718,default,78,{},"WOTOFO NEXBAR 7000 PUFFS - 100 PACK",
7003,,"X-QLUSIVE COOL MINT – 2500 PUFFS",,,"X-QLUSIVE > X-QLUSIVE 2500",http://aussievapes.com.au/wp-content/uploads/2026/01/x-qlusive-cool-mint-2500-puffs-iget-australia.jpg,,,,1,1071,,https://igetaustralia.com/product/x-qlusive-cool-mint-2500-puffs/,igetaustralia.com,1767809831,default,75,{},"X-QLUSIVE COOL MINT – 2500 PUFFS",
7005,,"X-QLUSIVE RUM GRAPE ICE CREAM – 2500 PUFFS",,,"X-QLUSIVE > X-QLUSIVE 2500",http://aussievapes.com.au/wp-content/uploads/2026/01/x-qlusive-rum-grape-ice-cream-2500-puffs-iget-australia.jpeg,,,,1,1072,,https://igetaustralia.com/product/x-qlusive-rum-grape-ice-cream-2500-puffs/,igetaustralia.com,1767809832,default,74,{},"X-QLUSIVE RUM GRAPE ICE CREAM – 2500 PUFFS",
7007,,"X-QLUSIVE VIETNAMESE ICED COFFEE – 2500 PUFFS",,,"X-QLUSIVE > X-QLUSIVE 2500",http://aussievapes.com.au/wp-content/uploads/2026/01/x-qlusive-vietnamese-iced-coffee-2500-puffs-iget-australia.jpg,,,,1,1070,,https://igetaustralia.com/product/x-qlusive-vietnamese-iced-coffee-2500-puffs/,igetaustralia.com,1769682437,default,74,{},"X-QLUSIVE VIETNAMESE ICED COFFEE – 2500 PUFFS",
7010,,"X-QLUSIVE PASSIONFRUIT HONEY GRAPEFRUIT – 2500 PUFFS",,,"X-QLUSIVE > X-QLUSIVE 2500",http://aussievapes.com.au/wp-content/uploads/2026/01/x-qlusive-passionfruit-honey-grapefruit-2500-puffs-iget-australia.jpg,,,,1,1069,,https://igetaustralia.com/product/x-qlusive-passionfruit-honey-grapefruit-2500-puffs/,igetaustralia.com,1767809835,default,74,{},"X-QLUSIVE PASSIONFRUIT HONEY GRAPEFRUIT – 2500 PUFFS",
7012,,"X-QLUSIVE HAWAIIAN – 2500 PUFFS",,,"X-QLUSIVE > X-QLUSIVE 2500",http://aussievapes.com.au/wp-content/uploads/2026/01/x-qlusive-hawaiian-2500-puffs-iget-australia.jpg,,,,1,1068,,https://igetaustralia.com/product/x-qlusive-hawaiian-2500-puffs/,igetaustralia.com,1767809836,default,78,{},"X-QLUSIVE HAWAIIAN – 2500 PUFFS",
7013,,"X-QLUSIVE FUJI – 2500 PUFFS",,,"X-QLUSIVE > X-QLUSIVE 2500",http://aussievapes.com.au/wp-content/uploads/2026/01/x-qlusive-fuji-2500-puffs-iget-australia.jpg,,,,1,1067,,https://igetaustralia.com/product/x-qlusive-fuji-v2-adjustable-air-flow-2500-puffs/,igetaustralia.com,1767809837,default,76,{},"X-QLUSIVE FUJI – 2500 PUFFS",
7015,,"X-QLUSIVE BLACKBERRY ICE – 2500 PUFFS",,,"X-QLUSIVE > X-QLUSIVE 2500",http://aussievapes.com.au/wp-content/uploads/2026/01/x-qlusive-blackberry-ice-2500-puffs-iget-australia.jpg,,,,1,1065,,https://igetaustralia.com/product/x-qlusive-blackberry-ice-v2-adjustable-air-flow-2500-puffs/,igetaustralia.com,1769685803,default,76,{},"X-QLUSIVE BLACKBERRY ICE – 2500 PUFFS",
7017,,"X-QLUSIVE MIXED BERRY – 2500 PUFFS",,,"X-QLUSIVE > X-QLUSIVE 2500",http://aussievapes.com.au/wp-content/uploads/2026/01/x-qlusive-mixed-berry-2500-puffs-iget-australia.jpg,,,,1,1066,,https://igetaustralia.com/product/x-qlusive-mixed-berry-v2-adjustable-air-flow-2500-puffs/,igetaustralia.com,1767809838,default,76,{},"X-QLUSIVE MIXED BERRY – 2500 PUFFS",
7019,,"X-QLUSIVE GRAPE ICE – 2500 PUFFS",,,"X-QLUSIVE > X-QLUSIVE 2500",http://aussievapes.com.au/wp-content/uploads/2026/01/x-qlusive-grape-ice-2500-puffs-iget-australia.jpg,,,,1,1063,,https://igetaustralia.com/product/x-qlusive-grape-ice-2500-puffs/,igetaustralia.com,1767809840,default,78,{},"X-QLUSIVE GRAPE ICE – 2500 PUFFS",
7021,,"X-QLUSIVE STRAWBERRY WATERMELON – 2500 PUFFS",,,"X-QLUSIVE > X-QLUSIVE 2500",http://aussievapes.com.au/wp-content/uploads/2026/01/x-qlusive-strawberry-watermelon-2500-puffs-iget-australia.jpg,,,,1,1064,,https://igetaustralia.com/product/x-qlusive-strawberry-watermelon-v2-adjustable-air-flow-2500-puffs/,igetaustralia.com,1767809840,default,71,{},"X-QLUSIVE STRAWBERRY WATERMELON – 2500 PUFFS",
7023,,"X-QLUSIVE RAINBOW CANDY – 2500 PUFFS",,,"X-QLUSIVE > X-QLUSIVE 2500",http://aussievapes.com.au/wp-content/uploads/2026/01/x-qlusive-rainbow-candy-2500-puffs-iget-australia.jpg,,,,1,1062,,https://igetaustralia.com/product/x-qlusive-rainbow-candy-2500-puffs/,igetaustralia.com,1778355786,default,78,{},"X-QLUSIVE RAINBOW CANDY – 2500 PUFFS",
7025,,"X-QLUSIVE MELON ICE – 2500 PUFFS",,,"X-QLUSIVE > X-QLUSIVE 2500",http://aussievapes.com.au/wp-content/uploads/2026/01/x-qlusive-melon-ice-2500-puffs-iget-australia.jpg,,,,1,1061,,https://igetaustralia.com/product/x-qlusive-melon-ice-v2-adjustable-air-flow-2500-puffs/,igetaustralia.com,1769683337,default,76,{},"X-QLUSIVE MELON ICE – 2500 PUFFS",
7027,,"X-QLUSIVE CHOCOLATE MINT – 2500 PUFFS",,,"X-QLUSIVE > X-QLUSIVE 2500",http://aussievapes.com.au/wp-content/uploads/2026/01/x-qlusive-chocolate-mint-2500-puffs-iget-australia.jpg,,,,1,1060,,https://igetaustralia.com/product/x-qlusive-chocolate-mint-2500-puffs/,igetaustralia.com,1767809852,default,78,{},"X-QLUSIVE CHOCOLATE MINT – 2500 PUFFS",
7029,,"X-QLUSIVE PINEAPPLE ICE – 2500 PUFFS",,,"X-QLUSIVE > X-QLUSIVE 2500",http://aussievapes.com.au/wp-content/uploads/2026/01/x-qlusive-pineapple-ice-2500-puffs-iget-australia.jpg,,,,1,1059,,https://igetaustralia.com/product/x-qlusive-pineapple-ice-v2-adjustable-air-flow-2500-puffs/,igetaustralia.com,1767809855,default,76,{},"X-QLUSIVE PINEAPPLE ICE – 2500 PUFFS",
7031,,"X-QLUSIVE MANGO ICE – 2500 PUFFS",,,"X-QLUSIVE > X-QLUSIVE 2500",http://aussievapes.com.au/wp-content/uploads/2026/01/x-qlusive-mango-ice-2500-puffs-iget-australia.jpg,,,,1,1058,,https://igetaustralia.com/product/x-qlusive-mango-ice-v2-adjustable-air-flow-2500-puffs/,igetaustralia.com,1767809862,default,76,{},"X-QLUSIVE MANGO ICE – 2500 PUFFS",
7035,,"X-QLUSIVE COLA ICE – 2500 PUFFS",,,"X-QLUSIVE > X-QLUSIVE 2500",http://aussievapes.com.au/wp-content/uploads/2026/01/x-qlusive-cola-ice-2500-puffs-iget-australia.jpeg,,,,1,1057,,https://igetaustralia.com/product/x-qlusive-cola-ice-v2-adjustable-air-flow-2500-puffs/,igetaustralia.com,1769686262,default,76,{},"X-QLUSIVE COLA ICE – 2500 PUFFS",
7037,,"X-QLUSIVE MEGA BANANA ICE – 3500 PUFFS | IGET Australia",,,"X-QLUSIVE > X-QLUSIVE MEGA 3500",http://aussievapes.com.au/wp-content/uploads/2026/01/x-qlusive-mega-banana-ice-3500-puffs-iget-australia.jpeg,,,,1,1056,,https://igetaustralia.com/product/x-qlusive-mega-banana-ice-3500-puffs/,igetaustralia.com,1767809951,,,,,
7039,,"X-QLUSIVE MEGA APPLE PEACH STRAWBERRY – 3500 PUFFS | IGET Australia",,,"X-QLUSIVE > X-QLUSIVE MEGA 3500",http://aussievapes.com.au/wp-content/uploads/2026/01/x-qlusive-mega-apple-peach-strawberry-3500-puffs-iget-australia.jpeg,,,,1,1055,,https://igetaustralia.com/product/x-qlusive-mega-apple-peach-strawberry-3500-puffs/,igetaustralia.com,1767809953,,,,,
7041,,"X-QLUSIVE MEGA BANANA PAPAYA – 3500 PUFFS | IGET Australia",,,"X-QLUSIVE > X-QLUSIVE MEGA 3500",http://aussievapes.com.au/wp-content/uploads/2026/01/x-qlusive-mega-banana-papaya-3500-puffs-iget-australia.jpeg,,,,1,1054,,https://igetaustralia.com/product/x-qlusive-mega-banana-papaya-3500-puffs/,igetaustralia.com,1767809956,,,,,
7043,,"X-QLUSIVE MEGA BLACKBERRY ICE – 3500 PUFFS | IGET Australia",,,"X-QLUSIVE > X-QLUSIVE MEGA 3500",http://aussievapes.com.au/wp-content/uploads/2026/01/x-qlusive-mega-blackberry-ice-3500-puffs-iget-australia.jpeg,,,,1,1053,,https://igetaustralia.com/product/x-qlusive-mega-blackberry-ice-3500-puffs/,igetaustralia.com,1769789826,,,,,
7045,,"X-QLUSIVE MEGA BLUEBERRY ICE – 3500 PUFFS",,,"X-QLUSIVE > X-QLUSIVE MEGA 3500",http://aussievapes.com.au/wp-content/uploads/2026/01/x-qlusive-mega-blueberry-ice-3500-puffs-iget-australia.jpeg,,,,1,1052,,https://igetaustralia.com/product/x-qlusive-mega-blueberry-ice-3500-puffs/,igetaustralia.com,1767809961,default,74,{},"X-QLUSIVE MEGA BLUEBERRY ICE – 3500 PUFFS",
7047,,"X-QLUSIVE MEGA BLUERAZZ – 3500 PUFFS",,,"X-QLUSIVE > X-QLUSIVE MEGA 3500",http://aussievapes.com.au/wp-content/uploads/2026/01/x-qlusive-mega-bluerazz-3500-puffs-iget-australia.jpeg,,,,1,1051,,https://igetaustralia.com/product/x-qlusive-mega-bluerazz-3500-puffs/,igetaustralia.com,1767809966,default,78,{},"X-QLUSIVE MEGA BLUERAZZ – 3500 PUFFS",
7049,,"X-QLUSIVE MEGA CHERRY POMEGRANATE – 3500 PUFFS",,,"X-QLUSIVE > X-QLUSIVE MEGA 3500",http://aussievapes.com.au/wp-content/uploads/2026/01/x-qlusive-mega-cherry-pomegranate-3500-puffs-iget-australia.jpeg,,,,1,1050,,https://igetaustralia.com/product/x-qlusive-mega-cherry-pomegranate-3500-puffs/,igetaustralia.com,1769289571,default,74,{},"X-QLUSIVE MEGA CHERRY POMEGRANATE – 3500 PUFFS",
7051,,"X-QLUSIVE MEGA COLA ICE – 3500 PUFFS",,,"X-QLUSIVE > X-QLUSIVE MEGA 3500",http://aussievapes.com.au/wp-content/uploads/2026/01/x-qlusive-mega-cola-ice-3500-puffs-iget-australia.jpeg,,,,1,1049,,https://igetaustralia.com/product/x-qlusive-mega-cola-ice-3500-puffs/,igetaustralia.com,1767809972,default,78,{},"X-QLUSIVE MEGA COLA ICE – 3500 PUFFS",
7053,,"X-QLUSIVE MEGA GRAPE ICE – 3500 PUFFS",,,"X-QLUSIVE > X-QLUSIVE MEGA 3500",http://aussievapes.com.au/wp-content/uploads/2026/01/x-qlusive-mega-grape-ice-3500-puffs-iget-australia.jpeg,,,,1,1048,,https://igetaustralia.com/product/x-qlusive-mega-grape-ice-3500-puffs/,igetaustralia.com,1769776272,default,78,{},"X-QLUSIVE MEGA GRAPE ICE – 3500 PUFFS",
7055,,"X-QLUSIVE MEGA LUSH ICE – 3500 PUFFS",,,"X-QLUSIVE > X-QLUSIVE MEGA 3500",http://aussievapes.com.au/wp-content/uploads/2026/01/x-qlusive-mega-lush-ice-3500-puffs-iget-australia.jpeg,,,,1,1047,,https://igetaustralia.com/product/x-qlusive-mega-lush-ice-3500-puffs/,igetaustralia.com,1767809981,default,78,{},"X-QLUSIVE MEGA LUSH ICE – 3500 PUFFS",
7057,,"X-QLUSIVE MEGA MANGO GUAVA – 3500 PUFFS",,,"X-QLUSIVE > X-QLUSIVE MEGA 3500",http://aussievapes.com.au/wp-content/uploads/2026/01/x-qlusive-mega-mango-guava-3500-puffs-iget-australia.jpeg,,,,1,1046,,https://igetaustralia.com/product/x-qlusive-mega-mango-guava-3500-puffs/,igetaustralia.com,1767809989,default,78,{},"X-QLUSIVE MEGA MANGO GUAVA – 3500 PUFFS",
7059,,"X-QLUSIVE MEGA MIXED BERRY – 3500 PUFFS",,,"X-QLUSIVE > X-QLUSIVE MEGA 3500",http://aussievapes.com.au/wp-content/uploads/2026/01/x-qlusive-mega-mixed-berry-3500-puffs-iget-australia.jpeg,,,,1,1045,,https://igetaustralia.com/product/x-qlusive-mega-mixed-berry-3500-puffs/,igetaustralia.com,1767809992,default,78,{},"X-QLUSIVE MEGA MIXED BERRY – 3500 PUFFS",
7061,,"X-QLUSIVE MEGA PASSIONFRUIT MANGO – 3500 PUFFS",,,"X-QLUSIVE > X-QLUSIVE MEGA 3500",http://aussievapes.com.au/wp-content/uploads/2026/01/x-qlusive-mega-passionfruit-mango-3500-puffs-iget-australia.jpeg,,,,1,1044,,https://igetaustralia.com/product/x-qlusive-mega-passionfruit-mango-3500-puffs/,igetaustralia.com,1767809996,default,74,{},"X-QLUSIVE MEGA PASSIONFRUIT MANGO – 3500 PUFFS",
7063,,"X-QLUSIVE MEGA STRAWBERRY KIWI – 3500 PUFFS",,,"X-QLUSIVE > X-QLUSIVE MEGA 3500",http://aussievapes.com.au/wp-content/uploads/2026/01/x-qlusive-mega-strawberry-kiwi-3500-puffs-iget-australia.jpeg,,,,1,1043,,https://igetaustralia.com/product/x-qlusive-mega-strawberry-kiwi-3500-puffs/,igetaustralia.com,1767809999,default,74,{},"X-QLUSIVE MEGA STRAWBERRY KIWI – 3500 PUFFS",
7065,,"X-QLUSIVE MEGA STRAWBERRY WATERMELON – 3500 PUFFS",,,"X-QLUSIVE > X-QLUSIVE MEGA 3500",http://aussievapes.com.au/wp-content/uploads/2026/01/x-qlusive-mega-strawberry-watermelon-3500-puffs-iget-australia.jpeg,,,,1,1042,,https://igetaustralia.com/product/x-qlusive-mega-strawberry-watermelon-3500-puffs/,igetaustralia.com,1767810005,default,74,{},"X-QLUSIVE MEGA STRAWBERRY WATERMELON – 3500 PUFFS",
7067,,"X-QLUSIVE MEGA SUMMER HIT – 3500 PUFFS",,,"X-QLUSIVE > X-QLUSIVE MEGA 3500",http://aussievapes.com.au/wp-content/uploads/2026/01/x-qlusive-mega-summer-hit-3500-puffs-iget-australia.jpeg,,,,1,1041,,https://igetaustralia.com/product/x-qlusive-mega-summer-hit-3500-puffs/,igetaustralia.com,1769681874,default,78,{},"X-QLUSIVE MEGA SUMMER HIT – 3500 PUFFS",
7069,,"X-QLUSIVE MEGA BONDI BEACH – 3500 PUFFS",,,"X-QLUSIVE > X-QLUSIVE MEGA 3500",http://aussievapes.com.au/wp-content/uploads/2026/01/x-qlusive-mega-bondi-beach-3500-puffs-iget-australia.jpeg,,,,1,1040,,https://igetaustralia.com/product/x-qlusive-mega-bondi-beach-3500-puffs/,igetaustralia.com,1767810013,default,76,{},"X-QLUSIVE MEGA BONDI BEACH – 3500 PUFFS",
7071,,"X-QLUSIVE MEGA PADDY MARKET – 3500 PUFFS",,,"X-QLUSIVE > X-QLUSIVE MEGA 3500",http://aussievapes.com.au/wp-content/uploads/2026/01/x-qlusive-mega-paddy-market-3500-puffs-iget-australia.jpg,,,,1,1039,,https://igetaustralia.com/product/x-qlusive-mega-paddy-market-3500-puffs/,igetaustralia.com,1767810016,default,71,{},"X-QLUSIVE MEGA PADDY MARKET – 3500 PUFFS",
7073,,"X-QLUSIVE MEGA SUPER FRUIT– 3500 PUFFS",,,"X-QLUSIVE > X-QLUSIVE MEGA 3500",http://aussievapes.com.au/wp-content/uploads/2026/01/x-qlusive-mega-super-fruit-3500-puffs-iget-australia.jpeg,,,,1,1038,,https://igetaustralia.com/product/x-qlusive-mega-super-fruit-3500-puffs/,igetaustralia.com,1767810020,default,77,{},"X-QLUSIVE MEGA SUPER FRUIT– 3500 PUFFS",
7075,,"X-QLUSIVE MEGA WINTER FRUIT– 3500 PUFFS",,,"X-QLUSIVE > X-QLUSIVE MEGA 3500",http://aussievapes.com.au/wp-content/uploads/2026/01/x-qlusive-mega-winter-fruit-3500-puffs-iget-australia.png,,,,1,1037,,https://igetaustralia.com/product/x-qlusive-mega-winter-fruit-3500-puffs/,igetaustralia.com,1778358515,default,71,{},"X-QLUSIVE MEGA WINTER FRUIT– 3500 PUFFS",
7077,,"X-QLUSIVE MEGA – 3600 PUFFS – 10 PACK",,,"X-QLUSIVE > X-QLUSIVE MEGA 3500",http://aussievapes.com.au/wp-content/uploads/2026/01/x-qlusive-mega-3600-puffs-10-pack-iget-australia.png,,,,1,1036,,https://igetaustralia.com/product/x-qlusive-mega-3600-puffs-10-pack/,igetaustralia.com,1767810031,default,76,{},"X-QLUSIVE MEGA – 3600 PUFFS – 10 PACK",
7079,,"X-QLUSIVE MEGA – 3600 PUFFS – 20 PACK",,,"X-QLUSIVE > X-QLUSIVE MEGA 3500",http://aussievapes.com.au/wp-content/uploads/2026/01/x-qlusive-mega-3600-puffs-20-pack-iget-australia.png,,,,1,1035,,https://igetaustralia.com/product/x-qlusive-mega-3600-puffs-20-pack/,igetaustralia.com,1778353154,default,76,{},"X-QLUSIVE MEGA – 3600 PUFFS – 20 PACK",
7081,,"X-QLUSIVE MEGA – 3600 PUFFS – 50 PACK",,,"X-QLUSIVE > X-QLUSIVE MEGA 3500",http://aussievapes.com.au/wp-content/uploads/2026/01/x-qlusive-mega-3600-puffs-50-pack-iget-australia.png,,,,1,1034,,https://igetaustralia.com/product/x-qlusive-mega-3600-puffs-50-pack/,igetaustralia.com,1767810036,default,76,{},"X-QLUSIVE MEGA – 3600 PUFFS – 50 PACK",
7083,,"X-QLUSIVE MEGA – 3600 PUFFS – 100 PACK",,,"X-QLUSIVE > X-QLUSIVE MEGA 3500",http://aussievapes.com.au/wp-content/uploads/2026/01/x-qlusive-mega-3600-puffs-100-pack-iget-australia.png,,,,1,1033,,https://igetaustralia.com/product/x-qlusive-mega-3600-puffs-100-pack/,igetaustralia.com,1778358540,default,76,{},"X-QLUSIVE MEGA – 3600 PUFFS – 100 PACK",
7085,,"X-QLUSIVE X-POD BANANA ICE – 3800 PUFFS",,,"X-QLUSIVE > X-QLUSIVE X-POD 3800",http://aussievapes.com.au/wp-content/uploads/2026/01/x-qlusive-x-pod-banana-ice-3800-puffs-iget-australia.jpeg,,,,1,1032,,https://igetaustralia.com/product/x-qlusive-x-pod-banana-ice-3800-puffs/,igetaustralia.com,1767810126,default,84,{},"X-QLUSIVE X-POD BANANA ICE – 3800 PUFFS",
7087,,"X-QLUSIVE X-POD BLACKBERRY ICE – 3800 PUFFS",,,"X-QLUSIVE > X-QLUSIVE X-POD 3800",http://aussievapes.com.au/wp-content/uploads/2026/01/x-qlusive-x-pod-blackberry-ice-3800-puffs-iget-australia.jpeg,,,,1,1031,,https://igetaustralia.com/product/x-qlusive-x-pod-blackberry-ice-3800-puffs/,igetaustralia.com,1769705792,default,79,{},"X-QLUSIVE X-POD BLACKBERRY ICE – 3800 PUFFS",
7089,,"X-QLUSIVE X-POD BLUEBERRY ICE – 3800 PUFFS",,,"X-QLUSIVE > X-QLUSIVE X-POD 3800",http://aussievapes.com.au/wp-content/uploads/2026/01/x-qlusive-x-pod-blueberry-ice-3800-puffs-iget-australia.jpeg,,,,1,1030,,https://igetaustralia.com/product/x-qlusive-x-pod-blueberry-ice-3800-puffs/,igetaustralia.com,1767810133,default,79,{},"X-QLUSIVE X-POD BLUEBERRY ICE – 3800 PUFFS",
7091,,"X-QLUSIVE X-POD BLUEBERRY RASPBERRY – 3800 PUFFS",,,"X-QLUSIVE > X-QLUSIVE X-POD 3800",http://aussievapes.com.au/wp-content/uploads/2026/01/x-qlusive-x-pod-blueberry-raspberry-3800-puffs-iget-australia.jpeg,,,,1,1029,,https://igetaustralia.com/product/x-qlusive-x-pod-blueberry-raspberry-3800-puffs/,igetaustralia.com,1767810138,default,79,{},"X-QLUSIVE X-POD BLUEBERRY RASPBERRY – 3800 PUFFS",
7093,,"X-QLUSIVE X-POD DOUBLE APPLE – 3800 PUFFS",,,"X-QLUSIVE > X-QLUSIVE X-POD 3800",http://aussievapes.com.au/wp-content/uploads/2026/01/x-qlusive-x-pod-double-apple-3800-puffs-iget-australia.jpeg,,,,1,1028,,https://igetaustralia.com/product/x-qlusive-x-pod-double-apple-3800-puffs/,igetaustralia.com,1767810142,default,80,{},"X-QLUSIVE X-POD DOUBLE APPLE – 3800 PUFFS",
7095,,"X-QLUSIVE X-POD GRAPE ICE – 3800 PUFFS",,,"X-QLUSIVE > X-QLUSIVE X-POD 3800",http://aussievapes.com.au/wp-content/uploads/2026/01/x-qlusive-x-pod-grape-ice-3800-puffs-iget-australia.jpeg,,,,1,1027,,https://igetaustralia.com/product/x-qlusive-x-pod-grape-ice-3800-puffs/,igetaustralia.com,1769705722,default,84,{},"X-QLUSIVE X-POD GRAPE ICE – 3800 PUFFS",
7097,,"X-QLUSIVE X-POD HAVANA (Strawberry Kiwi Guava) – 3800 PUFFS",,,"X-QLUSIVE > X-QLUSIVE X-POD 3800",http://aussievapes.com.au/wp-content/uploads/2026/01/x-qlusive-x-pod-havana-strawberry-kiwi-guava-3800-puffs-iget-australia.jpeg,,,,1,1026,,https://igetaustralia.com/product/x-qlusive-x-pod-havana-strawberry-kiwi-guava-3800-puffs/,igetaustralia.com,1767810148,default,79,{},"X-QLUSIVE X-POD HAVANA (Strawberry Kiwi Guava) – 3800 PUFFS",
7099,,"X-QLUSIVE X-POD MANGO ICE – 3800 PUFFS",,,"X-QLUSIVE > X-QLUSIVE X-POD 3800",http://aussievapes.com.au/wp-content/uploads/2026/01/x-qlusive-x-pod-mango-ice-3800-puffs-iget-australia.jpeg,,,,1,1025,,https://igetaustralia.com/product/x-qlusive-x-pod-mango-ice-3800-puffs/,igetaustralia.com,1769708381,default,84,{},"X-QLUSIVE X-POD MANGO ICE – 3800 PUFFS",
7101,,"X-QLUSIVE X-POD MIXED BERRY – 3800 PUFFS",,,"X-QLUSIVE > X-QLUSIVE X-POD 3800",http://aussievapes.com.au/wp-content/uploads/2026/01/x-qlusive-x-pod-mixed-berry-3800-puffs-iget-australia.jpeg,,,,1,1024,,https://igetaustralia.com/product/x-qlusive-x-pod-mixed-berry-3800-puffs/,igetaustralia.com,1767810157,default,79,{},"X-QLUSIVE X-POD MIXED BERRY – 3800 PUFFS",
7103,,"X-QLUSIVE X-POD PINEAPPLE ICE – 3800 PUFFS",,,"X-QLUSIVE > X-QLUSIVE X-POD 3800",http://aussievapes.com.au/wp-content/uploads/2026/01/x-qlusive-x-pod-pineapple-ice-3800-puffs-iget-australia.jpeg,,,,1,1023,,https://igetaustralia.com/product/x-qlusive-x-pod-pineapple-ice-3800-puffs/,igetaustralia.com,1767810160,default,79,{},"X-QLUSIVE X-POD PINEAPPLE ICE – 3800 PUFFS",
7105,,"X-QLUSIVE X-POD STRAWBERRY KIWI – 3800 PUFFS",,,"X-QLUSIVE > X-QLUSIVE X-POD 3800",http://aussievapes.com.au/wp-content/uploads/2026/01/x-qlusive-x-pod-strawberry-kiwi-3800-puffs-iget-australia.jpeg,,,,1,1022,,https://igetaustralia.com/product/x-qlusive-x-pod-strawberry-kiwi-3800-puffs/,igetaustralia.com,1767810169,default,79,{},"X-QLUSIVE X-POD STRAWBERRY KIWI – 3800 PUFFS",
7107,,"X-QLUSIVE X-POD STRAWBERRY WATERMELON – 3800 PUFFS",,,"X-QLUSIVE > X-QLUSIVE X-POD 3800",http://aussievapes.com.au/wp-content/uploads/2026/01/x-qlusive-x-pod-strawberry-watermelon-3800-puffs-iget-australia.jpeg,,,,1,1021,,https://igetaustralia.com/product/x-qlusive-x-pod-strawberry-watermelon-3800-puffs/,igetaustralia.com,1769689518,default,79,{},"X-QLUSIVE X-POD STRAWBERRY WATERMELON – 3800 PUFFS",
7109,,"X-QLUSIVE X-POD SUMMER HIT (Apple Passionfruit Mango) – 3800 PUFFS",,,"X-QLUSIVE > X-QLUSIVE X-POD 3800",http://aussievapes.com.au/wp-content/uploads/2026/01/x-qlusive-x-pod-summer-hit-apple-passionfruit-mango-3800-puffs-iget.jpeg,,,,1,1020,,https://igetaustralia.com/product/x-qlusive-x-pod-summer-hit-apple-passionfruit-mango-3800-puffs/,igetaustralia.com,1767810177,default,79,{},"X-QLUSIVE X-POD SUMMER HIT (Apple Passionfruit Mango) – 3800 PUFFS",
7111,,"X-QLUSIVE X-POD WATERMELON BUBBLEGUM – 3800 PUFFS",,,"X-QLUSIVE > X-QLUSIVE X-POD 3800",http://aussievapes.com.au/wp-content/uploads/2026/01/x-qlusive-x-pod-watermelon-bubblegum-3800-puffs-iget-australia.jpeg,,,,1,1019,,https://igetaustralia.com/product/x-qlusive-x-pod-watermelon-bubblegum-3800-puffs/,igetaustralia.com,1767810181,default,79,{},"X-QLUSIVE X-POD WATERMELON BUBBLEGUM – 3800 PUFFS",
7113,,"X-QLUSIVE X-POD KIWI ICE – 3800 PUFFS",,,"X-QLUSIVE > X-QLUSIVE X-POD 3800",http://aussievapes.com.au/wp-content/uploads/2026/01/x-qlusive-x-pod-kiwi-ice-3800-puffs-iget-australia.png,,,,1,1018,,https://igetaustralia.com/product/x-qlusive-x-pod-kiwi-ice-3800-puffs/,igetaustralia.com,1767810188,default,78,{},"X-QLUSIVE X-POD KIWI ICE – 3800 PUFFS",
7117,,"X-QLUSIVE X-POD BONDI BEACH (Strawberry Raspberry Blueberry) – 3800 PUFFS",,,"X-QLUSIVE > X-QLUSIVE X-POD 3800",http://aussievapes.com.au/wp-content/uploads/2026/01/x-qlusive-x-pod-bondi-beach-strawberry-raspberry-blueberry-3800-puffs-.png,,,,1,1017,,https://igetaustralia.com/product/x-qlusive-x-pod-bondi-beach-strawberry-raspberry-blueberry-3800-puffs/,igetaustralia.com,1769275574,default,71,{},"X-QLUSIVE X-POD BONDI BEACH (Strawberry Raspberry Blueberry) – 3800 PUFFS",
7118,,"X-QLUSIVE X-POD MELBOURNE BOUNCE (Watermelon Peach Ice) – 3800 PUFFS",,,"X-QLUSIVE > X-QLUSIVE X-POD 3800",http://aussievapes.com.au/wp-content/uploads/2026/01/x-qlusive-x-pod-melbourne-bounce-watermelon-peach-ice-3800-puffs-iget.png,,,,1,1016,,https://igetaustralia.com/product/x-qlusive-x-pod-melbourne-bounce-watermelon-peach-ice-3800-puffs/,igetaustralia.com,1778354439,default,74,{},"X-QLUSIVE X-POD MELBOURNE BOUNCE (Watermelon Peach Ice) – 3800 PUFFS",
7119,,"X-QLUSIVE X-POD CHERRY ICE – 3800 PUFFS",,,"X-QLUSIVE > X-QLUSIVE X-POD 3800",http://aussievapes.com.au/wp-content/uploads/2026/01/x-qlusive-x-pod-cherry-ice-3800-puffs-iget-australia.png,,,,1,1015,,https://igetaustralia.com/product/x-qlusive-x-pod-cherry-ice-3800-puffs/,igetaustralia.com,1767810196,default,78,{},"X-QLUSIVE X-POD CHERRY ICE – 3800 PUFFS",
7122,,"X-QLUSIVE X-POD RAINBOW CANDY – 3800 PUFFS",,,"X-QLUSIVE > X-QLUSIVE X-POD 3800",http://aussievapes.com.au/wp-content/uploads/2026/01/x-qlusive-x-pod-rainbow-candy-3800-puffs-iget-australia.png,,,,1,1014,,https://igetaustralia.com/product/x-qlusive-x-pod-rainbow-candy-3800-puffs/,igetaustralia.com,1767810202,default,74,{},"X-QLUSIVE X-POD RAINBOW CANDY – 3800 PUFFS",
7123,,"X-QLUSIVE X-POD STRAWBERRY CREAM – 3800 PUFFS",,,"X-QLUSIVE > X-QLUSIVE X-POD 3800",http://aussievapes.com.au/wp-content/uploads/2026/01/x-qlusive-x-pod-strawberry-cream-3800-puffs-iget-australia.png,,,,1,1013,,https://igetaustralia.com/product/x-qlusive-x-pod-strawberry-cream-3800-puffs/,igetaustralia.com,1767810206,default,74,{},"X-QLUSIVE X-POD STRAWBERRY CREAM – 3800 PUFFS",
7126,,"X-QLUSIVE X-POD BLUE MOUNTAINS (Apple Raspberry Watermelon) – 3800 PUFFS",,,"X-QLUSIVE > X-QLUSIVE X-POD 3800",http://aussievapes.com.au/wp-content/uploads/2026/01/x-qlusive-x-pod-blue-mountains-apple-raspberry-watermelon-3800-puffs-.png,,,,1,1012,,https://igetaustralia.com/product/x-qlusive-x-pod-blue-mountains-apple-raspberry-watermelon-3800-puffs/,igetaustralia.com,1769701482,default,74,{},"X-QLUSIVE X-POD BLUE MOUNTAINS (Apple Raspberry Watermelon) – 3800 PUFFS",
7127,,"X-QLUSIVE X-POD MASIF SATURDAY (Cherry Cola Ice) – 3800 PUFFS",,,"X-QLUSIVE > X-QLUSIVE X-POD 3800",http://aussievapes.com.au/wp-content/uploads/2026/01/x-qlusive-x-pod-masif-saturday-cherry-cola-ice-3800-puffs-iget-australia.png,,,,1,1011,,https://igetaustralia.com/product/x-qlusive-x-pod-masif-saturday-cherry-cola-ice-3800-puffs/,igetaustralia.com,1769673602,default,71,{},"X-QLUSIVE X-POD MASIF SATURDAY (Cherry Cola Ice) – 3800 PUFFS",
7129,,"X-QLUSIVE X-POD ROCKINGHAM (Apple Kiwi Ice) – 3800 PUFFS",,,"X-QLUSIVE > X-QLUSIVE X-POD 3800",http://aussievapes.com.au/wp-content/uploads/2026/01/x-qlusive-x-pod-rockingham-apple-kiwi-ice-3800-puffs-iget-australia.jpeg,,,,1,1010,,https://igetaustralia.com/product/x-qlusive-x-pod-rockingham-apple-kiwi-ice-3800-puffs/,igetaustralia.com,1769708272,default,71,{},"X-QLUSIVE X-POD ROCKINGHAM (Apple Kiwi Ice) – 3800 PUFFS",
7131,,"X-QLUSIVE X-POD WAO SUPER CLUB (Mixed Fruits Ice) – 3800 PUFFS",,,"X-QLUSIVE > X-QLUSIVE X-POD 3800",http://aussievapes.com.au/wp-content/uploads/2026/01/x-qlusive-x-pod-wao-super-club-mixed-fruits-ice-3800-puffs-iget-australia.jpeg,,,,1,1009,,https://igetaustralia.com/product/x-qlusive-x-pod-wao-super-club-mixed-fruits-ice-3800-puffs/,igetaustralia.com,1767810220,default,73,{},"X-QLUSIVE X-POD WAO SUPER CLUB (Mixed Fruits Ice) – 3800 PUFFS",
7133,,"X-QLUSIVE X-POD TASMANIA (Blueberry Raspberry Peach) – 3800 PUFFS",,,"X-QLUSIVE > X-QLUSIVE X-POD 3800",http://aussievapes.com.au/wp-content/uploads/2026/01/x-qlusive-x-pod-tasmania-blueberry-raspberry-peach-3800-puffs-iget.jpg,,,,1,1008,,https://igetaustralia.com/product/x-qlusive-x-pod-tasmania-blueberry-raspberry-peach-3800-puffs/,igetaustralia.com,1767810224,default,71,{},"X-QLUSIVE X-POD TASMANIA (Blueberry Raspberry Peach) – 3800 PUFFS",
7135,,"X-QLUSIVE X-POD MINT ICE – 3800 PUFFS",,,"X-QLUSIVE > X-QLUSIVE X-POD 3800",http://aussievapes.com.au/wp-content/uploads/2026/01/x-qlusive-x-pod-mint-ice-3800-puffs-iget-australia.jpg,,,,1,1007,,https://igetaustralia.com/product/x-qlusive-x-pod-mint-ice-3800-puffs/,igetaustralia.com,1769674190,default,76,{},"X-QLUSIVE X-POD MINT ICE – 3800 PUFFS",
7137,,"X-QLUSIVE X-POD LUSH ICE – 3800 PUFFS",,,"X-QLUSIVE > X-QLUSIVE X-POD 3800",http://aussievapes.com.au/wp-content/uploads/2026/01/x-qlusive-x-pod-lush-ice-3800-puffs-iget-australia.jpg,,,,1,1006,,https://igetaustralia.com/product/x-qlusive-x-pod-lush-ice-3800-puffs/,igetaustralia.com,1767810230,default,76,{},"X-QLUSIVE X-POD LUSH ICE – 3800 PUFFS",
7139,,"X-QLUSIVE X-POD PASSIONFRUIT GRAPE ICE – 3800 PUFFS",,,"X-QLUSIVE > X-QLUSIVE X-POD 3800",http://aussievapes.com.au/wp-content/uploads/2026/01/x-qlusive-x-pod-passionfruit-grape-ice-3800-puffs-iget-australia.jpeg,,,,1,1005,,https://igetaustralia.com/product/x-qlusive-x-pod-passiobfruit-grape-ice-3800-puffs/,igetaustralia.com,1769677120,default,71,{},"X-QLUSIVE X-POD PASSIONFRUIT GRAPE ICE – 3800 PUFFS",
7141,,"X-QLUSIVE X-POD PETER PAN ICE – 3800 PUFFS",,,"X-QLUSIVE > X-QLUSIVE X-POD 3800",http://aussievapes.com.au/wp-content/uploads/2026/01/x-qlusive-x-pod-peter-pan-ice-3800-puffs-iget-australia.jpg,,,,1,1004,,https://igetaustralia.com/product/x-qlusive-x-pod-peter-pan-3800-puffs/,igetaustralia.com,1767810238,default,71,{},"X-QLUSIVE X-POD PETER PAN ICE – 3800 PUFFS",
7143,,"X-QLUSIVE X-POD ALADDIN – 3800 PUFFS",,,"X-QLUSIVE > X-QLUSIVE X-POD 3800",http://aussievapes.com.au/wp-content/uploads/2026/01/x-qlusive-x-pod-aladdin-3800-puffs-iget-australia.png,,,,1,1003,,https://igetaustralia.com/product/x-qlusive-x-pod-aladdin-3800-puffs/,igetaustralia.com,1767810245,default,76,{},"X-QLUSIVE X-POD ALADDIN – 3800 PUFFS",
7145,,"X-QLUSIVE X-POD – 3800 PUFFS – 10 PACK",,,"X-QLUSIVE > X-QLUSIVE X-POD 3800",http://aussievapes.com.au/wp-content/uploads/2026/01/x-qlusive-x-pod-3800-puffs-10-pack-iget-australia.png,,,,1,1002,,https://igetaustralia.com/product/x-qlusive-x-pod-3800-puffs-10-pack/,igetaustralia.com,1769679430,default,76,{},"X-QLUSIVE X-POD – 3800 PUFFS – 10 PACK",
7147,,"X-QLUSIVE X-POD – 3800 PUFFS – 50 PACK | IGET Australia",,,"X-QLUSIVE > X-QLUSIVE X-POD 3800",http://aussievapes.com.au/wp-content/uploads/2026/01/x-qlusive-x-pod-3800-puffs-50-pack-iget-australia.png,,,,1,1001,,https://igetaustralia.com/product/x-qlusive-x-pod-3800-puffs-50-pack/,igetaustralia.com,1767810250,,,,,
7150,,"X-QLUSIVE X-PRO BLUEBERRY RASPBERRY GRAPE – 5500 PUFFS",,,"X-QLUSIVE > X-QLUSIVE X-PRO 5500",http://aussievapes.com.au/wp-content/uploads/2026/01/x-qlusive-x-pro-blueberry-raspberry-grape-5500-puffs-iget-australia.jpg,,,,1,998,,https://igetaustralia.com/product/x-qlusive-x-pro-blueberry-raspberry-grape-5500-puffs/,igetaustralia.com,1767810321,default,71,{},"X-QLUSIVE X-PRO BLUEBERRY RASPBERRY GRAPE – 5500 PUFFS",
7152,,"X-QLUSIVE X-PRO APPLE RASPBERRY WATERMELON – 5500 PUFFS",,,"X-QLUSIVE > X-QLUSIVE X-PRO 5500",http://aussievapes.com.au/wp-content/uploads/2026/01/x-qlusive-x-pro-apple-raspberry-watermelon-5500-puffs-iget-australia.jpg,,,,1,999,,https://igetaustralia.com/product/x-qlusive-x-pro-apple-raspberry-watermelon-5500-puffs/,igetaustralia.com,1767810321,default,71,{},"X-QLUSIVE X-PRO APPLE RASPBERRY WATERMELON – 5500 PUFFS",
7153,,"X-QLUSIVE X-PRO BLUEBERRY RASPBERRY PEACH – 5500 PUFFS",,,"X-QLUSIVE > X-QLUSIVE X-PRO 5500",http://aussievapes.com.au/wp-content/uploads/2026/01/x-qlusive-x-pro-blueberry-raspberry-peach-5500-puffs-iget-australia.jpg,,,,1,1000,,https://igetaustralia.com/product/x-qlusive-x-pro-blueberry-raspberry-peach-5500-puffs/,igetaustralia.com,1767810322,default,71,{},"X-QLUSIVE X-PRO BLUEBERRY RASPBERRY PEACH – 5500 PUFFS",
7155,,"X-QLUSIVE X-PRO DOUBLE APPLE – 5500 PUFFS",,,"X-QLUSIVE > X-QLUSIVE X-PRO 5500",http://aussievapes.com.au/wp-content/uploads/2026/01/x-qlusive-x-pro-double-apple-5500-puffs-iget-australia.jpg,,,,1,997,,https://igetaustralia.com/product/x-qlusive-x-pro-double-apple-5500-puffs/,igetaustralia.com,1769299897,default,73,{},"X-QLUSIVE X-PRO DOUBLE APPLE – 5500 PUFFS",
7156,,"XTRIME - Fruit Vibes",,,"Pouches > nicotine pouches > XTRIME",,,,,1,996,,https://igetaustralia.com/product/xtreme-fruit-vibes/,igetaustralia.com,1767810420,default,66,{},"XTRIME - Fruit Vibes",
7158,,"XTRIME - Arctic Mint",,,"Pouches > nicotine pouches > XTRIME",http://aussievapes.com.au/wp-content/uploads/2026/01/xtrime-arctic-mint-iget-australia.jpg,,,,1,995,,https://igetaustralia.com/product/xtrime-arctic-mint/,igetaustralia.com,1778339448,default,69,{},"XTRIME - Arctic Mint",
7159,,"XTRIME - Lime Paradise",,,"Pouches > nicotine pouches > XTRIME",,,,,1,994,,https://igetaustralia.com/product/xtrime-lime-paradise/,igetaustralia.com,1767810425,default,66,{},"XTRIME - Lime Paradise",
7179,,"YOOZ ULTRA - BANANA ICE - 15000 PUFFS",,,"YOOZ ULTRA 15000",http://aussievapes.com.au/wp-content/uploads/2026/01/yooz-ultra-banana-ice-15000-puffs-iget-australia-e1768279289379.jpg,,,,1,993,,https://igetaustralia.com/product/yooz-ultra-banana-ice-15000-puffs/,igetaustralia.com,1778354278,default,78,{},"YOOZ ULTRA - BANANA ICE - 15000 PUFFS",
7181,,"YOOZ ULTRA - 15000 PUFFS - 3 PACK",,,"YOOZ ULTRA 15000",http://aussievapes.com.au/wp-content/uploads/2026/01/yooz-ultra-15000-puffs-3-pack-iget-australia-e1768279186888.jpg,,,,1,992,,https://igetaustralia.com/product/yooz-ultra-15000-puffs-3-pack/,igetaustralia.com,1767810520,default,78,{},"YOOZ ULTRA - 15000 PUFFS - 3 PACK",
7183,,yooz-ultra-15000-puffs-5-pack,,,"YOOZ ULTRA 15000",http://aussievapes.com.au/wp-content/uploads/2026/01/yooz-ultra-15000-puffs-5-pack-iget-australia-e1768279142631.jpg,,,,1,991,,https://igetaustralia.com/product/yooz-ultra-15000-puffs-5-pack/,igetaustralia.com,1767810524,default,78,{},yooz-ultra-15000-puffs-5-pack,
7185,,"YOOZ ULTRA - 15000 PUFFS - 10 PACK",,,"YOOZ ULTRA 15000",http://aussievapes.com.au/wp-content/uploads/2026/01/yooz-ultra-15000-puffs-10-pack-iget-australia-e1768279074422.jpg,,,,1,990,,https://igetaustralia.com/product/yooz-ultra-15000-puffs-10-pack/,igetaustralia.com,1767810527,default,78,{},"YOOZ ULTRA - 15000 PUFFS - 10 PACK",
7187,,"YOOZ ULTRA - 15000 PUFFS - 20 PACK",,,"YOOZ ULTRA 15000",http://aussievapes.com.au/wp-content/uploads/2026/01/yooz-ultra-15000-puffs-20-pack-iget-australia-e1768279040823.jpg,,,,1,989,,https://igetaustralia.com/product/yooz-ultra-15000-puffs-20-pack/,igetaustralia.com,1767810529,default,78,{},"YOOZ ULTRA - 15000 PUFFS - 20 PACK",
7190,,"Zoovoo Dragbar Kiwi Passionfruit Guava - 6000 Puffs",,,"Zoovoo Dragbar 6000",http://aussievapes.com.au/wp-content/uploads/2026/01/zoovoo-dragbar-kiwi-passionfruit-guava-6000-puffs-iget-australia.jpg,,,,1,987,,https://igetaustralia.com/product/zoovoo-dragbar-kiwi-passionfruit-guava-6000-puffs/,igetaustralia.com,1767810687,default,71,{},"Zoovoo Dragbar Kiwi Passionfruit Guava - 6000 Puffs",
7191,,"Zoovoo Dragbar Orange Soda 6000 Puffs",,,"Zoovoo Dragbar 6000",http://aussievapes.com.au/wp-content/uploads/2026/01/zoovoo-dragbar-orange-soda-6000-puffs-iget-australia.jpg,,,,1,988,,https://igetaustralia.com/product/zoovoo-dragbar-orange-soda-6000-puffs/,igetaustralia.com,1767810687,default,76,{},"Zoovoo Dragbar Orange Soda 6000 Puffs",
7193,,"Zoovoo Dragbar Watermelon Ice 6000 Puffs",,,"Zoovoo Dragbar 6000",http://aussievapes.com.au/wp-content/uploads/2026/01/zoovoo-dragbar-watermelon-ice-6000-puffs-iget-australia.jpg,,,,1,986,,https://igetaustralia.com/product/zoovoo-dragbar-watermelon-ice-6000-puffs/,igetaustralia.com,1767810688,default,71,{},"Zoovoo Dragbar Watermelon Ice 6000 Puffs",
7196,,"Zoovoo Dragbar Strawberry Watermelon Peach 6000 Puffs",,,"Zoovoo Dragbar 6000",http://aussievapes.com.au/wp-content/uploads/2026/01/zoovoo-dragbar-strawberry-watermelon-peach-6000-puffs-iget-australia.jpg,,,,1,984,,https://igetaustralia.com/product/zoovoo-dragbar-strawberry-watermelon-peach-6000-puffs/,igetaustralia.com,1767810690,default,71,{},"Zoovoo Dragbar Strawberry Watermelon Peach 6000 Puffs",
7197,,"Zoovoo Dragbar Raspberry Watermelon 6000 Puffs",,,"Zoovoo Dragbar 6000",http://aussievapes.com.au/wp-content/uploads/2026/01/zoovoo-dragbar-raspberry-watermelon-6000-puffs-iget-australia.jpg,,,,1,985,,https://igetaustralia.com/product/zoovoo-dragbar-raspberry-watermelon-6000-puffs/,igetaustralia.com,1767810691,default,71,{},"Zoovoo Dragbar Raspberry Watermelon 6000 Puffs",
7199,,"Zoovoo Dragbar Tropical Mango - 6000 Puffs",,,"Zoovoo Dragbar 6000",http://aussievapes.com.au/wp-content/uploads/2026/01/zoovoo-dragbar-tropical-mango-6000-puffs-iget-australia.jpg,,,,1,983,,https://igetaustralia.com/product/zoovoo-dragbar-tropical-mango-6000-puffs/,igetaustralia.com,1767810691,default,71,{},"Zoovoo Dragbar Tropical Mango - 6000 Puffs",
7201,,"Zoovoo Dragbar Strawberry Ice Cream 6000 Puffs",,,"Zoovoo Dragbar 6000",http://aussievapes.com.au/wp-content/uploads/2026/01/zoovoo-dragbar-strawberry-ice-cream-6000-puffs-iget-australia.jpg,,,,1,981,,https://igetaustralia.com/product/zoovoo-dragbar-strawberry-ice-cream-6000-puffs/,igetaustralia.com,1767810694,default,71,{},"Zoovoo Dragbar Strawberry Ice Cream 6000 Puffs",
7204,,"Zoovoo Dragbar Blueberry Razz Lemon 6000 Puffs",,,"Zoovoo Dragbar 6000",http://aussievapes.com.au/wp-content/uploads/2026/01/zoovoo-dragbar-blueberry-razz-lemon-6000-puffs-iget-australia.jpg,,,,1,982,,https://igetaustralia.com/product/zoovoo-dragbar-blueberry-razz-lemon-6000-puffs/,igetaustralia.com,1767810694,default,71,{},"Zoovoo Dragbar Blueberry Razz Lemon 6000 Puffs",
7207,,"ZOOVOO DRAGBAR - 6000 PUFFS - 3 PACK",,,"Zoovoo Dragbar 6000",http://aussievapes.com.au/wp-content/uploads/2026/01/zoovoo-dragbar-6000-puffs-3-pack-iget-australia.jpg,,,,1,980,,https://igetaustralia.com/product/zoovoo-dragbar-6000-puffs-3-pack/,igetaustralia.com,1769678462,default,78,{},"ZOOVOO DRAGBAR - 6000 PUFFS - 3 PACK",
7208,,"ZOOVOO DRAGBAR - 6000 PUFFS - 5 PACK",,,"Zoovoo Dragbar 6000",http://aussievapes.com.au/wp-content/uploads/2026/01/zoovoo-dragbar-6000-puffs-5-pack-iget-australia.jpg,,,,1,978,,https://igetaustralia.com/product/zoovoo-dragbar-6000-puffs-5-pack/,igetaustralia.com,1767810701,default,78,{},"ZOOVOO DRAGBAR - 6000 PUFFS - 5 PACK",
7209,,"ZOOVOO DRAGBAR - 6000 PUFFS - 10 PACK",,,"Zoovoo Dragbar 6000",http://aussievapes.com.au/wp-content/uploads/2026/01/zoovoo-dragbar-6000-puffs-10-pack-iget-australia.jpg,,,,1,979,,https://igetaustralia.com/product/zoovoo-dragbar-6000-puffs-10-pack/,igetaustralia.com,1767810701,default,78,{},"ZOOVOO DRAGBAR - 6000 PUFFS - 10 PACK",
7211,,"ZYN Nicotine Pouches 9mg Apple Mint",,,"Pouches > nicotine pouches > ZYN",http://aussievapes.com.au/wp-content/uploads/2026/01/zyn-nicotine-pouches-9mg-apple-mint-vape-warehouse.jpg,,,,1,977,,https://vapewarehouseaustralia.com/product/zyn-nicotine-pouches-9mg-apple-mint/,vapewarehouseaustralia.com,1769307642,default,76,{},"ZYN Nicotine Pouches 9mg Apple Mint",
7213,,"ZYN Nicotine Pouches 11mg Icy Mint",,,"Pouches > nicotine pouches > ZYN",http://aussievapes.com.au/wp-content/uploads/2026/01/zyn-nicotine-pouches-11mg-icy-mint-vape-warehouse.jpg,,,,1,976,,https://vapewarehouseaustralia.com/product/zyn-nicotine-pouches-11mg-icy-mint/,vapewarehouseaustralia.com,1767811021,default,76,{},"ZYN Nicotine Pouches 11mg Icy Mint",
7216,,"ZYN Nicotine Pouches 9mg Cool Frost",,,"Pouches > nicotine pouches > ZYN",http://aussievapes.com.au/wp-content/uploads/2026/01/zyn-nicotine-pouches-9mg-cool-frost-vape-warehouse.jpg,,,,1,975,,https://vapewarehouseaustralia.com/product/zyn-nicotine-pouches-9mg-cool-frost/,vapewarehouseaustralia.com,1769696443,default,77,{},"ZYN Nicotine Pouches 9mg Cool Frost",
7218,,"ZYN Nicotine Pouches 9mg Cool Watermelon",,,"Pouches > nicotine pouches > ZYN",http://aussievapes.com.au/wp-content/uploads/2026/01/zyn-nicotine-pouches-9mg-cool-watermelon-vape-warehouse.jpg,,,,1,974,,https://vapewarehouseaustralia.com/product/zyn-nicotine-pouches-9mg-cool-watermelon/,vapewarehouseaustralia.com,1767811027,default,73,,"ZYN Nicotine Pouches 9mg Cool Watermelon",
7220,,"ZYN Nicotine Pouches 9mg Exotic Mango",,,"Pouches > nicotine pouches > ZYN",http://aussievapes.com.au/wp-content/uploads/2026/01/zyn-nicotine-pouches-9mg-exotic-mango-vape-warehouse.jpg,,,,1,973,,https://vapewarehouseaustralia.com/product/zyn-nicotine-pouches-9mg-exotic-mango/,vapewarehouseaustralia.com,1767811028,default,76,{},"ZYN Nicotine Pouches 9mg Exotic Mango",
7222,,"ZYN Nicotine Pouches 9mg Spearmint",,,"Pouches > nicotine pouches > ZYN",http://aussievapes.com.au/wp-content/uploads/2026/01/zyn-nicotine-pouches-9mg-spearmint-vape-warehouse.jpg,,,,1,972,,https://vapewarehouseaustralia.com/product/zyn-nicotine-pouches-9mg-spearmint/,vapewarehouseaustralia.com,1767811035,default,76,{},"ZYN Nicotine Pouches 9mg Spearmint",
7224,,"ZYN Nicotine Pouches Chill 6mg",,,"Pouches > nicotine pouches > ZYN",http://aussievapes.com.au/wp-content/uploads/2026/01/zyn-nicotine-pouches-chill-6mg-vape-warehouse.jpg,,,,1,971,,https://vapewarehouseaustralia.com/product/zyn-nicotine-pouches-chill-6mg/,vapewarehouseaustralia.com,1767811044,default,78,,"ZYN Nicotine Pouches Chill 6mg",
7227,,"ZYN Nicotine Pouches Cola Ice 9mg",,,"Pouches > nicotine pouches > ZYN",http://aussievapes.com.au/wp-content/uploads/2026/01/zyn-nicotine-pouches-cola-ice-9mg-vape-warehouse.jpg,,,,1,970,,https://vapewarehouseaustralia.com/product/zyn-nicotine-pouches-cola-ice-9mg/,vapewarehouseaustralia.com,1767811051,default,78,,"ZYN Nicotine Pouches Cola Ice 9mg",
7229,,"ZYN Nicotine Pouches Cool Blueberry 11mg",,,"Pouches > nicotine pouches > ZYN",http://aussievapes.com.au/wp-content/uploads/2026/01/zyn-nicotine-pouches-cool-blueberry-11mg-vape-warehouse.jpg,,,,1,969,,https://vapewarehouseaustralia.com/product/zyn-nicotine-pouches-cool-blueberry-11mg/,vapewarehouseaustralia.com,1767811058,default,75,{},"ZYN Nicotine Pouches Cool Blueberry 11mg",
7231,,"ZYN Nicotine Pouches Cool Mint 16.5mg",,,"Pouches > nicotine pouches > ZYN",http://aussievapes.com.au/wp-content/uploads/2026/01/zyn-nicotine-pouches-cool-mint-165mg-vape-warehouse.jpg,,,,1,968,,https://vapewarehouseaustralia.com/product/zyn-nicotine-pouches-cool-mint-16-5mg/,vapewarehouseaustralia.com,1767811063,default,79,{},"ZYN Nicotine Pouches Cool Mint 16.5mg",
7233,,"ZYN Nicotine Pouches Cool Watermelon 11mg",,,"Pouches > nicotine pouches > ZYN",http://aussievapes.com.au/wp-content/uploads/2026/01/zyn-nicotine-pouches-cool-watermelon-11mg-vape-warehouse.jpg,,,,1,967,,https://vapewarehouseaustralia.com/product/zyn-nicotine-pouches-cool-watermelon-11mg/,vapewarehouseaustralia.com,1767811074,default,75,{},"ZYN Nicotine Pouches Cool Watermelon 11mg",
7236,,"ZYN Nicotine Pouches Lemon Spritz 6.5mg",,,"Pouches > nicotine pouches > ZYN",http://aussievapes.com.au/wp-content/uploads/2026/01/zyn-nicotine-pouches-lemon-spritz-65mg-vape-warehouse.jpg,,,,1,966,,https://vapewarehouseaustralia.com/product/zyn-nicotine-pouches-lemon-spritz-6-5mg/,vapewarehouseaustralia.com,1767811080,default,74,{},"ZYN Nicotine Pouches Lemon Spritz 6.5mg",
7238,,"ZYN Nicotine Pouches Peppermint 6mg",,,"Pouches > nicotine pouches > ZYN",http://aussievapes.com.au/wp-content/uploads/2026/01/zyn-nicotine-pouches-peppermint-6mg-vape-warehouse.jpg,,,,1,965,,https://vapewarehouseaustralia.com/product/zyn-nicotine-pouches-peppermint-6mg/,vapewarehouseaustralia.com,1767811088,default,78,{},"ZYN Nicotine Pouches Peppermint 6mg",
7240,,"ZYN Nicotine Pouches Red Fruit 9mg",,,"Pouches > nicotine pouches > ZYN",http://aussievapes.com.au/wp-content/uploads/2026/01/zyn-nicotine-pouches-red-fruit-9mg-vape-warehouse.jpg,,,,1,964,,https://vapewarehouseaustralia.com/product/zyn-nicotine-pouches-red-fruit-9mg/,vapewarehouseaustralia.com,1767811091,default,78,{},"ZYN Nicotine Pouches Red Fruit 9mg",
7242,,"ZYN Nicotine Pouches Slim 11mg Cool Mint",,,"Pouches > nicotine pouches > ZYN",http://aussievapes.com.au/wp-content/uploads/2026/01/zyn-nicotine-pouches-slim-11mg-cool-mint-vape-warehouse.jpg,,,,1,963,,https://vapewarehouseaustralia.com/product/zyn-nicotine-pouches-slim-11mg-cool-mint/,vapewarehouseaustralia.com,1767811098,default,73,{},"ZYN Nicotine Pouches Slim 11mg Cool Mint",
7244,,"ZYN Nicotine Pouches Slim 11mg Dark Frost",,,"Pouches > nicotine pouches > ZYN",http://aussievapes.com.au/wp-content/uploads/2026/01/zyn-nicotine-pouches-slim-11mg-dark-frost-vape-warehouse.jpg,,,,1,962,,https://vapewarehouseaustralia.com/product/zyn-nicotine-pouches-slim-11mg-dark-frost/,vapewarehouseaustralia.com,1767811102,default,71,{},"ZYN Nicotine Pouches Slim 11mg Dark Frost",
7246,,"ZYN Nicotine Pouches Slim 11mg Deep Freeze",,,"Pouches > nicotine pouches > ZYN",http://aussievapes.com.au/wp-content/uploads/2026/01/zyn-nicotine-pouches-slim-11mg-deep-freeze-vape-warehouse.jpg,,,,1,961,,https://vapewarehouseaustralia.com/product/zyn-nicotine-pouches-slim-11mg-deep-freeze/,vapewarehouseaustralia.com,1767811108,default,73,{},"ZYN Nicotine Pouches Slim 11mg Deep Freeze",
7248,,"ZYN Nicotine Pouches Slim 11mg Sour Ruby",,,"Pouches > nicotine pouches > ZYN",http://aussievapes.com.au/wp-content/uploads/2026/01/zyn-nicotine-pouches-slim-11mg-sour-ruby-vape-warehouse.jpg,,,,1,960,,https://vapewarehouseaustralia.com/product/zyn-nicotine-pouches-slim-11mg-sour-ruby/,vapewarehouseaustralia.com,1769682661,default,71,{},"ZYN Nicotine Pouches Slim 11mg Sour Ruby",
7250,,"ZYN Nicotine Pouches Slim 6mg Gentle Mint",,,"Pouches > nicotine pouches > ZYN",http://aussievapes.com.au/wp-content/uploads/2026/01/zyn-nicotine-pouches-slim-6mg-gentle-mint-vape-warehouse.jpg,,,,1,959,,https://vapewarehouseaustralia.com/product/zyn-nicotine-pouches-slim-6mg-gentle-mint/,vapewarehouseaustralia.com,1767811124,default,74,{},"ZYN Nicotine Pouches Slim 6mg Gentle Mint",
7252,,"ZYN Nicotine Pouches Smooth 6mg",,,"Pouches > nicotine pouches > ZYN",http://aussievapes.com.au/wp-content/uploads/2026/01/zyn-nicotine-pouches-smooth-6mg-vape-warehouse.jpg,,,,1,958,,https://vapewarehouseaustralia.com/product/zyn-nicotine-pouches-smooth-6mg/,vapewarehouseaustralia.com,1778358562,default,78,{},"ZYN Nicotine Pouches Smooth 6mg",
7254,,"ZYN Nicotine Pouches Wintergreen 6mg",,,"Pouches > nicotine pouches > ZYN",http://aussievapes.com.au/wp-content/uploads/2026/01/zyn-nicotine-pouches-wintergreen-6mg-vape-warehouse.jpg,,,,1,957,,https://vapewarehouseaustralia.com/product/zyn-nicotine-pouches-wintergreen-6mg/,vapewarehouseaustralia.com,1767811130,default,78,{},"ZYN Nicotine Pouches Wintergreen 6mg",
7295,,"ALIBARBAR INGOT 9000 Puffs 2-Pack Bundle",,,"ALIBARBAR Vape > ALIBARBAR INGOT 9000",http://aussievapes.com.au/wp-content/uploads/2026/01/alibarbar-ingot-9000-puffs-2-pack-bundle-vape-warehouse.jpg,,"Brands > ALIBARBAR Vape",,1,956,,https://vapewarehouseaustralia.com/product/alibarbar-ingot-9000-puffs-2-pack-bundle/,vapewarehouseaustralia.com,1769680117,default,74,{},"ALIBARBAR INGOT 9000 Puffs 2-Pack Bundle",144
7297,,"ALIBARBAR INGOT 9000 Puffs 5-Pack Bundle",,,"ALIBARBAR Vape > ALIBARBAR INGOT 9000",http://aussievapes.com.au/wp-content/uploads/2026/01/alibarbar-ingot-9000-puffs-5-pack-bundle-vape-warehouse.jpg,,"Brands > ALIBARBAR Vape",,1,955,,https://vapewarehouseaustralia.com/product/alibarbar-ingot-9000-puffs-5-pack-bundle/,vapewarehouseaustralia.com,1769796561,default,74,{},"ALIBARBAR INGOT 9000 Puffs 5-Pack Bundle",144
7299,,"ALIBARBAR INGOT 9000 Puffs 10-Pack Bundle",,,"ALIBARBAR Vape > ALIBARBAR INGOT 9000",http://aussievapes.com.au/wp-content/uploads/2026/01/alibarbar-ingot-9000-puffs-10-pack-bundle-vape-warehouse.jpg,,"Brands > ALIBARBAR Vape",,1,954,,https://vapewarehouseaustralia.com/product/alibarbar-ingot-9000-puffs-10-pack-bundle/,vapewarehouseaustralia.com,1769788635,default,65,{},"ALIBARBAR INGOT 9000 Puffs 10-Pack Bundle",144
7301,,"ALIBARBAR INGOT 9000 Puffs Banana Buzz",,,"ALIBARBAR Vape > ALIBARBAR INGOT 9000",http://aussievapes.com.au/wp-content/uploads/2026/01/alibarbar-ingot-9000-puffs-banana-buzz-vape-warehouse.jpg,,"Brands > ALIBARBAR Vape",,1,953,,https://vapewarehouseaustralia.com/product/alibarbar-ingot-9000-puffs-banana-buzz/,vapewarehouseaustralia.com,1769696570,default,65,{},"ALIBARBAR INGOT 9000 Puffs Banana Buzz",144
7302,,"ALIBARBAR INGOT 9000 Puffs Blackberry Ice",,,"ALIBARBAR Vape > ALIBARBAR INGOT 9000",,,"Brands > ALIBARBAR Vape",,1,952,,https://vapewarehouseaustralia.com/product/alibarbar-ingot-9000-puffs-blackberry-ice/,vapewarehouseaustralia.com,1769796473,default,62,{},"ALIBARBAR INGOT 9000 Puffs Blackberry Ice",144
7304,,"ALIBARBAR INGOT 9000 Puffs Blueberry Blast",,,"ALIBARBAR Vape > ALIBARBAR INGOT 9000",http://aussievapes.com.au/wp-content/uploads/2026/01/alibarbar-ingot-9000-puffs-blueberry-blast-vape-warehouse.jpg,,"Brands > ALIBARBAR Vape",,1,951,,https://vapewarehouseaustralia.com/product/alibarbar-ingot-9000-puffs-blueberry-blast/,vapewarehouseaustralia.com,1769796424,default,66,{},"ALIBARBAR INGOT 9000 Puffs Blueberry Blast",144
7306,,"ALIBARBAR INGOT 9000 Puffs Blueberry Mint",,,"ALIBARBAR Vape > ALIBARBAR INGOT 9000",http://aussievapes.com.au/wp-content/uploads/2026/01/alibarbar-ingot-9000-puffs-blueberry-mint-vape-warehouse.jpg,,"Brands > ALIBARBAR Vape",,1,950,,https://vapewarehouseaustralia.com/product/alibarbar-ingot-9000-puffs-blueberry-mint/,vapewarehouseaustralia.com,1769796615,default,65,{},"ALIBARBAR INGOT 9000 Puffs Blueberry Mint",144
7308,,"ALIBARBAR INGOT 9000 Puffs Chupa Chups Strawberry",,,"ALIBARBAR Vape > ALIBARBAR INGOT 9000",http://aussievapes.com.au/wp-content/uploads/2026/01/alibarbar-ingot-9000-puffs-chupa-chups-strawberry-vape-warehouse.jpg,,"Brands > ALIBARBAR Vape",,1,949,,https://vapewarehouseaustralia.com/product/alibarbar-ingot-9000-puffs-chupa-chups-strawberry/,vapewarehouseaustralia.com,1769736022,default,65,{},"ALIBARBAR INGOT 9000 Puffs Chupa Chups Strawberry",144
7309,,"ALIBARBAR INGOT 9000 Puffs Cool Mint",,,"ALIBARBAR Vape > ALIBARBAR INGOT 9000",,,"Brands > ALIBARBAR Vape",,1,948,,https://vapewarehouseaustralia.com/product/alibarbar-ingot-9000-puffs-cool-mint/,vapewarehouseaustralia.com,1769796389,default,67,{},"ALIBARBAR INGOT 9000 Puffs Cool Mint",144
7311,,"ALIBARBAR INGOT 9000 Puffs Double Apple",,,"ALIBARBAR Vape > ALIBARBAR INGOT 9000",http://aussievapes.com.au/wp-content/uploads/2026/01/alibarbar-ingot-9000-puffs-double-apple-vape-warehouse.jpg,,"Brands > ALIBARBAR Vape",,1,947,,https://vapewarehouseaustralia.com/product/alibarbar-ingot-9000-puffs-double-apple/,vapewarehouseaustralia.com,1767811625,default,66,{},"ALIBARBAR INGOT 9000 Puffs Double Apple",144
7313,,"ALIBARBAR INGOT 9000 Puffs FTP",,,"ALIBARBAR Vape > ALIBARBAR INGOT 9000",http://aussievapes.com.au/wp-content/uploads/2026/01/alibarbar-ingot-9000-puffs-ftp-vape-warehouse.jpg,,"Brands > ALIBARBAR Vape",,1,946,,https://vapewarehouseaustralia.com/product/alibarbar-ingot-9000-puffs-ftp/,vapewarehouseaustralia.com,1767811630,default,78,{},"ALIBARBAR INGOT 9000 Puffs FTP",144
7315,,"ALIBARBAR INGOT 9000 Puffs Grape Grapefruit | VAPE WAREHOUSE",,,"ALIBARBAR Vape > ALIBARBAR INGOT 9000",http://aussievapes.com.au/wp-content/uploads/2026/01/alibarbar-ingot-9000-puffs-grape-grapefruit-vape-warehouse.jpg,,,,1,945,,https://vapewarehouseaustralia.com/product/alibarbar-ingot-9000-puffs-grape-grapefruit/,vapewarehouseaustralia.com,1769677718,,,,,
7317,,"ALIBARBAR INGOT 9000 Puffs Grape Ice | VAPE WAREHOUSE",,,"ALIBARBAR Vape > ALIBARBAR INGOT 9000",http://aussievapes.com.au/wp-content/uploads/2026/01/alibarbar-ingot-9000-puffs-grape-ice-vape-warehouse.jpg,,,,1,944,,https://vapewarehouseaustralia.com/product/alibarbar-ingot-9000-puffs-grape-ice/,vapewarehouseaustralia.com,1767811640,,,,,
7319,,"ALIBARBAR INGOT 9000 Puffs Kiwi Pineapple",,,"ALIBARBAR Vape > ALIBARBAR INGOT 9000",http://aussievapes.com.au/wp-content/uploads/2026/01/alibarbar-ingot-9000-puffs-kiwi-pineapple-vape-warehouse.jpg,,"Brands > ALIBARBAR Vape",,1,943,,https://vapewarehouseaustralia.com/product/alibarbar-ingot-9000-puffs-kiwi-pineapple/,vapewarehouseaustralia.com,1767811645,default,65,{},"ALIBARBAR INGOT 9000 Puffs Kiwi Pineapple",144
7321,,"ALIBARBAR INGOT 9000 Puffs Mango Magic",,,"ALIBARBAR Vape > ALIBARBAR INGOT 9000",http://aussievapes.com.au/wp-content/uploads/2026/01/alibarbar-ingot-9000-puffs-mango-magic-vape-warehouse.jpg,,"Brands > ALIBARBAR Vape",,1,942,,https://vapewarehouseaustralia.com/product/alibarbar-ingot-9000-puffs-mango-magic/,vapewarehouseaustralia.com,1767811650,default,66,{},"ALIBARBAR INGOT 9000 Puffs Mango Magic",144
7323,,"ALIBARBAR INGOT 9000 Puffs Passionfruit Mango Lime",,,"ALIBARBAR Vape > ALIBARBAR INGOT 9000",http://aussievapes.com.au/wp-content/uploads/2026/01/alibarbar-ingot-9000-puffs-passionfruit-mango-lime-vape-warehouse.jpg,,"Brands > ALIBARBAR Vape",,1,941,,https://vapewarehouseaustralia.com/product/alibarbar-ingot-9000-puffs-passionfruit-mango-lime/,vapewarehouseaustralia.com,1767811656,default,65,{},"ALIBARBAR INGOT 9000 Puffs Passionfruit Mango Lime",144
7325,,"ALIBARBAR INGOT 9000 Puffs Peach Ice",,,"ALIBARBAR Vape > ALIBARBAR INGOT 9000",http://aussievapes.com.au/wp-content/uploads/2026/01/alibarbar-ingot-9000-puffs-peach-ice-vape-warehouse.jpg,,"Brands > ALIBARBAR Vape",,1,940,,https://vapewarehouseaustralia.com/product/alibarbar-ingot-9000-puffs-peach-ice/,vapewarehouseaustralia.com,1767811662,default,78,{},"ALIBARBAR INGOT 9000 Puffs Peach Ice",144
7327,,"ALIBARBAR INGOT 9000 Puffs Pink Lemon",,,"ALIBARBAR Vape > ALIBARBAR INGOT 9000",http://aussievapes.com.au/wp-content/uploads/2026/01/alibarbar-ingot-9000-puffs-pink-lemon-vape-warehouse.jpg,,"Brands > ALIBARBAR Vape",,1,939,,https://vapewarehouseaustralia.com/product/alibarbar-ingot-9000-puffs-pink-lemon/,vapewarehouseaustralia.com,1767811668,default,69,{},"ALIBARBAR INGOT 9000 Puffs Pink Lemon",144
7329,,"ALIBARBAR INGOT 9000 Puffs Quadruple Berry",,,"ALIBARBAR Vape > ALIBARBAR INGOT 9000",http://aussievapes.com.au/wp-content/uploads/2026/01/alibarbar-ingot-9000-puffs-quadruple-berry-vape-warehouse.jpg,,"Brands > ALIBARBAR Vape",,1,938,,https://vapewarehouseaustralia.com/product/alibarbar-ingot-9000-puffs-quadruple-berry/,vapewarehouseaustralia.com,1769796456,default,75,{},"ALIBARBAR INGOT 9000 Puffs Quadruple Berry",144
7331,,"ALIBARBAR INGOT 9000 Puffs Ribena",,,"ALIBARBAR Vape > ALIBARBAR INGOT 9000",http://aussievapes.com.au/wp-content/uploads/2026/01/alibarbar-ingot-9000-puffs-ribena-vape-warehouse.jpg,,"Brands > ALIBARBAR Vape",,1,937,,https://vapewarehouseaustralia.com/product/alibarbar-ingot-9000-puffs-ribena/,vapewarehouseaustralia.com,1769694784,default,69,{},"ALIBARBAR INGOT 9000 Puffs Ribena",144
7333,,"ALIBARBAR INGOT 9000 Puffs Skittles",,,"ALIBARBAR Vape > ALIBARBAR INGOT 9000",http://aussievapes.com.au/wp-content/uploads/2026/01/alibarbar-ingot-9000-puffs-skittles-vape-warehouse.jpg,,"Brands > ALIBARBAR Vape",,1,936,,https://vapewarehouseaustralia.com/product/alibarbar-ingot-9000-puffs-skittles/,vapewarehouseaustralia.com,1767811688,default,69,{},"ALIBARBAR INGOT 9000 Puffs Skittles",144
7335,,"ALIBARBAR INGOT 9000 Puffs Strawberry Coconut Watermelon",,,"ALIBARBAR Vape > ALIBARBAR INGOT 9000",http://aussievapes.com.au/wp-content/uploads/2026/01/alibarbar-ingot-9000-puffs-strawberry-coconut-watermelon-vape-warehouse.jpg,,"Brands > ALIBARBAR Vape",,1,935,,https://vapewarehouseaustralia.com/product/alibarbar-ingot-9000-puffs-strawberry-coconut-watermelon/,vapewarehouseaustralia.com,1769796406,default,65,{},"ALIBARBAR INGOT 9000 Puffs Strawberry Coconut Watermelon",144
7337,,"ALIBARBAR INGOT 9000 Puffs Strawberry Lychee",,,"ALIBARBAR Vape > ALIBARBAR INGOT 9000",http://aussievapes.com.au/wp-content/uploads/2026/01/alibarbar-ingot-9000-puffs-strawberry-lychee-vape-warehouse.jpg,,"Brands > ALIBARBAR Vape",,1,934,,https://vapewarehouseaustralia.com/product/alibarbar-ingot-9000-puffs-strawberry-lychee/,vapewarehouseaustralia.com,1767811703,default,74,{},"ALIBARBAR INGOT 9000 Puffs Strawberry Lychee",144
7339,,"ALIBARBAR INGOT 9000 Puffs Strawberry Watermelon",,,"ALIBARBAR Vape > ALIBARBAR INGOT 9000",http://aussievapes.com.au/wp-content/uploads/2026/01/alibarbar-ingot-9000-puffs-strawberry-watermelon-vape-warehouse.jpg,,"Brands > ALIBARBAR Vape",,1,933,,https://vapewarehouseaustralia.com/product/alibarbar-ingot-9000-puffs-strawberry-watermelon/,vapewarehouseaustralia.com,1767811708,default,74,{},"ALIBARBAR INGOT 9000 Puffs Strawberry Watermelon",144
7341,,"ALIBARBAR INGOT 9000 Puffs Watermelon Ice",,,"ALIBARBAR Vape > ALIBARBAR INGOT 9000",http://aussievapes.com.au/wp-content/uploads/2026/01/alibarbar-ingot-9000-puffs-watermelon-ice-vape-warehouse.jpg,,"Brands > ALIBARBAR Vape",,1,932,,https://vapewarehouseaustralia.com/product/alibarbar-ingot-9000-puffs-watermelon-ice/,vapewarehouseaustralia.com,1767811713,default,65,{},"ALIBARBAR INGOT 9000 Puffs Watermelon Ice",144
7343,,"ALIBARBAR INGOT 9000 Puffs WTF",,,"ALIBARBAR Vape > ALIBARBAR INGOT 9000",http://aussievapes.com.au/wp-content/uploads/2026/01/alibarbar-ingot-9000-puffs-wtf-vape-warehouse.jpg,,"Brands > ALIBARBAR Vape",,1,931,,https://vapewarehouseaustralia.com/product/alibarbar-ingot-9000-puffs-wtf/,vapewarehouseaustralia.com,1767811721,default,78,{},"ALIBARBAR INGOT 9000 Puffs WTF",144
7345,,"ALIBARBAR INGOT 9000 Puffs Fanta",,,"ALIBARBAR Vape > ALIBARBAR INGOT 9000",http://aussievapes.com.au/wp-content/uploads/2026/01/alibarbar-ingot-9000-puffs-fanta-vape-warehouse.jpg,,"Brands > ALIBARBAR Vape",,1,930,,https://vapewarehouseaustralia.com/product/alibarbar-ingot-9000-puffs-fanta/,vapewarehouseaustralia.com,1767811726,default,78,{},"ALIBARBAR INGOT 9000 Puffs Fanta",144
7347,,"ALIBARBAR INGOT 9000 Puffs Tobacco",,,"ALIBARBAR Vape > ALIBARBAR INGOT 9000",http://aussievapes.com.au/wp-content/uploads/2026/01/alibarbar-ingot-9000-puffs-tobacco-vape-warehouse.jpg,,"Brands > ALIBARBAR Vape",,1,929,,https://vapewarehouseaustralia.com/product/alibarbar-ingot-9000-puffs-tobacco/,vapewarehouseaustralia.com,1767811732,default,78,{},"ALIBARBAR INGOT 9000 Puffs Tobacco",144
7385,,"BIMO Crystal 12000 Puffs - Pack 2 items",,,"BIMO vape > BIMO Crystal 12000",http://aussievapes.com.au/wp-content/uploads/2026/01/bimo-crystal-12000-puffs-pack-2-items-vape-warehouse-e1767930907977.jpg,,"BIMO vape",,1,927,,https://vapewarehouseaustralia.com/product/bimo-crystal-12000-puffs-pack-2-items/,vapewarehouseaustralia.com,1769678918,default,69,{},"BIMO Crystal 12000 Puffs - Pack 2 items",149
7387,,"BIMO Crystal 12000 Puffs - Pack 5 items",,,"BIMO vape > BIMO Crystal 12000",http://aussievapes.com.au/wp-content/uploads/2026/01/bimo-crystal-12000-puffs-pack-5-items-vape-warehouse-e1767930978453.jpg,,"BIMO vape",,1,928,,https://vapewarehouseaustralia.com/product/bimo-crystal-12000-puffs-pack-5-items/,vapewarehouseaustralia.com,1769788686,default,69,{},"BIMO Crystal 12000 Puffs - Pack 5 items",149
7400,,"BIMO Crystal 12000 Puffs Red Bull",,,"BIMO vape > BIMO Crystal 12000",http://aussievapes.com.au/wp-content/uploads/2026/01/bimo-crystal-12000-puffs-red-bull-vape-warehouse.jpg,,"BIMO vape",,1,926,,https://vapewarehouseaustralia.com/product/bimo-crystal-12000-puffs-red-bull/,vapewarehouseaustralia.com,1769788708,default,69,{},"BIMO Crystal 12000 Puffs Red Bull",149
7408,,"RELX MagicGo 8000 Puffs Peach Strawberry",,,"RELX vape > RELX MagicGo 8000",http://aussievapes.com.au/wp-content/uploads/2026/01/relx-magicgo-8000-puffs-peach-strawberry-vape-warehouse.jpg,,"Brands > RELX vape",,1,925,,https://vapewarehouseaustralia.com/product/relx-magicgo-8000-puffs-peach-strawberry/,vapewarehouseaustralia.com,1767813188,default,75,{},"RELX MagicGo 8000 Puffs Peach Strawberry",155
7410,,"RELX MagicGo 8000 Puffs - Pack 10 items",,,"RELX vape > RELX MagicGo 8000",http://aussievapes.com.au/wp-content/uploads/2026/01/relx-magicgo-8000-puffs-pack-10-items-vape-warehouse.jpg,,"Brands > RELX vape",,1,924,,https://vapewarehouseaustralia.com/product/relx-magicgo-8000-puffs-pack-10-items/,vapewarehouseaustralia.com,1767813190,default,79,{},"RELX MagicGo 8000 Puffs - Pack 10 items",155
7412,,"RELX MagicGo 8000 Puffs - Pack 2 items",,,"RELX vape > RELX MagicGo 8000",http://aussievapes.com.au/wp-content/uploads/2026/01/relx-magicgo-8000-puffs-pack-2-items-vape-warehouse.jpg,,"Brands > RELX vape",,1,923,,https://vapewarehouseaustralia.com/product/relx-magicgo-8000-puffs-pack-2-items/,vapewarehouseaustralia.com,1769703182,default,79,{},"RELX MagicGo 8000 Puffs - Pack 2 items",155
7414,,"RELX MagicGo 8000 Puffs - Pack 5 items",,,"RELX vape > RELX MagicGo 8000",http://aussievapes.com.au/wp-content/uploads/2026/01/relx-magicgo-8000-puffs-pack-5-items-vape-warehouse.jpg,,"Brands > RELX vape",,1,922,,https://vapewarehouseaustralia.com/product/relx-magicgo-8000-puffs-pack-5-items/,vapewarehouseaustralia.com,1767813200,default,79,{},"RELX MagicGo 8000 Puffs - Pack 5 items",155
7416,,"RELX MagicGo 8000 Puffs Blueberry Splash",,,"RELX vape > RELX MagicGo 8000",http://aussievapes.com.au/wp-content/uploads/2026/01/relx-magicgo-8000-puffs-blueberry-splash-vape-warehouse.jpg,,"Brands > RELX vape",,1,921,,https://vapewarehouseaustralia.com/product/relx-magicgo-8000-puffs-blueberry-splash/,vapewarehouseaustralia.com,1767813205,default,73,{},"RELX MagicGo 8000 Puffs Blueberry Splash",155
7418,,"RELX MagicGo 8000 Puffs Cherry Pomegranate",,,"RELX vape > RELX MagicGo 8000",http://aussievapes.com.au/wp-content/uploads/2026/01/relx-magicgo-8000-puffs-cherry-pomegranate-vape-warehouse.jpg,,,,1,920,,https://vapewarehouseaustralia.com/product/relx-magicgo-8000-puffs-cherry-pomegranate/,vapewarehouseaustralia.com,1767813208,default,75,{},"RELX MagicGo 8000 Puffs Cherry Pomegranate",
7420,,"RELX MagicGo 8000 Puffs Fresh Mint",,,"RELX vape > RELX MagicGo 8000",http://aussievapes.com.au/wp-content/uploads/2026/01/relx-magicgo-8000-puffs-fresh-mint-vape-warehouse.jpg,,"Brands > RELX vape",,1,919,,https://vapewarehouseaustralia.com/product/relx-magicgo-8000-puffs-fresh-mint/,vapewarehouseaustralia.com,1778358507,default,79,{},"RELX MagicGo 8000 Puffs Fresh Mint",155
7422,,"RELX MagicGo 8000 Puffs Lemon Lime Bitters",,,"RELX vape > RELX MagicGo 8000",http://aussievapes.com.au/wp-content/uploads/2026/01/relx-magicgo-8000-puffs-lemon-lime-bitters-vape-warehouse.jpg,,"Brands > RELX vape",,1,918,,https://vapewarehouseaustralia.com/product/relx-magicgo-8000-puffs-lemon-lime-bitters/,vapewarehouseaustralia.com,1767813215,default,75,{},"RELX MagicGo 8000 Puffs Lemon Lime Bitters",155
7424,,"RELX MagicGo 8000 Puffs Strawberry Kiwi",,,"RELX vape > RELX MagicGo 8000",http://aussievapes.com.au/wp-content/uploads/2026/01/relx-magicgo-8000-puffs-strawberry-kiwi-vape-warehouse.jpg,,"Brands > RELX vape",,1,917,,https://vapewarehouseaustralia.com/product/relx-magicgo-8000-puffs-strawberry-kiwi/,vapewarehouseaustralia.com,1769681697,default,75,{},"RELX MagicGo 8000 Puffs Strawberry Kiwi",155
7426,,"RELX MagicGo 8000 Puffs Strawberry Raspberry",,,"RELX vape > RELX MagicGo 8000",http://aussievapes.com.au/wp-content/uploads/2026/01/relx-magicgo-8000-puffs-strawberry-raspberry-vape-warehouse.jpg,,"Brands > RELX vape",,1,916,,https://vapewarehouseaustralia.com/product/relx-magicgo-8000-puffs-strawberry-raspberry/,vapewarehouseaustralia.com,1767813224,default,75,{},"RELX MagicGo 8000 Puffs Strawberry Raspberry",155
7428,,"RELX MagicGo 8000 Puffs Strawberry Watermelon",,,"RELX vape > RELX MagicGo 8000",http://aussievapes.com.au/wp-content/uploads/2026/01/relx-magicgo-8000-puffs-strawberry-watermelon-vape-warehouse.jpg,,"Brands > RELX vape",,1,915,,https://vapewarehouseaustralia.com/product/relx-magicgo-8000-puffs-strawberry-watermelon/,vapewarehouseaustralia.com,1767813228,default,75,{},"RELX MagicGo 8000 Puffs Strawberry Watermelon",155
7430,,"RELX MagicGo 8000 Puffs Triple Berry",,,"RELX vape > RELX MagicGo 8000",http://aussievapes.com.au/wp-content/uploads/2026/01/relx-magicgo-8000-puffs-triple-berry-vape-warehouse.jpg,,"Brands > RELX vape",,1,914,,https://vapewarehouseaustralia.com/product/relx-magicgo-8000-puffs-triple-berry/,vapewarehouseaustralia.com,1769696235,default,74,{},"RELX MagicGo 8000 Puffs Triple Berry",155
7432,,"RELX MagicGo 8000 Puffs Watermelon Chill",,,"RELX vape > RELX MagicGo 8000",http://aussievapes.com.au/wp-content/uploads/2026/01/relx-magicgo-8000-puffs-watermelon-chill-vape-warehouse.jpg,,"Brands > RELX vape",,1,913,,https://vapewarehouseaustralia.com/product/relx-magicgo-8000-puffs-watermelon-chill/,vapewarehouseaustralia.com,1767813236,default,75,{},"RELX MagicGo 8000 Puffs Watermelon Chill",155
7434,,"RELX MagicGo 8000 Puffs Watermelon Kiwi",,,"RELX vape > RELX MagicGo 8000",http://aussievapes.com.au/wp-content/uploads/2026/01/relx-magicgo-8000-puffs-watermelon-kiwi-vape-warehouse.jpg,,"Brands > RELX vape",,1,912,,https://vapewarehouseaustralia.com/product/relx-magicgo-8000-puffs-watermelon-kiwi/,vapewarehouseaustralia.com,1767813241,default,75,,"RELX MagicGo 8000 Puffs Watermelon Kiwi",155
7436,,"SEREIN MECH-PRO 10000 Puffs – Pack 5 items",,,"SEREIN vape > SEREIN MECH-PRO 10000",http://aussievapes.com.au/wp-content/uploads/2026/01/serein-mech-pro-10000-puffs-pack-5-items-vape-warehouse.jpg,,"Brands > SEREIN vape",,1,911,,https://vapewarehouseaustralia.com/product/serein-mech-pro-10000-puffs-pack-5-items/,vapewarehouseaustralia.com,1767813341,default,74,{},"SEREIN MECH-PRO 10000 Puffs – Pack 5 items",172
7439,,"SEREIN MECH-PRO 10000 Puffs – Pack 10 items",,,"SEREIN vape > SEREIN MECH-PRO 10000",http://aussievapes.com.au/wp-content/uploads/2026/01/serein-mech-pro-10000-puffs-pack-10-items-vape-warehouse.jpg,,"Brands > SEREIN vape",,1,909,,https://vapewarehouseaustralia.com/product/serein-mech-pro-10000-puffs-pack-10-items/,vapewarehouseaustralia.com,1769688919,default,74,{},"SEREIN MECH-PRO 10000 Puffs – Pack 10 items",172
7440,,"SEREIN MECH-PRO 10000 Puffs – Pack 2 items",,,"SEREIN vape > SEREIN MECH-PRO 10000",http://aussievapes.com.au/wp-content/uploads/2026/01/serein-mech-pro-10000-puffs-pack-2-items-vape-warehouse.jpg,,"Brands > SEREIN vape",,1,910,,https://vapewarehouseaustralia.com/product/serein-mech-pro-10000-puffs-pack-2-items/,vapewarehouseaustralia.com,1767813342,default,74,{},"SEREIN MECH-PRO 10000 Puffs – Pack 2 items",172
7442,,"SEREIN MECH-PRO 10000 Puffs Cherry Pomegranate",,,"SEREIN vape > SEREIN MECH-PRO 10000",http://aussievapes.com.au/wp-content/uploads/2026/01/serein-mech-pro-10000-puffs-cherry-pomegranate-vape-warehouse.jpg,,"Brands > SEREIN vape",,1,907,,https://vapewarehouseaustralia.com/product/serein-mech-pro-10000-puffs-cherry-pomegranate/,vapewarehouseaustralia.com,1769695123,default,74,{},"SEREIN MECH-PRO 10000 Puffs Cherry Pomegranate",172
7444,,"SEREIN MECH-PRO 10000 Puffs Blackberry Ice",,,"SEREIN vape > SEREIN MECH-PRO 10000",http://aussievapes.com.au/wp-content/uploads/2026/01/serein-mech-pro-10000-puffs-blackberry-ice-vape-warehouse.jpg,,"Brands > SEREIN vape",,1,908,,https://vapewarehouseaustralia.com/product/serein-mech-pro-10000-puffs-blackberry-ice/,vapewarehouseaustralia.com,1767813345,default,74,{},"SEREIN MECH-PRO 10000 Puffs Blackberry Ice",172
7446,,"SEREIN MECH-PRO 10000 Puffs Blueberry Raspberry",,,"SEREIN vape > SEREIN MECH-PRO 10000",http://aussievapes.com.au/wp-content/uploads/2026/01/serein-mech-pro-10000-puffs-blueberry-raspberry-vape-warehouse.jpg,,"Brands > SEREIN vape",,1,906,,https://vapewarehouseaustralia.com/product/serein-mech-pro-10000-puffs-blueberry-raspberry/,vapewarehouseaustralia.com,1767813346,default,74,{},"SEREIN MECH-PRO 10000 Puffs Blueberry Raspberry",172
7448,,"SEREIN MECH-PRO 10000 Puffs Kiwi Passionfruit Guava",,,"SEREIN vape > SEREIN MECH-PRO 10000",http://aussievapes.com.au/wp-content/uploads/2026/01/serein-mech-pro-10000-puffs-kiwi-passionfruit-guava-vape-warehouse.jpg,,"Brands > SEREIN vape",,1,904,,https://vapewarehouseaustralia.com/product/serein-mech-pro-10000-puffs-kiwi-passionfruit-guava/,vapewarehouseaustralia.com,1778354463,default,74,{},"SEREIN MECH-PRO 10000 Puffs Kiwi Passionfruit Guava",172
7450,,"SEREIN MECH-PRO 10000 Puffs Grape Raspberry",,,"SEREIN vape > SEREIN MECH-PRO 10000",http://aussievapes.com.au/wp-content/uploads/2026/01/serein-mech-pro-10000-puffs-grape-raspberry-vape-warehouse.jpg,,"Brands > SEREIN vape",,1,905,,https://vapewarehouseaustralia.com/product/serein-mech-pro-10000-puffs-grape-raspberry/,vapewarehouseaustralia.com,1767813349,default,74,{},"SEREIN MECH-PRO 10000 Puffs Grape Raspberry",172
7452,,"SEREIN MECH-PRO 10000 Puffs Pineapple Mango",,,"SEREIN vape > SEREIN MECH-PRO 10000",http://aussievapes.com.au/wp-content/uploads/2026/01/serein-mech-pro-10000-puffs-pineapple-mango-vape-warehouse.jpg,,"Brands > SEREIN vape",,1,903,,https://vapewarehouseaustralia.com/product/serein-mech-pro-10000-puffs-pineapple-mango/,vapewarehouseaustralia.com,1767813349,default,74,{},"SEREIN MECH-PRO 10000 Puffs Pineapple Mango",172
7454,,"SEREIN MECH-PRO 10000 Puffs Strawberry Watermelon",,,"SEREIN vape > SEREIN MECH-PRO 10000",http://aussievapes.com.au/wp-content/uploads/2026/01/serein-mech-pro-10000-puffs-strawberry-watermelon-vape-warehouse.jpg,,"Brands > SEREIN vape",,1,902,,https://vapewarehouseaustralia.com/product/serein-mech-pro-10000-puffs-strawberry-watermelon/,vapewarehouseaustralia.com,1767813351,default,74,{},"SEREIN MECH-PRO 10000 Puffs Strawberry Watermelon",172
7456,,"SEREIN MECH-PRO 10000 Puffs Tripple Mango",,,"SEREIN vape > SEREIN MECH-PRO 10000",http://aussievapes.com.au/wp-content/uploads/2026/01/serein-mech-pro-10000-puffs-tripple-mango-vape-warehouse.jpg,,"Brands > SEREIN vape",,1,901,,https://vapewarehouseaustralia.com/product/serein-mech-pro-10000-puffs-tripple-mango/,vapewarehouseaustralia.com,1767813354,default,74,{},"SEREIN MECH-PRO 10000 Puffs Tripple Mango",172
7458,,"SEREIN MECH-PRO 10000 Puffs Watermelon Ice",,,"SEREIN vape > SEREIN MECH-PRO 10000",http://aussievapes.com.au/wp-content/uploads/2026/01/serein-mech-pro-10000-puffs-watermelon-ice-vape-warehouse.jpg,,"Brands > SEREIN vape",,1,900,,https://vapewarehouseaustralia.com/product/serein-mech-pro-10000-puffs-watermelon-ice/,vapewarehouseaustralia.com,1767813359,default,74,{},"SEREIN MECH-PRO 10000 Puffs Watermelon Ice",172
7460,,"SEREIN MECH-PRO 10000 Puffs Watermelon Raspberry",,,"SEREIN vape > SEREIN MECH-PRO 10000",http://aussievapes.com.au/wp-content/uploads/2026/01/serein-mech-pro-10000-puffs-watermelon-raspberry-vape-warehouse.jpg,,"Brands > SEREIN vape",,1,899,,https://vapewarehouseaustralia.com/product/serein-mech-pro-10000-puffs-watermelon-raspberry/,vapewarehouseaustralia.com,1767813363,default,74,{},"SEREIN MECH-PRO 10000 Puffs Watermelon Raspberry",172
7463,,"SEREIN HUNTER 6000 Puffs Blackberry Ice",,,"SEREIN vape > SEREIN HUNTER 6000",http://aussievapes.com.au/wp-content/uploads/2026/01/serein-hunter-6000-puffs-blackberry-ice-vape-warehouse.jpg,,"Brands > SEREIN vape",,1,897,,https://vapewarehouseaustralia.com/product/serein-hunter-6000-puffs-blackberry-ice/,vapewarehouseaustralia.com,1767813418,default,74,{},"SEREIN HUNTER 6000 Puffs Blackberry Ice",172
7464,,"SEREIN HUNTER 6000 Puffs Blueberry Raspberry",,,"SEREIN vape > SEREIN HUNTER 6000",http://aussievapes.com.au/wp-content/uploads/2026/01/serein-hunter-6000-puffs-blueberry-raspberry-vape-warehouse.jpg,,"Brands > SEREIN vape",,1,898,,https://vapewarehouseaustralia.com/product/serein-hunter-6000-puffs-blueberry-raspberry/,vapewarehouseaustralia.com,1767813418,default,74,{},"SEREIN HUNTER 6000 Puffs Blueberry Raspberry",172
7466,,"SEREIN HUNTER 6000 Puffs Cherry Pomegranate",,,"SEREIN vape > SEREIN HUNTER 6000",http://aussievapes.com.au/wp-content/uploads/2026/01/serein-hunter-6000-puffs-cherry-pomegranate-vape-warehouse.jpg,,"Brands > SEREIN vape",,1,896,,https://vapewarehouseaustralia.com/product/serein-hunter-6000-puffs-cherry-pomegranate/,vapewarehouseaustralia.com,1767813425,default,74,{},"SEREIN HUNTER 6000 Puffs Cherry Pomegranate",172
7468,,"SEREIN HUNTER 6000 Puffs Double Apple",,,"SEREIN vape > SEREIN HUNTER 6000",http://aussievapes.com.au/wp-content/uploads/2026/01/serein-hunter-6000-puffs-double-apple-vape-warehouse.jpg,,"Brands > SEREIN vape",,1,895,,https://vapewarehouseaustralia.com/product/serein-hunter-6000-puffs-double-apple/,vapewarehouseaustralia.com,1767813428,default,79,{},"SEREIN HUNTER 6000 Puffs Double Apple",172
7470,,"SEREIN HUNTER 6000 Puffs Grape",,,"SEREIN vape > SEREIN HUNTER 6000",http://aussievapes.com.au/wp-content/uploads/2026/01/serein-hunter-6000-puffs-grape-vape-warehouse.jpg,,"Brands > SEREIN vape",,1,894,,https://vapewarehouseaustralia.com/product/serein-hunter-6000-puffs-grape/,vapewarehouseaustralia.com,1767813434,default,78,{},"SEREIN HUNTER 6000 Puffs Grape",172
7472,,"SEREIN HUNTER 6000 Puffs Kiwifruit Pineapple",,,"SEREIN vape > SEREIN HUNTER 6000",http://aussievapes.com.au/wp-content/uploads/2026/01/serein-hunter-6000-puffs-kiwifruit-pineapple-vape-warehouse.jpg,,"Brands > SEREIN vape",,1,893,,https://vapewarehouseaustralia.com/product/serein-hunter-6000-puffs-kiwifruit-pineapple/,vapewarehouseaustralia.com,1767813440,default,74,{},"SEREIN HUNTER 6000 Puffs Kiwifruit Pineapple",172
7474,,"SEREIN HUNTER 6000 Puffs Mint Ice",,,"SEREIN vape > SEREIN HUNTER 6000",http://aussievapes.com.au/wp-content/uploads/2026/01/serein-hunter-6000-puffs-mint-ice-vape-warehouse.jpg,,"Brands > SEREIN vape",,1,892,,https://vapewarehouseaustralia.com/product/serein-hunter-6000-puffs-mint-ice/,vapewarehouseaustralia.com,1767813443,default,78,{},"SEREIN HUNTER 6000 Puffs Mint Ice",172
7476,,"SEREIN HUNTER 6000 Puffs Passionfruit",,,"SEREIN vape > SEREIN HUNTER 6000",http://aussievapes.com.au/wp-content/uploads/2026/01/serein-hunter-6000-puffs-passionfruit-kiwi-guava-vape-warehouse.jpg,,"Brands > SEREIN vape",,1,891,,https://vapewarehouseaustralia.com/product/serein-hunter-6000-puffs-passionfruit-kiwi-guava/,vapewarehouseaustralia.com,1769695281,default,78,{},"SEREIN HUNTER 6000 Puffs Passionfruit",172
7478,,"SEREIN HUNTER 6000 Puffs Strawberry Kiwifruit",,,"SEREIN vape > SEREIN HUNTER 6000",http://aussievapes.com.au/wp-content/uploads/2026/01/serein-hunter-6000-puffs-strawberry-kiwifruit-vape-warehouse.jpg,,"Brands > SEREIN vape",,1,890,,https://vapewarehouseaustralia.com/product/serein-hunter-6000-puffs-strawberry-kiwifruit/,vapewarehouseaustralia.com,1767813453,default,74,{},"SEREIN HUNTER 6000 Puffs Strawberry Kiwifruit",172
7480,,"SEREIN HUNTER 6000 Puffs Strawberry Watermelon",,,"SEREIN vape > SEREIN HUNTER 6000",http://aussievapes.com.au/wp-content/uploads/2026/01/serein-hunter-6000-puffs-strawberry-watermelon-vape-warehouse.jpg,,"Brands > SEREIN vape",,1,889,,https://vapewarehouseaustralia.com/product/serein-hunter-6000-puffs-strawberry-watermelon/,vapewarehouseaustralia.com,1767813456,default,74,{},"SEREIN HUNTER 6000 Puffs Strawberry Watermelon",172
7482,,"SEREIN HUNTER 6000 Puffs Tropical Mango",,,"SEREIN vape > SEREIN HUNTER 6000",http://aussievapes.com.au/wp-content/uploads/2026/01/serein-hunter-6000-puffs-tropical-mango-vape-warehouse.jpg,,"Brands > SEREIN vape",,1,888,,https://vapewarehouseaustralia.com/product/serein-hunter-6000-puffs-tropical-mango/,vapewarehouseaustralia.com,1769693421,default,74,{},"SEREIN HUNTER 6000 Puffs Tropical Mango",172
7484,,"SEREIN HUNTER 6000 Puffs Watermelon",,,"SEREIN vape > SEREIN HUNTER 6000",http://aussievapes.com.au/wp-content/uploads/2026/01/serein-hunter-6000-puffs-watermelon-vape-warehouse.jpg,,"Brands > SEREIN vape",,1,887,,https://vapewarehouseaustralia.com/product/serein-hunter-6000-puffs-watermelon/,vapewarehouseaustralia.com,1767813465,default,78,{},"SEREIN HUNTER 6000 Puffs Watermelon",172
7486,,"PYRO 6000 Puffs - Pack 10 items",,,"PYRO vape > PYRO 6000",http://aussievapes.com.au/wp-content/uploads/2026/01/pyro-6000-puffs-pack-10-items-vape-warehouse.jpg,,"Brands > PYRO vape",,1,886,,https://vapewarehouseaustralia.com/product/pyro-6000-puffs-pack-10-items/,vapewarehouseaustralia.com,1778363334,default,78,{},"PYRO 6000 Puffs - Pack 10 items",176
7488,,"PYRO 6000 Puffs - Pack 2 items",,,"PYRO vape > PYRO 6000",http://aussievapes.com.au/wp-content/uploads/2026/01/pyro-6000-puffs-pack-2-items-vape-warehouse.jpg,,"Brands > PYRO vape",,1,885,,https://vapewarehouseaustralia.com/product/pyro-6000-puffs-pack-2-items/,vapewarehouseaustralia.com,1769684370,default,78,{},"PYRO 6000 Puffs - Pack 2 items",176
7490,,"PYRO 6000 Puffs - Pack 5 items",,,"PYRO vape > PYRO 6000",http://aussievapes.com.au/wp-content/uploads/2026/01/pyro-6000-puffs-pack-5-items-vape-warehouse.jpg,,"Brands > PYRO vape",,1,884,,https://vapewarehouseaustralia.com/product/pyro-6000-puffs-pack-5-items/,vapewarehouseaustralia.com,1767813575,default,78,{},"PYRO 6000 Puffs - Pack 5 items",176
7492,,"PYRO 6000 Puffs Cherry Cola",,,"PYRO vape > PYRO 6000",http://aussievapes.com.au/wp-content/uploads/2026/01/pyro-6000-puffs-cherry-cola-vape-warehouse.jpg,,"Brands > PYRO vape",,1,883,,https://vapewarehouseaustralia.com/product/pyro-6000-puffs-cherry-cola/,vapewarehouseaustralia.com,1767813578,default,80,{},"PYRO 6000 Puffs Cherry Cola",176
7494,,"PYRO 6000 Puffs Cool Mint",,,"PYRO vape > PYRO 6000",http://aussievapes.com.au/wp-content/uploads/2026/01/pyro-6000-puffs-cool-mint-vape-warehouse.jpg,,"Brands > PYRO vape",,1,882,,https://vapewarehouseaustralia.com/product/pyro-6000-puffs-cool-mint/,vapewarehouseaustralia.com,1767813584,default,86,{},"PYRO 6000 Puffs Cool Mint",176
7496,,"PYRO 6000 Puffs Double Apple",,,"PYRO vape > PYRO 6000",http://aussievapes.com.au/wp-content/uploads/2026/01/pyro-6000-puffs-double-apple-vape-warehouse.jpg,,"Brands > PYRO vape",,1,881,,https://vapewarehouseaustralia.com/product/pyro-6000-puffs-double-apple/,vapewarehouseaustralia.com,1769697981,default,86,{},"PYRO 6000 Puffs Double Apple",176
7498,,"PYRO 6000 Puffs Ice Blueberry",,,"PYRO vape > PYRO 6000",http://aussievapes.com.au/wp-content/uploads/2026/01/pyro-6000-puffs-ice-blueberry-vape-warehouse.jpg,,"Brands > PYRO vape",,1,880,,https://vapewarehouseaustralia.com/product/pyro-6000-puffs-ice-blueberry/,vapewarehouseaustralia.com,1767813595,default,85,{},"PYRO 6000 Puffs Ice Blueberry",176
7500,,"PYRO 6000 Puffs Pineapple Tangerine",,,"PYRO vape > PYRO 6000",http://aussievapes.com.au/wp-content/uploads/2026/01/pyro-6000-puffs-pineapple-tangerine-vape-warehouse.jpg,,"Brands > PYRO vape",,1,879,,https://vapewarehouseaustralia.com/product/pyro-6000-puffs-pineapple-tangerine/,vapewarehouseaustralia.com,1778355774,default,85,{},"PYRO 6000 Puffs Pineapple Tangerine",176
7502,,"PYRO 6000 Puffs Pop Soda",,,"PYRO vape > PYRO 6000",http://aussievapes.com.au/wp-content/uploads/2026/01/pyro-6000-puffs-pop-soda-vape-warehouse.jpg,,"Brands > PYRO vape",,1,878,,https://vapewarehouseaustralia.com/product/pyro-6000-puffs-pop-soda/,vapewarehouseaustralia.com,1767813602,default,85,{},"PYRO 6000 Puffs Pop Soda",176
7504,,"VapSolo VIKING 12000 Puffs - Pack 10 items",,,"Vapsolo vape > VapSolo VIKING 12000",http://aussievapes.com.au/wp-content/uploads/2026/01/vapsolo-viking-12000-puffs-pack-10-items-vape-warehouse.jpg,,"Brands > VAPSOLO vape",,1,877,,https://vapewarehouseaustralia.com/product/vapsolo-viking-12000-puffs-pack-10-items/,vapewarehouseaustralia.com,1767813672,default,74,{},"VapSolo VIKING 12000 Puffs - Pack 10 items",178
7506,,"VapSolo VIKING 12000 Puffs - Pack 5 items",,,"Vapsolo vape > VapSolo VIKING 12000",http://aussievapes.com.au/wp-content/uploads/2026/01/vapsolo-viking-12000-puffs-pack-5-items-vape-warehouse.jpg,,"Brands > VAPSOLO vape",,1,876,,https://vapewarehouseaustralia.com/product/vapsolo-viking-12000-puffs-pack-5-items/,vapewarehouseaustralia.com,1768274170,default,74,{},"VapSolo VIKING 12000 Puffs - Pack 5 items",178
7508,,"VapSolo VIKING 12000 Puffs - Pack 2 items | VAPE WAREHOUSE",,,"Vapsolo vape > VapSolo VIKING 12000",http://aussievapes.com.au/wp-content/uploads/2026/01/vapsolo-viking-12000-puffs-pack-2-items-vape-warehouse.jpg,,,,1,875,,https://vapewarehouseaustralia.com/product/vapsolo-viking-12000-puffs-pack-2-items/,vapewarehouseaustralia.com,1767813674,,,,,
7510,,"VapSolo VIKING 12000 Puffs Blueberry Cherry Cranberry | VAPE WAREHOUSE",,,"Vapsolo vape > VapSolo VIKING 12000",http://aussievapes.com.au/wp-content/uploads/2026/01/vapsolo-viking-12000-puffs-blueberry-cherry-cranberry-vape-warehouse.jpg,,,,1,874,,https://vapewarehouseaustralia.com/product/vapsolo-viking-12000-puffs-blueberry-cherry-cranberry/,vapewarehouseaustralia.com,1769688608,,,,,
7512,,"VapSolo VIKING 12000 Puffs Blueberry Ice",,,"Vapsolo vape > VapSolo VIKING 12000",http://aussievapes.com.au/wp-content/uploads/2026/01/vapsolo-viking-12000-puffs-blueberry-ice-vape-warehouse.jpg,,"Brands > VAPSOLO vape",,1,873,,https://vapewarehouseaustralia.com/product/vapsolo-viking-12000-puffs-blueberry-ice/,vapewarehouseaustralia.com,1767813679,default,75,{},"VapSolo VIKING 12000 Puffs Blueberry Ice",178
7514,,"VapSolo VIKING 12000 Puffs Strawberry Kiwi",,,"Vapsolo vape > VapSolo VIKING 12000",http://aussievapes.com.au/wp-content/uploads/2026/01/vapsolo-viking-12000-puffs-strawberry-kiwi-vape-warehouse.jpg,,"Brands > VAPSOLO vape",,1,872,,https://vapewarehouseaustralia.com/product/vapsolo-viking-12000-puffs-strawberry-kiwi/,vapewarehouseaustralia.com,1767813684,default,80,{},"VapSolo VIKING 12000 Puffs Strawberry Kiwi",178
7516,,"VapSolo VIKING 12000 Puffs Blueberry Raspberry",,,"Vapsolo vape > VapSolo VIKING 12000",http://aussievapes.com.au/wp-content/uploads/2026/01/vapsolo-viking-12000-puffs-blueberry-raspberry-vape-warehouse.jpg,,"Brands > VAPSOLO vape",,1,871,,https://vapewarehouseaustralia.com/product/vapsolo-viking-12000-puffs-blueberry-raspberry/,vapewarehouseaustralia.com,1769650984,default,80,{},"VapSolo VIKING 12000 Puffs Blueberry Raspberry",178
7518,,"VapSolo VIKING 12000 Puffs Gummy Bear",,,"Vapsolo vape > VapSolo VIKING 12000",http://aussievapes.com.au/wp-content/uploads/2026/01/vapsolo-viking-12000-puffs-gummy-bear-vape-warehouse.jpg,,"Brands > VAPSOLO vape",,1,870,,https://vapewarehouseaustralia.com/product/vapsolo-viking-12000-puffs-gummy-bear/,vapewarehouseaustralia.com,1769600136,default,80,{},"VapSolo VIKING 12000 Puffs Gummy Bear",178
7520,,"VapSolo VIKING 12000 Puffs Strawberry Banana",,,"Vapsolo vape > VapSolo VIKING 12000",http://aussievapes.com.au/wp-content/uploads/2026/01/vapsolo-viking-12000-puffs-strawberry-banana-vape-warehouse.jpg,,"Brands > VAPSOLO vape",,1,869,,https://vapewarehouseaustralia.com/product/vapsolo-viking-12000-puffs-strawberry-banana/,vapewarehouseaustralia.com,1767813695,default,80,{},"VapSolo VIKING 12000 Puffs Strawberry Banana",178
7522,,"VapSolo VIKING 12000 Puffs Strawberry Raspberry Ice",,,"Vapsolo vape > VapSolo VIKING 12000",http://aussievapes.com.au/wp-content/uploads/2026/01/vapsolo-viking-12000-puffs-strawberry-raspberry-ice-vape-warehouse.jpg,,"Brands > VAPSOLO vape",,1,868,,https://vapewarehouseaustralia.com/product/vapsolo-viking-12000-puffs-strawberry-raspberry-ice/,vapewarehouseaustralia.com,1767813704,default,80,{},"VapSolo VIKING 12000 Puffs Strawberry Raspberry Ice",178
7524,,"VapSolo VIKING 12000 Puffs Strawberry Watermelon",,,"Vapsolo vape > VapSolo VIKING 12000",http://aussievapes.com.au/wp-content/uploads/2026/01/vapsolo-viking-12000-puffs-strawberry-watermelon-vape-warehouse.jpg,,"Brands > VAPSOLO vape",,1,867,,https://vapewarehouseaustralia.com/product/vapsolo-viking-12000-puffs-strawberry-watermelon/,vapewarehouseaustralia.com,1767813709,default,80,{},"VapSolo VIKING 12000 Puffs Strawberry Watermelon",178
7526,,"VapSolo VIKING 12000 Puffs Summer Dream",,,"Vapsolo vape > VapSolo VIKING 12000",http://aussievapes.com.au/wp-content/uploads/2026/01/vapsolo-viking-12000-puffs-summer-dream-vape-warehouse.jpg,,"Brands > VAPSOLO vape",,1,866,,https://vapewarehouseaustralia.com/product/vapsolo-viking-12000-puffs-summer-dream/,vapewarehouseaustralia.com,1767813716,default,80,{},"VapSolo VIKING 12000 Puffs Summer Dream",178
7528,,"GROO Slim 9000 Puffs Blueberry Ice",,,"groo vape > GROO Slim 9000",http://aussievapes.com.au/wp-content/uploads/2026/01/groo-slim-9000-puffs-blueberry-ice-vape-warehouse-e1767943865737.jpg,,"Brands > groo vape",,1,864,,https://vapewarehouseaustralia.com/product/groo-slim-9000-puffs-blueberry-ice/,vapewarehouseaustralia.com,1767813764,default,78,{},"GROO Slim 9000 Puffs Blueberry Ice",164
7530,,"GROO Slim 9000 Puffs Blackberry Raspberry",,,"groo vape > GROO Slim 9000",http://aussievapes.com.au/wp-content/uploads/2026/01/groo-slim-9000-puffs-blackberry-raspberry-vape-warehouse.jpg,,"Brands > groo vape",,1,865,,https://vapewarehouseaustralia.com/product/groo-slim-9000-puffs-blackberry-raspberry/,vapewarehouseaustralia.com,1767813765,default,74,{},"GROO Slim 9000 Puffs Blackberry Raspberry",164
7532,,"GROO Slim 9000 Puffs Cherry Pomegranate",,,"groo vape > GROO Slim 9000",http://aussievapes.com.au/wp-content/uploads/2026/01/groo-slim-9000-puffs-cherry-pomegranate-vape-warehouse-e1767943812614.jpg,,"Brands > groo vape",,1,863,,https://vapewarehouseaustralia.com/product/groo-slim-9000-puffs-cherry-pomegranate/,vapewarehouseaustralia.com,1767813767,default,74,{},"GROO Slim 9000 Puffs Cherry Pomegranate",164
7534,,"GROO Slim 9000 Puffs Double Apple",,,"groo vape > GROO Slim 9000",http://aussievapes.com.au/wp-content/uploads/2026/01/groo-slim-9000-puffs-double-apple-vape-warehouse-e1767943756930.jpg,,"Brands > groo vape",,1,862,,https://vapewarehouseaustralia.com/product/groo-slim-9000-puffs-double-apple/,vapewarehouseaustralia.com,1767813771,default,79,{},"GROO Slim 9000 Puffs Double Apple",164
7536,,"GROO Slim 9000 Puffs Mango Grape",,,"groo vape > GROO Slim 9000",http://aussievapes.com.au/wp-content/uploads/2026/01/groo-slim-9000-puffs-mango-grape-vape-warehouse-e1767943695643.jpg,,"Brands > groo vape",,1,861,,https://vapewarehouseaustralia.com/product/groo-slim-9000-puffs-mango-grape/,vapewarehouseaustralia.com,1767813775,default,78,{},"GROO Slim 9000 Puffs Mango Grape",164
7538,,"GROO Slim 9000 Puffs Mentos Mint",,,"groo vape > GROO Slim 9000",http://aussievapes.com.au/wp-content/uploads/2026/01/groo-slim-9000-puffs-mentos-mint-vape-warehouse-e1767943580879.jpg,,"Brands > groo vape",,1,860,,https://vapewarehouseaustralia.com/product/groo-slim-9000-puffs-mentos-mint/,vapewarehouseaustralia.com,1767813780,default,78,{},"GROO Slim 9000 Puffs Mentos Mint",164
7540,,"GROO Slim 9000 Puffs Skittles",,,"groo vape > GROO Slim 9000",http://aussievapes.com.au/wp-content/uploads/2026/01/groo-slim-9000-puffs-skittles-vape-warehouse-e1767943527142.jpg,,"Brands > groo vape",,1,859,,https://vapewarehouseaustralia.com/product/groo-slim-9000-puffs-skittles/,vapewarehouseaustralia.com,1767813784,default,78,{},"GROO Slim 9000 Puffs Skittles",164
7542,,"GROO Slim 9000 Puffs Strawberry Kiwi",,,"groo vape > GROO Slim 9000",http://aussievapes.com.au/wp-content/uploads/2026/01/groo-slim-9000-puffs-strawberry-kiwi-vape-warehouse-e1767943465779.jpg,,"Brands > groo vape",,1,858,,https://vapewarehouseaustralia.com/product/groo-slim-9000-puffs-strawberry-kiwi/,vapewarehouseaustralia.com,1767813789,default,78,{},"GROO Slim 9000 Puffs Strawberry Kiwi",164
7544,,"GROO Slim 9000 Puffs Watermelon Ice",,,"groo vape > GROO Slim 9000",http://aussievapes.com.au/wp-content/uploads/2026/01/groo-slim-9000-puffs-watermelon-ice-vape-warehouse-e1767943404783.jpg,,"Brands > groo vape",,1,857,,https://vapewarehouseaustralia.com/product/groo-slim-9000-puffs-watermelon-ice/,vapewarehouseaustralia.com,1767813793,default,78,{},"GROO Slim 9000 Puffs Watermelon Ice",164
7546,,"GROO Slim 9000 Puffs Watermelon Strawberry",,,"groo vape > GROO Slim 9000",http://aussievapes.com.au/wp-content/uploads/2026/01/groo-slim-9000-puffs-watermelon-strawberry-vape-warehouse-e1767943342862.jpg,,"Brands > groo vape",,1,856,,https://vapewarehouseaustralia.com/product/groo-slim-9000-puffs-watermelon-strawberry/,vapewarehouseaustralia.com,1767813796,default,74,{},"GROO Slim 9000 Puffs Watermelon Strawberry",164
7550,,"FISCO MIX BAR 12000 Puffs Aloe Grape",,,"fisco vape > FISCO MIX BAR 12000",http://aussievapes.com.au/wp-content/uploads/2026/01/fisco-mix-bar-12000-puffs-aloe-grape-vape-warehouse-e1767937841719.jpg,,"Brands > fisco vape",,1,853,,https://vapewarehouseaustralia.com/product/fisco-mix-bar-12000-puffs-aloe-grape/,vapewarehouseaustralia.com,1767813866,default,78,{},"FISCO MIX BAR 12000 Puffs Aloe Grape",162
7551,,"FISCO MIX BAR 12000 Puffs Blackberry Ice",,,"fisco vape > FISCO MIX BAR 12000",http://aussievapes.com.au/wp-content/uploads/2026/01/fisco-mix-bar-12000-puffs-blackberry-ice-vape-warehouse-e1767937896777.jpg,,"Brands > fisco vape",,1,854,,https://vapewarehouseaustralia.com/product/fisco-mix-bar-12000-puffs-blackberry-ice/,vapewarehouseaustralia.com,1767813866,default,74,{},"FISCO MIX BAR 12000 Puffs Blackberry Ice",162
7552,,"FISCO MIX BAR 12000 Puffs Blackberry Pomegranate Cherry Ice",,,"fisco vape > FISCO MIX BAR 12000",http://aussievapes.com.au/wp-content/uploads/2026/01/fisco-mix-bar-12000-puffs-blackberry-pomegranate-cherry-ice-vape-warehouse-e1767937957559.jpg,,"Brands > fisco vape",,1,855,,https://vapewarehouseaustralia.com/product/fisco-mix-bar-12000-puffs-blackberry-pomegranate-cherry-ice/,vapewarehouseaustralia.com,1767813867,default,74,{},"FISCO MIX BAR 12000 Puffs Blackberry Pomegranate Cherry Ice",162
7554,,"FISCO MIX BAR 12000 Puffs Blue Razz",,,"fisco vape > FISCO MIX BAR 12000",http://aussievapes.com.au/wp-content/uploads/2026/01/fisco-mix-bar-12000-puffs-blue-razz-vape-warehouse-e1767937790169.jpg,,"Brands > fisco vape",,1,852,,https://vapewarehouseaustralia.com/product/fisco-mix-bar-12000-puffs-blue-razz/,vapewarehouseaustralia.com,1767813870,default,78,{},"FISCO MIX BAR 12000 Puffs Blue Razz",162
7556,,"FISCO MIX BAR 12000 Puffs Cherry Pomegranate",,,"fisco vape > FISCO MIX BAR 12000",http://aussievapes.com.au/wp-content/uploads/2026/01/fisco-mix-bar-12000-puffs-cherry-pomegranate-vape-warehouse-e1767937750394.jpg,,"Brands > fisco vape",,1,851,,https://vapewarehouseaustralia.com/product/fisco-mix-bar-12000-puffs-cherry-pomegranate/,vapewarehouseaustralia.com,1769751355,default,74,{},"FISCO MIX BAR 12000 Puffs Cherry Pomegranate",162
7558,,"FISCO MIX BAR 12000 Puffs Cool Mint",,,"fisco vape > FISCO MIX BAR 12000",http://aussievapes.com.au/wp-content/uploads/2026/01/fisco-mix-bar-12000-puffs-cool-mint-vape-warehouse-e1767937692208.jpg,,"Brands > fisco vape",,1,850,,https://vapewarehouseaustralia.com/product/fisco-mix-bar-12000-puffs-cool-mint/,vapewarehouseaustralia.com,1767813880,default,79,{},"FISCO MIX BAR 12000 Puffs Cool Mint",162
7560,,"FISCO MIX BAR 12000 Puffs Mango Shisha",,,"fisco vape > FISCO MIX BAR 12000",http://aussievapes.com.au/wp-content/uploads/2026/01/fisco-mix-bar-12000-puffs-mango-shisha-vape-warehouse-e1767937639320.jpg,,"Brands > fisco vape",,1,849,,https://vapewarehouseaustralia.com/product/fisco-mix-bar-12000-puffs-mango-shisha/,vapewarehouseaustralia.com,1767813887,default,68,{},"FISCO MIX BAR 12000 Puffs Mango Shisha",162
7562,,"FISCO MIX BAR 12000 Puffs Orange Soda",,,"fisco vape > FISCO MIX BAR 12000",http://aussievapes.com.au/wp-content/uploads/2026/01/fisco-mix-bar-12000-puffs-orange-soda-vape-warehouse-e1767937593746.jpg,,"Brands > fisco vape",,1,848,,https://vapewarehouseaustralia.com/product/fisco-mix-bar-12000-puffs-orange-soda/,vapewarehouseaustralia.com,1767813892,default,78,{},"FISCO MIX BAR 12000 Puffs Orange Soda",162
7564,,"FISCO MIX BAR 12000 Puffs Pineapple Coconut",,,"fisco vape > FISCO MIX BAR 12000",http://aussievapes.com.au/wp-content/uploads/2026/01/fisco-mix-bar-12000-puffs-pineapple-coconut-vape-warehouse-e1767937541854.jpg,,"Brands > fisco vape",,1,847,,https://vapewarehouseaustralia.com/product/fisco-mix-bar-12000-puffs-pineapple-coconut/,vapewarehouseaustralia.com,1769678318,default,74,{},"FISCO MIX BAR 12000 Puffs Pineapple Coconut",162
7566,,"FISCO MIX BAR 12000 Puffs Strawberry Kiwi",,,"fisco vape > FISCO MIX BAR 12000",http://aussievapes.com.au/wp-content/uploads/2026/01/fisco-mix-bar-12000-puffs-strawberry-kiwi-vape-warehouse-e1767937486177.jpg,,"Brands > fisco vape",,1,846,,https://vapewarehouseaustralia.com/product/fisco-mix-bar-12000-puffs-strawberry-kiwi/,vapewarehouseaustralia.com,1767813904,default,74,{},"FISCO MIX BAR 12000 Puffs Strawberry Kiwi",162
7568,,"FISCO MIX BAR 12000 Puffs Strawberry Watermelon",,,"fisco vape > FISCO MIX BAR 12000",http://aussievapes.com.au/wp-content/uploads/2026/01/fisco-mix-bar-12000-puffs-strawberry-watermelon-vape-warehouse-e1767937395592.jpg,,"Brands > fisco vape",,1,845,,https://vapewarehouseaustralia.com/product/fisco-mix-bar-12000-puffs-strawberry-watermelon/,vapewarehouseaustralia.com,1767813910,default,74,{},"FISCO MIX BAR 12000 Puffs Strawberry Watermelon",162
7572,,"Kuz LUX 9000 Puffs 5-Pack Bundle",,,"Kuz vape > Kuz LUX 9000",http://aussievapes.com.au/wp-content/uploads/2026/01/kuz-lux-9000-puffs-5-pack-bundle-vape-warehouse.jpg,,"Brands > Kuz vape",,1,842,,https://vapewarehouseaustralia.com/product/kuz-lux-9000-puffs-5-pack-bundle/,vapewarehouseaustralia.com,1767814031,default,78,{},"Kuz LUX 9000 Puffs 5-Pack Bundle",168
7573,,"Kuz LUX 9000 Puffs 2-Pack Bundle",,,"Kuz vape > Kuz LUX 9000",http://aussievapes.com.au/wp-content/uploads/2026/01/kuz-lux-9000-puffs-2-pack-bundle-vape-warehouse.jpg,,"Brands > Kuz vape",,1,843,,https://vapewarehouseaustralia.com/product/kuz-lux-9000-puffs-2-pack-bundle/,vapewarehouseaustralia.com,1767814031,default,78,{},"Kuz LUX 9000 Puffs 2-Pack Bundle",168
7574,,"Kuz LUX 9000 Puffs 10-Pack Bundle",,,"Kuz vape > Kuz LUX 9000",http://aussievapes.com.au/wp-content/uploads/2026/01/kuz-lux-9000-puffs-10-pack-bundle-vape-warehouse.jpg,,"Brands > Kuz vape",,1,844,,https://vapewarehouseaustralia.com/product/kuz-lux-9000-puffs-10-pack-bundle/,vapewarehouseaustralia.com,1769703305,default,78,{},"Kuz LUX 9000 Puffs 10-Pack Bundle",168
7607,,"Kuz Flow 25000 Puffs Juicy Peach",,,"Kuz vape > Kuz FLOW 25000",http://aussievapes.com.au/wp-content/uploads/2026/01/kuz-flow-25000-puffs-juicy-peach-vape-warehouse.jpg,,"Brands > Kuz vape",,1,840,,https://vapewarehouseaustralia.com/product/kuz-flow-25000-puffs-juicy-peach/,vapewarehouseaustralia.com,1767814121,default,78,{},"Kuz Flow 25000 Puffs Juicy Peach",168
7608,,"Kuz Flow 25000 Puffs Blue Raz Slushie",,,"Kuz vape > Kuz FLOW 25000",http://aussievapes.com.au/wp-content/uploads/2026/01/kuz-flow-25000-puffs-blue-raz-slushie-vape-warehouse.jpg,,"Brands > Kuz vape",,1,841,,https://vapewarehouseaustralia.com/product/kuz-flow-25000-puffs-blue-raz-slushie/,vapewarehouseaustralia.com,1767814121,default,78,{},"Kuz Flow 25000 Puffs Blue Raz Slushie",168
7610,,"Kuz Flow 25000 Puffs Mango Slushie",,,"Kuz vape > Kuz FLOW 25000",http://aussievapes.com.au/wp-content/uploads/2026/01/kuz-flow-25000-puffs-mango-slushie-vape-warehouse.jpg,,"Brands > Kuz vape",,1,839,,https://vapewarehouseaustralia.com/product/kuz-flow-25000-puffs-mango-slushie/,vapewarehouseaustralia.com,1767814123,default,78,{},"Kuz Flow 25000 Puffs Mango Slushie",168
7612,,"Kuz Flow 25000 Puffs Miami Mint",,,"Kuz vape > Kuz FLOW 25000",http://aussievapes.com.au/wp-content/uploads/2026/01/kuz-flow-25000-puffs-miami-mint-vape-warehouse.jpg,,"Brands > Kuz vape",,1,838,,https://vapewarehouseaustralia.com/product/kuz-flow-25000-puffs-miami-mint/,vapewarehouseaustralia.com,1767814125,default,78,{},"Kuz Flow 25000 Puffs Miami Mint",168
7614,,"Kuz Flow 25000 Puffs Naked",,,"Kuz vape > Kuz FLOW 25000",http://aussievapes.com.au/wp-content/uploads/2026/01/kuz-flow-25000-puffs-naked-vape-warehouse.jpg,,"Brands > Kuz vape",,1,837,,https://vapewarehouseaustralia.com/product/kuz-flow-25000-puffs-naked/,vapewarehouseaustralia.com,1767814128,default,79,{},"Kuz Flow 25000 Puffs Naked",168
7616,,"Kuz Flow 25000 Puffs Napa Grape",,,"Kuz vape > Kuz FLOW 25000",http://aussievapes.com.au/wp-content/uploads/2026/01/kuz-flow-25000-puffs-napa-grape-vape-warehouse.jpg,,"Brands > Kuz vape",,1,836,,https://vapewarehouseaustralia.com/product/kuz-flow-25000-puffs-napa-grape/,vapewarehouseaustralia.com,1767814135,default,78,{},"Kuz Flow 25000 Puffs Napa Grape",168
7618,,"Kuz Flow 25000 Puffs Rainbow Drop",,,"Kuz vape > Kuz FLOW 25000",http://aussievapes.com.au/wp-content/uploads/2026/01/kuz-flow-25000-puffs-rainbow-drop-vape-warehouse.jpg,,"Brands > Kuz vape",,1,835,,https://vapewarehouseaustralia.com/product/kuz-flow-25000-puffs-rainbow-drop/,vapewarehouseaustralia.com,1769683675,default,78,{},"Kuz Flow 25000 Puffs Rainbow Drop",168
7620,,"Kuz Flow 25000 Puffs Sex on the Beach",,,"Kuz vape > Kuz FLOW 25000",http://aussievapes.com.au/wp-content/uploads/2026/01/kuz-flow-25000-puffs-sex-on-the-beach-vape-warehouse.jpg,,"Brands > Kuz vape",,1,834,,https://vapewarehouseaustralia.com/product/kuz-flow-25000-puffs-sex-on-the-beach/,vapewarehouseaustralia.com,1767814144,default,79,{},"Kuz Flow 25000 Puffs Sex on the Beach",168
7622,,"Kuz Flow 25000 Puffs Strawberry Watermelon",,,"Kuz vape > Kuz FLOW 25000",http://aussievapes.com.au/wp-content/uploads/2026/01/kuz-flow-25000-puffs-strawberry-watermelon-vape-warehouse.jpg,,"Brands > Kuz vape",,1,833,,https://vapewarehouseaustralia.com/product/kuz-flow-25000-puffs-strawberry-watermelon/,vapewarehouseaustralia.com,1767814147,default,74,{},"Kuz Flow 25000 Puffs Strawberry Watermelon",168
7624,,"Kuz Flow 25000 Puffs Super Berry",,,"Kuz vape > Kuz FLOW 25000",http://aussievapes.com.au/wp-content/uploads/2026/01/kuz-flow-25000-puffs-super-berry-vape-warehouse.jpg,,"Brands > Kuz vape",,1,832,,https://vapewarehouseaustralia.com/product/kuz-flow-25000-puffs-super-berry/,vapewarehouseaustralia.com,1767814152,default,77,{},"Kuz Flow 25000 Puffs Super Berry",168
7627,,"HQD Cuvie Slick 20000 Puffs Blackberry Ice",,,"HQD vape > HQD Cuvie Slick 20000",http://aussievapes.com.au/wp-content/uploads/2026/01/hqd-cuvie-slick-20000-puffs-blackberry-ice-vape-warehouse.jpg,,"Brands > HQD vape",,1,830,,https://vapewarehouseaustralia.com/product/hqd-cuvie-slick-20000-puffs-blackberry-icehqd-wapor-pro-20000-puffs-blackberry-ice/,vapewarehouseaustralia.com,1767814264,default,74,{},"HQD Cuvie Slick 20000 Puffs Blackberry Ice",157
7628,,"HQD Cuvie Slick 20000 Puffs Banana Ice",,,"HQD vape > HQD Cuvie Slick 20000",http://aussievapes.com.au/wp-content/uploads/2026/01/hqd-cuvie-slick-20000-puffs-banana-ice-vape-warehouse.jpg,,"Brands > HQD vape",,1,831,,https://vapewarehouseaustralia.com/product/hqd-cuvie-slick-20000-puffs-banana-ice/,vapewarehouseaustralia.com,1778342550,default,74,{},"HQD Cuvie Slick 20000 Puffs Banana Ice",157
7630,,"HQD Cuvie Slick 20000 Puffs Apple Grape",,,"HQD vape > HQD Cuvie Slick 20000",http://aussievapes.com.au/wp-content/uploads/2026/01/hqd-cuvie-slick-20000-puffs-apple-grape-vape-warehouse.jpg,,"Brands > HQD vape",,1,829,,https://vapewarehouseaustralia.com/product/hqd-cuvie-slick-20000-puffs-apple-grape/,vapewarehouseaustralia.com,1767814266,default,74,{},"HQD Cuvie Slick 20000 Puffs Apple Grape",157
7633,,"HQD Cuvie Slick 20000 Puffs Blackcurrant Grape",,,"HQD vape > HQD Cuvie Slick 20000",http://aussievapes.com.au/wp-content/uploads/2026/01/hqd-cuvie-slick-20000-puffs-blackcurrant-grape-vape-warehouse.jpg,,"Brands > HQD vape",,1,828,,https://vapewarehouseaustralia.com/product/hqd-cuvie-slick-20000-puffs-blackcurrant-grape/,vapewarehouseaustralia.com,1767814268,default,65,{},"HQD Cuvie Slick 20000 Puffs Blackcurrant Grape",157
7634,,"HQD Cuvie Slick 20000 Puffs Blueberry Raspberry",,,"HQD vape > HQD Cuvie Slick 20000",http://aussievapes.com.au/wp-content/uploads/2026/01/hqd-cuvie-slick-20000-puffs-blueberry-raspberry-vape-warehouse.jpg,,,,1,827,,https://vapewarehouseaustralia.com/product/hqd-cuvie-slick-20000-puffs-blueberry-raspberry/,vapewarehouseaustralia.com,1767814268,default,74,{},"HQD Cuvie Slick 20000 Puffs Blueberry Raspberry",
7636,,"HQD Cuvie Slick 20000 Puffs Blueberry Raspberry Grape",,,"HQD vape > HQD Cuvie Slick 20000",http://aussievapes.com.au/wp-content/uploads/2026/01/hqd-cuvie-slick-20000-puffs-blueberry-raspberry-grape-vape-warehouse.jpg,,"Brands > HQD vape",,1,826,,https://vapewarehouseaustralia.com/product/hqd-cuvie-slick-20000-puffs-blueberry-raspberry-grape/,vapewarehouseaustralia.com,1767814270,default,74,{},"HQD Cuvie Slick 20000 Puffs Blueberry Raspberry Grape",157
7638,,"HQD Cuvie Slick 20000 Puffs Cherry Pomegranate",,,"HQD vape > HQD Cuvie Slick 20000",http://aussievapes.com.au/wp-content/uploads/2026/01/hqd-cuvie-slick-20000-puffs-cherry-pomegranate-vape-warehouse.jpg,,"Brands > HQD vape",,1,825,,https://vapewarehouseaustralia.com/product/hqd-cuvie-slick-20000-puffs-cherry-pomegranate/,vapewarehouseaustralia.com,1767814271,default,74,{},"HQD Cuvie Slick 20000 Puffs Cherry Pomegranate",157
7640,,"HQD Cuvie Slick 20000 Puffs Doube Apple",,,"HQD vape > HQD Cuvie Slick 20000",http://aussievapes.com.au/wp-content/uploads/2026/01/hqd-cuvie-slick-20000-puffs-doube-apple-vape-warehouse.jpg,,"Brands > HQD vape",,1,824,,https://vapewarehouseaustralia.com/product/hqd-cuvie-slick-20000-puffs-doube-apple/,vapewarehouseaustralia.com,1769682022,default,74,{},"HQD Cuvie Slick 20000 Puffs Doube Apple",157
7643,,"HQD Cuvie Slick 20000 Puffs Grape Ice",,,"HQD vape > HQD Cuvie Slick 20000",http://aussievapes.com.au/wp-content/uploads/2026/01/hqd-cuvie-slick-20000-puffs-grape-ice-vape-warehouse.jpg,,"Brands > HQD vape",,1,822,,https://vapewarehouseaustralia.com/product/hqd-cuvie-slick-20000-puffs-grape-ice/,vapewarehouseaustralia.com,1767814274,default,78,{},"HQD Cuvie Slick 20000 Puffs Grape Ice",157
7644,,"HQD Cuvie Slick 20000 Puffs Ice Mint",,,"HQD vape > HQD Cuvie Slick 20000",http://aussievapes.com.au/wp-content/uploads/2026/01/hqd-cuvie-slick-20000-puffs-ice-mint-vape-warehouse.jpg,,"Brands > HQD vape",,1,823,,https://vapewarehouseaustralia.com/product/hqd-cuvie-slick-20000-puffs-ice-mint/,vapewarehouseaustralia.com,1769693882,default,78,{},"HQD Cuvie Slick 20000 Puffs Ice Mint",157
7646,,"HQD Cuvie Slick 20000 Puffs Kiwi Pomegranate",,,"HQD vape > HQD Cuvie Slick 20000",http://aussievapes.com.au/wp-content/uploads/2026/01/hqd-cuvie-slick-20000-puffs-kiwi-pomegranate-vape-warehouse.jpg,,"Brands > HQD vape",,1,821,,https://vapewarehouseaustralia.com/product/hqd-cuvie-slick-20000-puffs-kiwi-pomegranate/,vapewarehouseaustralia.com,1769869111,default,74,{},"HQD Cuvie Slick 20000 Puffs Kiwi Pomegranate",157
7648,,"HQD Cuvie Slick 20000 Puffs Mixed Berry",,,"HQD vape > HQD Cuvie Slick 20000",http://aussievapes.com.au/wp-content/uploads/2026/01/hqd-cuvie-slick-20000-puffs-mixed-berry-vape-warehouse.jpg,,"Brands > HQD vape",,1,819,,https://vapewarehouseaustralia.com/product/hqd-cuvie-slick-20000-puffs-mixed-berry/,vapewarehouseaustralia.com,1767814278,default,74,{},"HQD Cuvie Slick 20000 Puffs Mixed Berry",157
7650,,"HQD Cuvie Slick 20000 Puffs Lush Ice",,,"HQD vape > HQD Cuvie Slick 20000",http://aussievapes.com.au/wp-content/uploads/2026/01/hqd-cuvie-slick-20000-puffs-lush-ice-vape-warehouse.jpg,,"Brands > HQD vape",,1,820,,https://vapewarehouseaustralia.com/product/hqd-cuvie-slick-20000-puffs-lush-ice/,vapewarehouseaustralia.com,1767814279,default,78,{},"HQD Cuvie Slick 20000 Puffs Lush Ice",157
7652,,"HQD Cuvie Slick 20000 Puffs Passionfruit Watermelon Ice",,,"HQD vape > HQD Cuvie Slick 20000",http://aussievapes.com.au/wp-content/uploads/2026/01/hqd-cuvie-slick-20000-puffs-passionfruit-watermelon-ice-vape-warehouse.jpg,,"Brands > HQD vape",,1,818,,https://vapewarehouseaustralia.com/product/hqd-cuvie-slick-20000-puffs-passionfruit-watermelon-ice/,vapewarehouseaustralia.com,1769531127,default,74,{},"HQD Cuvie Slick 20000 Puffs Passionfruit Watermelon Ice",157
7654,,"HQD Cuvie Slick 20000 Puffs Strawberry Kiwi",,,"HQD vape > HQD Cuvie Slick 20000",http://aussievapes.com.au/wp-content/uploads/2026/01/hqd-cuvie-slick-20000-puffs-strawberry-kiwi-vape-warehouse.jpg,,"Brands > HQD vape",,1,817,,https://vapewarehouseaustralia.com/product/hqd-cuvie-slick-20000-puffs-strawberry-kiwi/,vapewarehouseaustralia.com,1767814281,default,74,{},"HQD Cuvie Slick 20000 Puffs Strawberry Kiwi",157
7656,,"HQD Cuvie Slick 20000 Puffs Strawberry Watermelon",,,"HQD vape > HQD Cuvie Slick 20000",http://aussievapes.com.au/wp-content/uploads/2026/01/hqd-cuvie-slick-20000-puffs-strawberry-watermelon-vape-warehouse.jpg,,"Brands > HQD vape",,1,816,,https://vapewarehouseaustralia.com/product/hqd-cuvie-slick-20000-puffs-strawberry-watermelon/,vapewarehouseaustralia.com,1767814282,default,74,{},"HQD Cuvie Slick 20000 Puffs Strawberry Watermelon",157
7659,,"HQD Cuvie Slick Plus 12000 Puffs Blackberry Ice",,,"HQD vape > HQD Cuvie Slick Plus 12000",http://aussievapes.com.au/wp-content/uploads/2026/01/hqd-cuvie-slick-plus-12000-puffs-blackberry-ice-vape-warehouse.jpg,,"Brands > HQD vape",,1,815,,https://vapewarehouseaustralia.com/product/hqd-cuvie-slick-plus-12000-puffs-blackberry-ice/,vapewarehouseaustralia.com,1767814335,default,74,{},"HQD Cuvie Slick Plus 12000 Puffs Blackberry Ice",157
7660,,"HQD Cuvie Slick Plus 12000 Puffs Blueberry Blast",,,"HQD vape > HQD Cuvie Slick Plus 12000",http://aussievapes.com.au/wp-content/uploads/2026/01/hqd-cuvie-slick-plus-12000-puffs-blueberry-blast-vape-warehouse.jpg,,"Brands > HQD vape",,1,814,,https://vapewarehouseaustralia.com/product/hqd-cuvie-slick-plus-12000-puffs-blueberry-blast/,vapewarehouseaustralia.com,1769682212,default,75,{},"HQD Cuvie Slick Plus 12000 Puffs Blueberry Blast",157
7662,,"HQD Cuvie Slick Plus 12000 Puffs Blackberry Cherry Pomegranate",,,"HQD vape > HQD Cuvie Slick Plus 12000",http://aussievapes.com.au/wp-content/uploads/2026/01/hqd-cuvie-slick-plus-12000-puffs-blackberry-cherry-pomegranate-vape-warehouse.jpg,,"Brands > HQD vape",,1,813,,https://vapewarehouseaustralia.com/product/hqd-cuvie-slick-plus-12000-puffs-blackberry-cherry-pomegranate/,vapewarehouseaustralia.com,1767814337,default,74,{},"HQD Cuvie Slick Plus 12000 Puffs Blackberry Cherry Pomegranate",157
7665,,"HQD Cuvie Slick Plus 12000 Puffs Double Apple",,,"HQD vape > HQD Cuvie Slick Plus 12000",http://aussievapes.com.au/wp-content/uploads/2026/01/hqd-cuvie-slick-plus-12000-puffs-double-apple-vape-warehouse.jpg,,"Brands > HQD vape",,1,811,,https://vapewarehouseaustralia.com/product/hqd-cuvie-slick-plus-12000-puffs-double-apple/,vapewarehouseaustralia.com,1767814339,default,75,{},"HQD Cuvie Slick Plus 12000 Puffs Double Apple",157
7666,,"HQD Cuvie Slick Plus 12000 Puffs Fresh Berries",,,"HQD vape > HQD Cuvie Slick Plus 12000",http://aussievapes.com.au/wp-content/uploads/2026/01/hqd-cuvie-slick-plus-12000-puffs-fresh-berries-vape-warehouse.jpg,,"Brands > HQD vape",,1,812,,https://vapewarehouseaustralia.com/product/hqd-cuvie-slick-plus-12000-puffs-fresh-berries/,vapewarehouseaustralia.com,1767814339,default,74,{},"HQD Cuvie Slick Plus 12000 Puffs Fresh Berries",157
7668,,"HQD Cuvie Slick Plus 12000 Puffs Grape Ice",,,"HQD vape > HQD Cuvie Slick Plus 12000",http://aussievapes.com.au/wp-content/uploads/2026/01/hqd-cuvie-slick-plus-12000-puffs-grape-ice-vape-warehouse.jpg,,"Brands > HQD vape",,1,810,,https://vapewarehouseaustralia.com/product/hqd-cuvie-slick-plus-12000-puffs-grape-ice/,vapewarehouseaustralia.com,1769558138,default,74,{},"HQD Cuvie Slick Plus 12000 Puffs Grape Ice",157
7670,,"HQD Cuvie Slick Plus 12000 Puffs Kiwi Pineapple",,,"HQD vape > HQD Cuvie Slick Plus 12000",http://aussievapes.com.au/wp-content/uploads/2026/01/hqd-cuvie-slick-plus-12000-puffs-kiwi-pineapple-vape-warehouse.jpg,,"Brands > HQD vape",,1,809,,https://vapewarehouseaustralia.com/product/hqd-cuvie-slick-plus-12000-puffs-kiwi-pineapple/,vapewarehouseaustralia.com,1767814350,default,74,{},"HQD Cuvie Slick Plus 12000 Puffs Kiwi Pineapple",157
7672,,"HQD Cuvie Slick Plus 12000 Puffs Mint Ice",,,"HQD vape > HQD Cuvie Slick Plus 12000",http://aussievapes.com.au/wp-content/uploads/2026/01/hqd-cuvie-slick-plus-12000-puffs-mint-ice-vape-warehouse.jpg,,"Brands > HQD vape",,1,808,,https://vapewarehouseaustralia.com/product/hqd-cuvie-slick-plus-12000-puffs-mint-ice/,vapewarehouseaustralia.com,1767814356,default,74,{},"HQD Cuvie Slick Plus 12000 Puffs Mint Ice",157
7674,,"HQD Cuvie Slick Plus 12000 Puffs Mixed Berry",,,"HQD vape > HQD Cuvie Slick Plus 12000",http://aussievapes.com.au/wp-content/uploads/2026/01/hqd-cuvie-slick-plus-12000-puffs-mixed-berry-vape-warehouse.jpg,,"Brands > HQD vape",,1,807,,https://vapewarehouseaustralia.com/product/hqd-cuvie-slick-plus-12000-puffs-mixed-berry/,vapewarehouseaustralia.com,1767814359,default,74,{},"HQD Cuvie Slick Plus 12000 Puffs Mixed Berry",157
7676,,"HQD Cuvie Slick Plus 12000 Puffs Passionfruit Kiwi Guava",,,"HQD vape > HQD Cuvie Slick Plus 12000",http://aussievapes.com.au/wp-content/uploads/2026/01/hqd-cuvie-slick-plus-12000-puffs-passionfruit-kiwi-guava-vape-warehouse.jpg,,"Brands > HQD vape",,1,806,,https://vapewarehouseaustralia.com/product/hqd-cuvie-slick-plus-12000-puffs-passionfruit-kiwi-guava/,vapewarehouseaustralia.com,1767814363,default,74,{},"HQD Cuvie Slick Plus 12000 Puffs Passionfruit Kiwi Guava",157
7678,,"HQD Cuvie Slick Plus 12000 Puffs Passionfruit Mango Lemon",,,"HQD vape > HQD Cuvie Slick Plus 12000",http://aussievapes.com.au/wp-content/uploads/2026/01/hqd-cuvie-slick-plus-12000-puffs-passionfruit-mango-lemon-vape-warehouse.jpg,,"Brands > HQD vape",,1,805,,https://vapewarehouseaustralia.com/product/hqd-cuvie-slick-plus-12000-puffs-passionfruit-mango-lemon/,vapewarehouseaustralia.com,1767814368,default,74,{},"HQD Cuvie Slick Plus 12000 Puffs Passionfruit Mango Lemon",157
7680,,"HQD Cuvie Slick Plus 12000 Puffs Strawberry Kiwi",,,"HQD vape > HQD Cuvie Slick Plus 12000",http://aussievapes.com.au/wp-content/uploads/2026/01/hqd-cuvie-slick-plus-12000-puffs-strawberry-kiwi-vape-warehouse.jpg,,"Brands > HQD vape",,1,804,,https://vapewarehouseaustralia.com/product/hqd-cuvie-slick-plus-12000-puffs-strawberry-kiwi/,vapewarehouseaustralia.com,1767814372,default,74,{},"HQD Cuvie Slick Plus 12000 Puffs Strawberry Kiwi",157
7682,,"HQD Cuvie Slick Plus 12000 Puffs Strawberry Watermelon",,,"HQD vape > HQD Cuvie Slick Plus 12000",http://aussievapes.com.au/wp-content/uploads/2026/01/hqd-cuvie-slick-plus-12000-puffs-strawberry-watermelon-vape-warehouse.jpg,,"Brands > HQD vape",,1,803,,https://vapewarehouseaustralia.com/product/hqd-cuvie-slick-plus-12000-puffs-strawberry-watermelon/,vapewarehouseaustralia.com,1767814380,default,74,{},"HQD Cuvie Slick Plus 12000 Puffs Strawberry Watermelon",157
7684,,"HQD Cuvie Slick Plus 12000 Puffs Watermelon Ice",,,"HQD vape > HQD Cuvie Slick Plus 12000",http://aussievapes.com.au/wp-content/uploads/2026/01/hqd-cuvie-slick-plus-12000-puffs-watermelon-ice-vape-warehouse.jpg,,"Brands > HQD vape",,1,802,,https://vapewarehouseaustralia.com/product/hqd-cuvie-slick-plus-12000-puffs-watermelon-ice/,vapewarehouseaustralia.com,1767814387,default,74,{},"HQD Cuvie Slick Plus 12000 Puffs Watermelon Ice",157
7685,,"Pro - Raspberry Cherry Blackberry",,,"IGET vape > IGET BAR PRO",http://aussievapes.com.au/wp-content/uploads/2026/01/pro-raspberry-cherry-blackberry.jpg,,"Brands > IGET vape",,1,800,,https://iget-vapes.com/iget/iget-bar-pro/pro-raspberry-cherry-blackberry,iget-vapes.com,1778363328,default,75,{},"Pro - Raspberry Cherry Blackberry",120
7686,,"Pro - Strawberry Cranberry Bliss",,,"IGET vape > IGET BAR PRO",http://aussievapes.com.au/wp-content/uploads/2026/01/pro-strawberry-cranberry-bliss.jpg,,"Brands > IGET vape",,1,801,,https://iget-vapes.com/iget/iget-bar-pro/pro-strawberry-cranberry-bliss,iget-vapes.com,1767814919,default,75,{},"Pro - Strawberry Cranberry Bliss",120
7687,,"Pro - Blackberry Yogurt Ice Berry",,,"IGET vape > IGET BAR PRO",http://aussievapes.com.au/wp-content/uploads/2026/01/pro-blackberry-yogurt-ice-berry.jpg,,"Brands > IGET vape",,1,799,,https://iget-vapes.com/iget/iget-bar-pro/pro-blackberry-yogurt-ice-berry,iget-vapes.com,1767814920,default,75,{},"Pro - Blackberry Yogurt Ice Berry",120
7690,,"Pro - Strawberry White Peach Ice Mist",,,"IGET vape > IGET BAR PRO",http://aussievapes.com.au/wp-content/uploads/2026/01/pro-strawberry-white-peach-ice-mist.jpg,,"Brands > IGET vape",,1,798,,https://iget-vapes.com/iget/iget-bar-pro/pro-strawberry-white-peach-ice-mist,iget-vapes.com,1767814923,default,69,{},"Pro - Strawberry White Peach Ice Mist",120
7691,,"Pro - Raspberry Pomegranate Ice Blast",,,"IGET vape > IGET BAR PRO",http://aussievapes.com.au/wp-content/uploads/2026/01/pro-raspberry-pomegranate-ice-blast.jpg,,,,1,797,,https://iget-vapes.com/iget/iget-bar-pro/pro-raspberry-pomegranate-ice-blast,iget-vapes.com,1769735365,,,,,
7692,,"Pro - Chup@ Chups Grape",,,"IGET vape > IGET BAR PRO",http://aussievapes.com.au/wp-content/uploads/2026/01/pro-chup-chups-grape.jpg,,,,1,796,,https://iget-vapes.com/iget/iget-bar-pro/pro-chup-chups-grape,iget-vapes.com,1778339451,,,,,
7693,,"Pro - Strawberry Passion Fruit Mango",,,"IGET vape > IGET BAR PRO",http://aussievapes.com.au/wp-content/uploads/2026/01/pro-strawberry-passion-fruit-mango.jpg,,,,1,795,,https://iget-vapes.com/iget/iget-bar-pro/pro-strawberry-passion-fruit-mango,iget-vapes.com,1767814932,,,,,
7694,,"Pro - Passion Fruit Peach Ice Tea",,,"IGET vape > IGET BAR PRO",http://aussievapes.com.au/wp-content/uploads/2026/01/pro-passion-fruit-peach-ice-tea.jpg,,"Brands > IGET vape",,1,794,,https://iget-vapes.com/iget/iget-bar-pro/pro-passion-fruit-peach-ice-tea,iget-vapes.com,1767814935,default,76,{},"Pro - Passion Fruit Peach Ice Tea",120
7695,,"Pro - Blueberry Raspberry Bubble Gum",,,"IGET vape > IGET BAR PRO",http://aussievapes.com.au/wp-content/uploads/2026/01/pro-blueberry-raspberry-bubble-gum.jpg,,"Brands > IGET vape",,1,793,,https://iget-vapes.com/iget/iget-bar-pro/pro-blueberry-raspberry-bubble-gum,iget-vapes.com,1778355703,default,75,{},"Pro - Blueberry Raspberry Bubble Gum",120
7696,,"Pro - Chup@ Chups Strawberry",,,"IGET vape > IGET BAR PRO",,,"Brands > IGET vape",,1,792,,https://iget-vapes.com/iget/iget-bar-pro/pro-chup-chups-strawberry,iget-vapes.com,1767814941,default,75,{},"Pro - Chup@ Chups Strawberry",120
7697,,"Pro - Cherry Pomegranate",,,"IGET vape > IGET BAR PRO",http://aussievapes.com.au/wp-content/uploads/2026/01/pro-cherry-pomegranate.jpg,,"Brands > IGET vape",,1,791,,https://iget-vapes.com/iget/iget-bar-pro/pro-cherry-pomegranate,iget-vapes.com,1778339451,default,73,{},"Pro - Cherry Pomegranate",120
7698,,"Pro - Dynamic Mint",,,"IGET vape > IGET BAR PRO",http://aussievapes.com.au/wp-content/uploads/2026/01/pro-dynamic-mint.jpg,,"Brands > IGET vape",,1,790,,https://iget-vapes.com/iget/iget-bar-pro/pro-dynamic-mint,iget-vapes.com,1778358366,default,76,{},"Pro - Dynamic Mint",120
7699,,"Pro - Strawberry Kiwi Ice",,,"IGET vape > IGET BAR PRO",http://aussievapes.com.au/wp-content/uploads/2026/01/pro-strawberry-kiwi-ice.jpg,,"Brands > IGET vape",,1,789,,https://iget-vapes.com/iget/iget-bar-pro/pro-strawberry-kiwi-ice,iget-vapes.com,1767814950,default,73,{},"Pro - Strawberry Kiwi Ice",120
7700,,"Pro - Blackberry Pomegranate Cherry",,,"IGET vape > IGET BAR PRO",http://aussievapes.com.au/wp-content/uploads/2026/01/pro-blackberry-pomegranate-cherry.jpg,,"Brands > IGET vape",,1,788,,https://iget-vapes.com/iget/iget-bar-pro/pro-blackberry-pomegranate-cherry,iget-vapes.com,1767814954,default,73,{},"Pro - Blackberry Pomegranate Cherry",120
7701,,"Pro - Raspberry Grape",,,"IGET vape > IGET BAR PRO",http://aussievapes.com.au/wp-content/uploads/2026/01/pro-raspberry-grape.jpg,,,,1,787,,https://iget-vapes.com/iget/iget-bar-pro/pro-raspberry-grape,iget-vapes.com,1778358366,,,,,
7702,,"Pro - Fruity Skittles",,,"IGET vape > IGET BAR PRO",http://aussievapes.com.au/wp-content/uploads/2026/01/pro-fruity-skittles.jpg,,"Brands > IGET vape",,1,786,,https://iget-vapes.com/iget/iget-bar-pro/pro-fruity-skittles,iget-vapes.com,1778353181,default,75,{},"Pro - Fruity Skittles",120
7703,,"Pro - Blueberry Ice",,,"IGET vape > IGET BAR PRO",http://aussievapes.com.au/wp-content/uploads/2026/01/pro-blueberry-ice.jpg,,,,1,785,,https://iget-vapes.com/iget/iget-bar-pro/pro-blueberry-ice,iget-vapes.com,1778339434,,,,,
7704,,"Pro - Strawberry Watermelon Ice",,,"IGET vape > IGET BAR PRO",http://aussievapes.com.au/wp-content/uploads/2026/01/pro-strawberry-watermelon-ice.jpg,,,,1,784,,https://iget-vapes.com/iget/iget-bar-pro/pro-strawberry-watermelon-ice,iget-vapes.com,1778353205,,,,,
7705,,"Pro - Kiwi Pineapple",,,"IGET vape > IGET BAR PRO",http://aussievapes.com.au/wp-content/uploads/2026/01/pro-kiwi-pineapple.jpg,,,,1,783,,https://iget-vapes.com/iget/iget-bar-pro/pro-kiwi-pineapple,iget-vapes.com,1767814967,,,,,
7706,,"Pro - Blueberry Raspberry",,,"IGET vape > IGET BAR PRO",http://aussievapes.com.au/wp-content/uploads/2026/01/pro-blueberry-raspberry.jpg,,,,1,782,,https://iget-vapes.com/iget/iget-bar-pro/pro-blueberry-raspberry,iget-vapes.com,1778360943,,,,,
7707,,"Pro - Strawberry Raspberry",,,"IGET vape > IGET BAR PRO",http://aussievapes.com.au/wp-content/uploads/2026/01/pro-strawberry-raspberry.jpg,,,,1,781,,https://iget-vapes.com/iget/iget-bar-pro/pro-strawberry-raspberry,iget-vapes.com,1769691512,,,,,
7708,,"Pro - Blackberry Ice",,,"IGET vape > IGET BAR PRO",http://aussievapes.com.au/wp-content/uploads/2026/01/pro-blackberry-ice.jpg,,,,1,780,,https://iget-vapes.com/iget/iget-bar-pro/pro-blackberry-ice,iget-vapes.com,1778339438,,,,,
7709,,"Pro - Orange Fanta Soda",,,"IGET vape > IGET BAR PRO",http://aussievapes.com.au/wp-content/uploads/2026/01/pro-orange-fanta-soda.jpg,,,,1,779,,https://iget-vapes.com/iget/iget-bar-pro/pro-orange-fanta-soda,iget-vapes.com,1767814977,,,,,
7710,,"Pro - Grapefruit Guava Lemon Ice",,,"IGET vape > IGET BAR PRO",http://aussievapes.com.au/wp-content/uploads/2026/01/pro-grapefruit-guava-lemon-ice.jpg,,"Brands > IGET vape",,1,778,,https://iget-vapes.com/iget/iget-bar-pro/pro-grapefruit-guava-lemon-ice,iget-vapes.com,1767814980,default,73,{},"Pro - Grapefruit Guava Lemon Ice",120
7711,,"One - Chup@ Chups Blackberry",,,"IGET vape > IGET One 12000 PUFFS",http://aussievapes.com.au/wp-content/uploads/2026/01/one-chup-chups-blackberry.jpg,,"Brands > IGET vape",,1,775,,https://iget-vapes.com/iget/iget-one/one-chup-chups-blackberry,iget-vapes.com,1767815077,default,73,{},"One - Chup@ Chups Blackberry",120
7712,,"One - Chup@ Chups Cherry",,,"IGET vape > IGET One 12000 PUFFS",http://aussievapes.com.au/wp-content/uploads/2026/01/one-chup-chups-cherry.jpg,,"Brands > IGET vape",,1,776,,https://iget-vapes.com/iget/iget-one/one-chup-chups-cherry,iget-vapes.com,1767815077,default,75,{},"One - Chup@ Chups Cherry",120
7713,,"One - Strawberry Pomegranate Ice",,,"IGET vape > IGET One 12000 PUFFS",http://aussievapes.com.au/wp-content/uploads/2026/01/one-strawberry-pomegranate-ice.jpg,,"Brands > IGET vape",,1,777,,https://iget-vapes.com/iget/iget-one/one-strawberry-pomegranate-ice,iget-vapes.com,1767815077,default,75,{},"One - Strawberry Pomegranate Ice",120
7714,,"One - Blackberry Ice",,,"IGET vape > IGET One 12000 PUFFS",http://aussievapes.com.au/wp-content/uploads/2026/01/one-blackberry-ice.jpg,,"Brands > IGET vape",,1,774,,https://iget-vapes.com/iget/iget-one/one-blackberry-ice,iget-vapes.com,1778353081,default,75,{},"One - Blackberry Ice",120
7715,,"One - Cherry Pomegranate",,,"IGET vape > IGET One 12000 PUFFS",http://aussievapes.com.au/wp-content/uploads/2026/01/one-cherry-pomegranate.jpg,,"Brands > IGET vape",,1,773,,https://iget-vapes.com/iget/iget-one/one-cherry-pomegranate,iget-vapes.com,1778339437,default,75,{},"One - Cherry Pomegranate",120
7716,,"One - Strawberry Raspberry",,,"IGET vape > IGET One 12000 PUFFS",http://aussievapes.com.au/wp-content/uploads/2026/01/one-strawberry-raspberry.jpg,,"Brands > IGET vape",,1,772,,https://iget-vapes.com/iget/iget-one/one-strawberry-raspberry,iget-vapes.com,1778360943,default,75,{},"One - Strawberry Raspberry",120
7717,,"One - Blueberry Ice",,,"IGET vape > IGET One 12000 PUFFS",http://aussievapes.com.au/wp-content/uploads/2026/01/one-blueberry-ice.jpg,,"Brands > IGET vape",,1,771,,https://iget-vapes.com/iget/iget-one/one-blueberry-ice,iget-vapes.com,1767815089,default,75,{},"One - Blueberry Ice",120
7718,,"One - Cherry Monster",,,"IGET vape > IGET One 12000 PUFFS",http://aussievapes.com.au/wp-content/uploads/2026/01/one-cherry-monster.jpg,,"Brands > IGET vape",,1,770,,https://iget-vapes.com/iget/iget-one/one-cherry-monster,iget-vapes.com,1778360945,default,75,{},"One - Cherry Monster",120
7719,,"One - Blackberry Cherry Pomegranate",,,"IGET vape > IGET One 12000 PUFFS",http://aussievapes.com.au/wp-content/uploads/2026/01/one-blackberry-cherry-pomegranate.jpg,,"Brands > IGET vape",,1,769,,https://iget-vapes.com/iget/iget-one/one-blackberry-cherry-pomegranate,iget-vapes.com,1767815095,default,75,{},"One - Blackberry Cherry Pomegranate",120
7720,,"One - Tropical Orange Monster",,,"IGET vape > IGET One 12000 PUFFS",http://aussievapes.com.au/wp-content/uploads/2026/01/one-tropical-orange-monster.jpg,,"Brands > IGET vape",,1,768,,https://iget-vapes.com/iget/iget-one/one-tropical-orange-monster,iget-vapes.com,1767815098,default,75,{},"One - Tropical Orange Monster",120
7721,,"One - Blueberry Raspberry",,,"IGET vape > IGET One 12000 PUFFS",http://aussievapes.com.au/wp-content/uploads/2026/01/one-blueberry-raspberry.jpg,,"Brands > IGET vape",,1,767,,https://iget-vapes.com/iget/iget-one/one-blueberry-raspberry,iget-vapes.com,1767815101,default,75,{},"One - Blueberry Raspberry",120
7722,,"One - Raspberry Grape Ice",,,"IGET vape > IGET One 12000 PUFFS",http://aussievapes.com.au/wp-content/uploads/2026/01/one-raspberry-grape-ice.jpg,,"Brands > IGET vape",,1,766,,https://iget-vapes.com/iget/iget-one/one-raspberry-grape-ice,iget-vapes.com,1767815104,default,75,{},"One - Raspberry Grape Ice",120
7723,,"One - Mixed Berries Ice",,,"IGET vape > IGET One 12000 PUFFS",http://aussievapes.com.au/wp-content/uploads/2026/01/one-mixed-berries-ice.jpg,,"Brands > IGET vape",,1,765,,https://iget-vapes.com/iget/iget-one/one-mixed-berries-ice,iget-vapes.com,1778353071,default,75,{},"One - Mixed Berries Ice",120
7724,,"One - Chupa Chups Strawberry",,,"IGET vape > IGET One 12000 PUFFS",http://aussievapes.com.au/wp-content/uploads/2026/01/one-chupa-chups-strawberry.jpg,,"Brands > IGET vape",,1,764,,https://iget-vapes.com/iget/iget-one/one-chupa-chups-strawberry,iget-vapes.com,1767815111,default,75,{},"One - Chupa Chups Strawberry",120
7725,,"One - Mountain Spring Mint Ice",,,"IGET vape > IGET One 12000 PUFFS",http://aussievapes.com.au/wp-content/uploads/2026/01/one-mountain-spring-mint-ice.jpg,,"Brands > IGET vape",,1,763,,https://iget-vapes.com/iget/iget-one/one-mountain-spring-mint-ice,iget-vapes.com,1778339454,default,75,{},"One - Mountain Spring Mint Ice",120
7726,,"One - Chupa Chups Grape",,,"IGET vape > IGET One 12000 PUFFS",http://aussievapes.com.au/wp-content/uploads/2026/01/one-chupa-chups-grape.jpg,,"Brands > IGET vape",,1,762,,https://iget-vapes.com/iget/iget-one/one-chupa-chups-grape,iget-vapes.com,1778339434,default,75,{},"One - Chupa Chups Grape",120
7727,,"One - Strawberry Watermelon Ice",,,"IGET vape > IGET One 12000 PUFFS",http://aussievapes.com.au/wp-content/uploads/2026/01/one-strawberry-watermelon-ice.jpg,,,,1,761,,https://iget-vapes.com/iget/iget-one/one-strawberry-watermelon-ice,iget-vapes.com,1767815120,,,,,
7728,,"One - Blue Monster",,,"IGET vape > IGET One 12000 PUFFS",http://aussievapes.com.au/wp-content/uploads/2026/01/one-blue-monster.jpg,,"Brands > IGET vape",,1,760,,https://iget-vapes.com/iget/iget-one/one-blue-monster,iget-vapes.com,1778339452,default,75,{},"One - Blue Monster",120
7729,,"One - Black Forest",,,"IGET vape > IGET One 12000 PUFFS",http://aussievapes.com.au/wp-content/uploads/2026/01/one-black-forest.jpg,,"Brands > IGET vape",,1,759,,https://iget-vapes.com/iget/iget-one/one-black-forest,iget-vapes.com,1778355677,default,75,{},"One - Black Forest",120
7730,,"One - Strawberry Kiwi Ice",,,"IGET vape > IGET One 12000 PUFFS",http://aussievapes.com.au/wp-content/uploads/2026/01/one-strawberry-kiwi-ice.jpg,,"Brands > IGET vape",,1,758,,https://iget-vapes.com/iget/iget-one/one-strawberry-kiwi-ice,iget-vapes.com,1767815129,default,75,{},"One - Strawberry Kiwi Ice",120
7731,,"One - Kiwi Pineapple",,,"IGET vape > IGET One 12000 PUFFS",http://aussievapes.com.au/wp-content/uploads/2026/01/one-kiwi-pineapple.jpg,,"Brands > IGET vape",,1,757,,https://iget-vapes.com/iget/iget-one/one-kiwi-pineapple,iget-vapes.com,1778355687,default,75,{},"One - Kiwi Pineapple",120
7778,,"Alibarbar - Strawberry Lychee Ice",,,"ALIBARBAR Vape > ALIBARBAR INGOT 9000",http://aussievapes.com.au/wp-content/uploads/2026/01/alibarbar-strawberry-lychee-ice.jpg,,"Brands > ALIBARBAR Vape",,1,756,,https://iget-vapes.com/iget/alibarbar-ingot/alibarbar-strawberry-lychee-ice,iget-vapes.com,1769788594,default,64,{},"Alibarbar - Strawberry Lychee Ice",144
7793,,"Alibarbar - Wtf",,,"ALIBARBAR Vape > ALIBARBAR INGOT 9000",http://aussievapes.com.au/wp-content/uploads/2026/01/alibarbar-wtf.jpg,,"Brands > ALIBARBAR Vape",,1,755,,https://iget-vapes.com/iget/alibarbar-ingot/alibarbar-wtf,iget-vapes.com,1778355703,default,69,{},"Alibarbar - Wtf",144
7795,,"Alibarbar - Ftp",,,"ALIBARBAR Vape > ALIBARBAR INGOT 9000",http://aussievapes.com.au/wp-content/uploads/2026/01/alibarbar-ftp.jpg,,"Brands > ALIBARBAR Vape",,1,754,,https://iget-vapes.com/iget/alibarbar-ingot/alibarbar-ftp,iget-vapes.com,1769686036,default,64,{},"Alibarbar - Ftp",144
7811,,"JNR - Strawberry Coconut Watermelon",,,"JNR vape > JNR Cruiser 12 000 Puffs",,,"Brands > JNR vape",,1,753,,https://iget-vapes.com/iget/jnr-cruiser/jnr-strawberry-coconut-watermelon,iget-vapes.com,1767816795,default,75,{},"JNR - Strawberry Coconut Watermelon",218
7812,,"JNR - Blackberry Ice",,,"JNR vape > JNR Cruiser 12 000 Puffs",,,"Brands > JNR vape",,1,751,,https://iget-vapes.com/iget/jnr-cruiser/jnr-blackberry-ice,iget-vapes.com,1769699199,default,75,{},"JNR - Blackberry Ice",218
7813,,"JNR - Watermelon Ice",,,"JNR vape > JNR Cruiser 12 000 Puffs",,,"Brands > JNR vape",,1,752,,https://iget-vapes.com/iget/jnr-cruiser/jnr-watermelon-ice,iget-vapes.com,1778363333,default,75,{},"JNR - Watermelon Ice",218
7814,,"JNR - Mixed Berry",,,"JNR vape > JNR Cruiser 12 000 Puffs",,,"Brands > JNR vape",,1,749,,https://iget-vapes.com/iget/jnr-cruiser/jnr-mixed-berry,iget-vapes.com,1767816799,default,66,{},"JNR - Mixed Berry",218
7815,,"JNR - Blueberry Blast",,,"JNR vape > JNR Cruiser 12 000 Puffs",,,"Brands > JNR vape",,1,750,,https://iget-vapes.com/iget/jnr-cruiser/jnr-blueberry-blast,iget-vapes.com,1767816799,default,76,{},"JNR - Blueberry Blast",218
7816,,"JNR - Chup@ Chups Strawberry",,,"JNR vape > JNR Cruiser 12 000 Puffs",,,"Brands > JNR vape",,1,748,,https://iget-vapes.com/iget/jnr-cruiser/jnr-chup-chups-strawberry,iget-vapes.com,1769701145,default,73,{},"JNR - Chup@ Chups Strawberry",218
8364,,"Blueberry Banana Breeze Pro",,,"Disposable Vapes > Breeze",http://aussievapes.com.au/wp-content/uploads/2026/01/blueberry-banana-breeze-pro.png,,,,1,745,,https://mipod.com/products/blueberry-banana-breeze-pro?_pos=1&_fid=3af5337dd&_ss=c,mipod.com,1768389786,default,78,{},"Blueberry Banana Breeze Pro",
8365,,"Grape Breeze Pro",,,"Disposable Vapes > Breeze",http://aussievapes.com.au/wp-content/uploads/2026/01/grape-breeze-pro.png,,,,1,746,,https://mipod.com/products/grape-breeze-pro?_pos=2&_fid=3af5337dd&_ss=c,mipod.com,1778355677,default,85,{},"Grape Breeze Pro",
8366,,"Cherry Lemon Breeze Pro",,,"Disposable Vapes > Breeze",http://aussievapes.com.au/wp-content/uploads/2026/01/cherry-lemon-breeze-pro.png,,,,1,747,,https://mipod.com/products/cherry-lemon-breeze-pro?_pos=3&_fid=3af5337dd&_ss=c,mipod.com,1778339442,default,85,{},"Cherry Lemon Breeze Pro",
8370,,"Banana Mint Breeze Pro",,,"Disposable Vapes > Breeze",http://aussievapes.com.au/wp-content/uploads/2026/01/banana-mint-breeze-pro.png,,,,1,742,,https://mipod.com/products/banana-mint-breeze-pro?_pos=5&_fid=3af5337dd&_ss=c,mipod.com,1768389788,default,78,{},"Banana Mint Breeze Pro",
8371,,"Menthol Breeze Pro",,,"Disposable Vapes > Breeze",http://aussievapes.com.au/wp-content/uploads/2026/01/menthol-breeze-pro.png,,,,1,743,,https://mipod.com/products/menthol-breeze-pro?_pos=4&_fid=3af5337dd&_ss=c,mipod.com,1778339440,default,78,{},"Menthol Breeze Pro",
8372,,"Blueberry Mint Breeze Pro",,,"Disposable Vapes > Breeze",http://aussievapes.com.au/wp-content/uploads/2026/01/blueberry-mint-breeze-pro.png,,,,1,744,,https://mipod.com/products/blueberry-mint-breeze-pro?_pos=6&_fid=3af5337dd&_ss=c,mipod.com,1768389788,default,78,{},"Blueberry Mint Breeze Pro",
8375,,"Citrus Breeze Pro",,,"Disposable Vapes > Breeze",http://aussievapes.com.au/wp-content/uploads/2026/01/citrus-breeze-pro.png,,,,1,741,,https://mipod.com/products/citrus-breeze-pro?_pos=7&_fid=3af5337dd&_ss=c,mipod.com,1778355702,default,78,{},"Citrus Breeze Pro",
8376,,"Tobacco Breeze Pro",,,"Disposable Vapes > Breeze",http://aussievapes.com.au/wp-content/uploads/2026/01/tobacco-breeze-pro.png,,,,1,739,,https://mipod.com/products/tobacco-breeze-pro?_pos=9&_fid=3af5337dd&_ss=c,mipod.com,1768389790,default,78,{},"Tobacco Breeze Pro",
8378,,"Strawberry Banana Breeze Pro",,,"Disposable Vapes > Breeze",http://aussievapes.com.au/wp-content/uploads/2026/01/strawberry-banana-breeze-pro.png,,,,1,740,,https://mipod.com/products/strawberry-banana-breeze-pro?_pos=8&_fid=3af5337dd&_ss=c,mipod.com,1768389791,default,78,{},"Strawberry Banana Breeze Pro",
8380,,"Pineapple Coconut Breeze Pro",,,"Disposable Vapes > Breeze",http://aussievapes.com.au/wp-content/uploads/2026/01/pineapple-coconut-breeze-pro.png,,,,1,738,,https://mipod.com/products/pineapple-coconut-breeze-pro?_pos=10&_fid=3af5337dd&_ss=c,mipod.com,1778339441,default,78,{},"Pineapple Coconut Breeze Pro",
8387,,"Peach Mango Watermelon BC5000",,,"Disposable Vapes > EBCREATE",http://aussievapes.com.au/wp-content/uploads/2026/01/peach-mango-watermelon-bc5000.png,,,,1,737,,https://mipod.com/products/peach-mango-watermelon-elf-bar-5000?_pos=3&_fid=985fee0d0&_ss=c,mipod.com,1768390697,default,82,{},"Peach Mango Watermelon BC5000",
8388,,"Watermelon Ice BC5000",,,"Disposable Vapes > EBCREATE",http://aussievapes.com.au/wp-content/uploads/2026/01/watermelon-ice-bc5000.png,,,,1,736,,https://mipod.com/products/watermelon-ice-elf-bar-5000?_pos=1&_fid=985fee0d0&_ss=c,mipod.com,1768390697,default,76,{},"Watermelon Ice BC5000",
8390,,"Cranberry Grape BC5000",,,"Disposable Vapes > EBCREATE",http://aussievapes.com.au/wp-content/uploads/2026/01/cranberry-grape-bc5000.png,,,,1,735,,https://mipod.com/products/cranberry-grape-elf-bar-5000?_pos=2&_fid=985fee0d0&_ss=c,mipod.com,1768390699,default,76,{},"Cranberry Grape BC5000",
8392,,"Strawberry Banana BC5000",,,"Disposable Vapes > EBCREATE",http://aussievapes.com.au/wp-content/uploads/2026/01/strawberry-banana-bc5000.png,,,,1,734,,https://mipod.com/products/strawberry-banana-elf-bar-5000?_pos=4&_fid=985fee0d0&_ss=c,mipod.com,1768390700,default,85,{},"Strawberry Banana BC5000",
8394,,"Fuji Cloudz EBCREATE BC5000 Thermal Edition",,,"Disposable Vapes > EBCREATE",http://aussievapes.com.au/wp-content/uploads/2026/01/fuji-cloudz-ebcreate-bc5000-thermal-edition.png,,,,1,733,,https://mipod.com/products/fuji-cloudz-ebcreate-bc5000-thermal-edition?_pos=5&_fid=985fee0d0&_ss=c,mipod.com,1778353105,default,74,{},"Fuji Cloudz EBCREATE BC5000 Thermal Edition",
8397,,"Strawberry Mango BC5000",,,"Disposable Vapes > EBCREATE",http://aussievapes.com.au/wp-content/uploads/2026/01/strawberry-mango-bc5000.png,,,,1,731,,https://mipod.com/products/strawberry-mango-elf-bar-5000?_pos=6&_fid=985fee0d0&_ss=c,mipod.com,1778355683,default,76,{},"Strawberry Mango BC5000",
8398,,"Strawberry Kiwi BC5000",,,"Disposable Vapes > EBCREATE",http://aussievapes.com.au/wp-content/uploads/2026/01/strawberry-kiwi-bc5000.png,,,,1,732,,https://mipod.com/products/strawberry-kiwi-elf-bar-5000?_pos=7&_fid=985fee0d0&_ss=c,mipod.com,1768390703,default,76,{},"Strawberry Kiwi BC5000",
8401,,"Miami Mint EB BC5000",,,"Disposable Vapes > EBCREATE",http://aussievapes.com.au/wp-content/uploads/2026/01/miami-mint-eb-bc5000.png,,,,1,730,,https://mipod.com/products/miami-mint-elf-bar-5000?_pos=8&_fid=985fee0d0&_ss=c,mipod.com,1778363324,default,85,{},"Miami Mint EB BC5000",
8403,,"Blue Razz Ice EB BC5000",,,"Disposable Vapes > EBCREATE",http://aussievapes.com.au/wp-content/uploads/2026/01/blue-razz-ice-eb-bc5000.png,,,,1,729,,https://mipod.com/products/blue-razz-ice-elf-bar-5000?_pos=9&_fid=985fee0d0&_ss=c,mipod.com,1768390705,default,82,{},"Blue Razz Ice EB BC5000",
8404,,"Tropical SPOAL BC5000",,,"Disposable Vapes > EBCREATE",http://aussievapes.com.au/wp-content/uploads/2026/01/tropical-spoal-bc5000.png,,,,1,728,,https://mipod.com/products/tropic-rainbow-blast-elf-bar-5000?_pos=10&_fid=985fee0d0&_ss=c,mipod.com,1778353184,default,78,{},"Tropical SPOAL BC5000",
8406,,"Rinbo Cloudd BC5000",,,"Disposable Vapes > EBCREATE",http://aussievapes.com.au/wp-content/uploads/2026/01/rinbo-cloudd-bc5000.png,,,,1,727,,https://mipod.com/products/rainbow-candy-elf-bar-5000?_pos=11&_fid=985fee0d0&_ss=c,mipod.com,1778339447,default,78,{},"Rinbo Cloudd BC5000",
8409,,"Peach Ice BC5000",,,"Disposable Vapes > EBCREATE",http://aussievapes.com.au/wp-content/uploads/2026/01/peach-ice-bc5000.png,,,,1,725,,https://mipod.com/products/peach-ice-elf-bar-5000?_pos=13&_fid=985fee0d0&_ss=c,mipod.com,1768390708,default,76,{},"Peach Ice BC5000",
8410,,"Watermelon BG BC5000",,,"Disposable Vapes > EBCREATE",http://aussievapes.com.au/wp-content/uploads/2026/01/watermelon-bg-bc5000.png,,,,1,726,,https://mipod.com/products/watermelon-bubblegum-elf-bar-5000?_pos=12&_fid=985fee0d0&_ss=c,mipod.com,1778339449,default,85,{},"Watermelon BG BC5000",
8414,,"Mango Peach BC5000",,,"Disposable Vapes > EBCREATE",http://aussievapes.com.au/wp-content/uploads/2026/01/mango-peach-bc5000.png,,,,1,722,,https://mipod.com/products/mango-peach-elf-bar-5000?_pos=15&_fid=985fee0d0&_ss=c,mipod.com,1778355677,default,76,{},"Mango Peach BC5000",
8415,,"Strawberry Watermelon BC5000",,,"Disposable Vapes > EBCREATE",http://aussievapes.com.au/wp-content/uploads/2026/01/strawberry-watermelon-bc5000.png,,,,1,723,,https://mipod.com/products/strawberry-watermelon-elf-bar-5000?_pos=14&_fid=985fee0d0&_ss=c,mipod.com,1768390711,default,78,{},"Strawberry Watermelon BC5000",
8416,,"Peach Berry BC5000",,,"Disposable Vapes > EBCREATE",http://aussievapes.com.au/wp-content/uploads/2026/01/peach-berry-bc5000.png,,,,1,724,,https://mipod.com/products/peach-berry-elf-bar-5000?_pos=16&_fid=985fee0d0&_ss=c,mipod.com,1778339444,default,78,{},"Peach Berry BC5000",
8420,,"Clear BC5000",,,"Disposable Vapes > EBCREATE",http://aussievapes.com.au/wp-content/uploads/2026/01/clear-bc5000.png,,,,1,719,,https://mipod.com/products/clear-elf-bar-5000?_pos=19&_fid=985fee0d0&_ss=c,mipod.com,1778358360,default,86,{},"Clear BC5000",
8421,,"Pineapple Coconut Ice BC5000",,,"Disposable Vapes > EBCREATE",http://aussievapes.com.au/wp-content/uploads/2026/01/pineapple-coconut-ice-bc5000.png,,,,1,720,,https://mipod.com/products/pineapple-coconut-ice-elf-bar-5000?_pos=17&_fid=985fee0d0&_ss=c,mipod.com,1778339453,default,76,{},"Pineapple Coconut Ice BC5000",
8422,,"Strawberry Piña Colada BC5000",,,"Disposable Vapes > EBCREATE",http://aussievapes.com.au/wp-content/uploads/2026/01/strawberry-pina-colada-bc5000.png,,,,1,721,,https://mipod.com/products/strawberry-pina-colada-elf-bar-5000?_pos=18&_fid=985fee0d0&_ss=c,mipod.com,1768390714,default,85,{},"Strawberry Piña Colada BC5000",
8426,,"Mint FLOAT X 10K",,,"Disposable Vapes > Float",http://aussievapes.com.au/wp-content/uploads/2026/01/mint-float-x-10k.png,,,,1,716,,https://mipod.com/products/mint-float-x-10k?_pos=1&_fid=301bc7e0e&_ss=c,mipod.com,1769660541,default,85,{},"Mint FLOAT X 10K",
8427,,"Clear FLOAT X 10K",,,"Disposable Vapes > Float",http://aussievapes.com.au/wp-content/uploads/2026/01/clear-float-x-10k.png,,,,1,717,,https://mipod.com/products/clear-float-x-10k?_pos=2&_fid=301bc7e0e&_ss=c,mipod.com,1768390814,default,79,{},"Clear FLOAT X 10K",
8428,,"Crisp Green FLOAT X 10K",,,"Disposable Vapes > Float",http://aussievapes.com.au/wp-content/uploads/2026/01/crisp-green-float-x-10k.png,,,,1,718,,https://mipod.com/products/crisp-green-float-x-10k?_pos=3&_fid=301bc7e0e&_ss=c,mipod.com,1778339427,default,78,{},"Crisp Green FLOAT X 10K",
8430,,"Pink Guava FLOAT X 10K",,,"Disposable Vapes > Float",http://aussievapes.com.au/wp-content/uploads/2026/01/pink-guava-float-x-10k.png,,,,1,714,,https://mipod.com/products/pink-guava-float-x-10k?_pos=4&_fid=301bc7e0e&_ss=c,mipod.com,1778339429,default,78,{},"Pink Guava FLOAT X 10K",
8432,,"Cola Ice FLOAT X 10K",,,"Disposable Vapes > Float",http://aussievapes.com.au/wp-content/uploads/2026/01/cola-ice-float-x-10k.png,,,,1,715,,https://mipod.com/products/cola-ice-float-x-10k?_pos=5&_fid=301bc7e0e&_ss=c,mipod.com,1768390817,default,78,{},"Cola Ice FLOAT X 10K",
8434,,"Taro Ice FLOAT X 10K",,,"Disposable Vapes > Float",http://aussievapes.com.au/wp-content/uploads/2026/01/taro-ice-float-x-10k.png,,,,1,713,,https://mipod.com/products/taro-ice-float-x-10k?_pos=6&_fid=301bc7e0e&_ss=c,mipod.com,1778339446,default,78,{},"Taro Ice FLOAT X 10K",
8436,,"Green Grape FLOAT X 10K",,,"Disposable Vapes > Float",http://aussievapes.com.au/wp-content/uploads/2026/01/green-grape-float-x-10k.png,,,,1,712,,https://mipod.com/products/green-grape-float-x-10k?_pos=7&_fid=301bc7e0e&_ss=c,mipod.com,1778355685,default,78,{},"Green Grape FLOAT X 10K",
8438,,"Lemon Pineapple FLOAT X 10K",,,"Disposable Vapes > Float",http://aussievapes.com.au/wp-content/uploads/2026/01/lemon-pineapple-float-x-10k.png,,,,1,711,,https://mipod.com/products/lemon-pineapple-float-x-10k?_pos=8&_fid=301bc7e0e&_ss=c,mipod.com,1769354819,default,78,{},"Lemon Pineapple FLOAT X 10K",
8440,,"Lush Ice FLOAT X 10K",,,"Disposable Vapes > Float",http://aussievapes.com.au/wp-content/uploads/2026/01/lush-ice-float-x-10k.png,,,,1,710,,https://mipod.com/products/luch-ice-float-x-10k?_pos=9&_fid=301bc7e0e&_ss=c,mipod.com,1778339449,default,78,{},"Lush Ice FLOAT X 10K",
8442,,"Banana FLOAT X 10K",,,"Disposable Vapes > Float",http://aussievapes.com.au/wp-content/uploads/2026/01/banana-float-x-10k.png,,,,1,709,,https://mipod.com/products/banana-float-x-10k?_pos=10&_fid=301bc7e0e&_ss=c,mipod.com,1778339441,default,78,{},"Banana FLOAT X 10K",
8444,,"Clear Oolong FLOAT X 10K",,,"Disposable Vapes > Float",http://aussievapes.com.au/wp-content/uploads/2026/01/clear-oolong-float-x-10k.png,,,,1,708,,https://mipod.com/products/clear-oolong-float-x-10k?_pos=11&_fid=301bc7e0e&_ss=c,mipod.com,1768390835,default,79,{},"Clear Oolong FLOAT X 10K",
8446,,"Peach Ice FLOAT X 10K",,,"Disposable Vapes > Float",http://aussievapes.com.au/wp-content/uploads/2026/01/peach-ice-float-x-10k.png,,,,1,707,,https://mipod.com/products/peach-ice-float-x-10k?_pos=12&_fid=301bc7e0e&_ss=c,mipod.com,1778339450,default,78,{},"Peach Ice FLOAT X 10K",
8448,,"Clear FLOAT Pebble",,,"Disposable Vapes > Float",http://aussievapes.com.au/wp-content/uploads/2026/01/clear-float-pebble.png,,,,1,706,,https://mipod.com/products/clear-float-pebble?_pos=13&_fid=301bc7e0e&_ss=c,mipod.com,1778358366,default,79,{},"Clear FLOAT Pebble",
8450,,"Tobacco FLOAT Pebble",,,"Disposable Vapes > Float",http://aussievapes.com.au/wp-content/uploads/2026/01/tobacco-float-pebble.png,,,,1,705,,https://mipod.com/products/tobacco-float-pebble?_pos=14&_fid=301bc7e0e&_ss=c,mipod.com,1778339445,default,78,{},"Tobacco FLOAT Pebble",
8452,,"Cool Mint FLOAT Pebble",,,"Disposable Vapes > Float",http://aussievapes.com.au/wp-content/uploads/2026/01/cool-mint-float-pebble.png,,,,1,704,,https://mipod.com/products/cool-mint-float-pebble?_pos=15&_fid=301bc7e0e&_ss=c,mipod.com,1778360932,default,79,{},"Cool Mint FLOAT Pebble",
8454,,"White Gummy FLOAT Pebble",,,"Disposable Vapes > Float",http://aussievapes.com.au/wp-content/uploads/2026/01/white-gummy-float-pebble.png,,,,1,703,,https://mipod.com/products/white-gummy-float-pebble?_pos=16&_fid=301bc7e0e&_ss=c,mipod.com,1768390845,default,78,{},"White Gummy FLOAT Pebble",
8458,,"Polar Ice FUME PRO 30K",,,"Disposable Vapes > Fume",http://aussievapes.com.au/wp-content/uploads/2026/01/polar-ice-fume-pro-30k.png,,,,1,702,,https://mipod.com/products/polar-ice-fume-pro-30k?_pos=2&_fid=35578faa8&_ss=c,mipod.com,1768392143,default,85,{},"Polar Ice FUME PRO 30K",
8459,,"Tobacco Fume Prime ZERO 20K",,,"Disposable Vapes > Fume",http://aussievapes.com.au/wp-content/uploads/2026/01/tobacco-fume-prime-zero-20k.png,,,,1,700,,https://mipod.com/products/tobacco-fume-prime-zero-20k?_pos=3&_fid=35578faa8&_ss=c,mipod.com,1768392143,default,85,{},"Tobacco Fume Prime ZERO 20K",
8460,,"Black Ice Fume PRO 30K",,,"Disposable Vapes > Fume",http://aussievapes.com.au/wp-content/uploads/2026/01/black-ice-fume-pro-30k.png,,,,1,701,,https://mipod.com/products/black-ice-fume-pro-30k?_pos=1&_fid=35578faa8&_ss=c,mipod.com,1769592824,default,87,{},"Black Ice Fume PRO 30K",
8463,,"Black Ice FUME Prime ZERO 20K",,,"Disposable Vapes > Fume",http://aussievapes.com.au/wp-content/uploads/2026/01/black-ice-fume-prime-zero-20k.png,,,,1,698,,https://mipod.com/products/black-ice-fume-prime-zero-20k?_pos=4&_fid=35578faa8&_ss=c,mipod.com,1768392146,default,85,{},"Black Ice FUME Prime ZERO 20K",
8464,,"Ice Mint FUME Prime ZERO 20K",,,"Disposable Vapes > Fume",http://aussievapes.com.au/wp-content/uploads/2026/01/ice-mint-fume-prime-zero-20k.png,,,,1,699,,https://mipod.com/products/ice-mint-fume-prime-zero-20k?_pos=5&_fid=35578faa8&_ss=c,mipod.com,1768392147,,,,,
8466,,"Lush Ice FUME Prime ZERO 20K",,,"Disposable Vapes > Fume",http://aussievapes.com.au/wp-content/uploads/2026/01/lush-ice-fume-prime-zero-20k.png,,,,1,697,,https://mipod.com/products/lush-ice-fume-prime-zero-20k?_pos=6&_fid=35578faa8&_ss=c,mipod.com,1768392150,default,85,{},"Lush Ice FUME Prime ZERO 20K",
8468,,"Mango Mint FUME Prime ZERO 20K",,,"Disposable Vapes > Fume",http://aussievapes.com.au/wp-content/uploads/2026/01/mango-mint-fume-prime-zero-20k.png,,,,1,696,,https://mipod.com/products/mango-mint-fume-prime-zero-20k?_pos=7&_fid=35578faa8&_ss=c,mipod.com,1768392153,default,85,{},"Mango Mint FUME Prime ZERO 20K",
8470,,"Mix Fruit Ice FUME Prime ZERO 20K",,,"Disposable Vapes > Fume",http://aussievapes.com.au/wp-content/uploads/2026/01/mix-fruit-ice-fume-prime-zero-20k.png,,,,1,695,,https://mipod.com/products/mix-fruit-ice-fume-prime-zero-20k?_pos=8&_fid=35578faa8&_ss=c,mipod.com,1768392154,default,85,{},"Mix Fruit Ice FUME Prime ZERO 20K",
8472,,"Peach Watermelon Berry FUME Prime ZERO 20K",,,"Disposable Vapes > Fume",http://aussievapes.com.au/wp-content/uploads/2026/01/peach-watermelon-berry-fume-prime-zero-20k.png,,,,1,694,,https://mipod.com/products/peach-watermelon-berry-fume-prime-zero-20k?_pos=9&_fid=35578faa8&_ss=c,mipod.com,1768392157,,,,,
8474,,"Strawberry Banana FUME Prime ZERO 20K",,,"Disposable Vapes > Fume",http://aussievapes.com.au/wp-content/uploads/2026/01/strawberry-banana-fume-prime-zero-20k.png,,,,1,693,,https://mipod.com/products/strawberry-banana-fume-prime-zero-20k?_pos=10&_fid=35578faa8&_ss=c,mipod.com,1768392158,default,85,{},"Strawberry Banana FUME Prime ZERO 20K",
8476,,"Peach Ice Fume PRO 30K",,,"Disposable Vapes > Fume",http://aussievapes.com.au/wp-content/uploads/2026/01/peach-ice-fume-pro-30k.png,,,,1,692,,https://mipod.com/products/peach-ice-fume-pro-30k?_pos=11&_fid=35578faa8&_ss=c,mipod.com,1768392161,default,85,{},"Peach Ice Fume PRO 30K",
8478,,"Clear Fume Eternity Turbo 20K",,,"Disposable Vapes > Fume",http://aussievapes.com.au/wp-content/uploads/2026/01/clear-fume-eternity-turbo-20k.png,,,,1,691,,https://mipod.com/products/clear-fume-eternity-turbo-20k?_pos=12&_fid=35578faa8&_ss=c,mipod.com,1769767267,default,86,{},"Clear Fume Eternity Turbo 20K",
8480,,"Refresh FUME Eternity Turbo 20K",,,"Disposable Vapes > Fume",http://aussievapes.com.au/wp-content/uploads/2026/01/refresh-fume-eternity-turbo-20k.png,,,,1,690,,https://mipod.com/products/refresh-fume-eternity-turbo-20k?_pos=13&_fid=35578faa8&_ss=c,mipod.com,1768392166,default,87,{},"Refresh FUME Eternity Turbo 20K",
8482,,"Texas Citrus Fume PRO 30K",,,"Disposable Vapes > Fume",http://aussievapes.com.au/wp-content/uploads/2026/01/texas-citrus-fume-pro-30k.png,,,,1,689,,https://mipod.com/products/texas-citrus-fume-pro-30k?_pos=14&_fid=35578faa8&_ss=c,mipod.com,1768392168,,,,,
8484,,"Pineapple Paradise Fume PRO 30K",,,"Disposable Vapes > Fume",http://aussievapes.com.au/wp-content/uploads/2026/01/pineapple-paradise-fume-pro-30k.png,,,,1,688,,https://mipod.com/products/pineapple-paradise-fume-pro-30k?_pos=15&_fid=35578faa8&_ss=c,mipod.com,1768392171,default,85,{},"Pineapple Paradise Fume PRO 30K",
8486,,"Dubai Chocolate Fume PRO 30K",,,"Disposable Vapes > Fume",http://aussievapes.com.au/wp-content/uploads/2026/01/dubai-chocolate-fume-pro-30k.png,,,,1,687,,https://mipod.com/products/dubai-chocolate-fume-pro-30k?_pos=16&_fid=35578faa8&_ss=c,mipod.com,1768392174,default,85,{},"Dubai Chocolate Fume PRO 30K",
8488,,"Lush Ice Fume PRO 30K",,,"Disposable Vapes > Fume",http://aussievapes.com.au/wp-content/uploads/2026/01/lush-ice-fume-pro-30k.png,,,,1,686,,https://mipod.com/products/lush-ice-fume-pro-30k?_pos=17&_fid=35578faa8&_ss=c,mipod.com,1768392177,default,80,{},"Lush Ice Fume PRO 30K",
8490,,"Miami Mint FUME PRO 30K",,,"Disposable Vapes > Fume",http://aussievapes.com.au/wp-content/uploads/2026/01/miami-mint-fume-pro-30k.png,,,,1,685,,https://mipod.com/products/miami-mint-fume-pro-30k?_pos=18&_fid=35578faa8&_ss=c,mipod.com,1768392179,default,85,{},"Miami Mint FUME PRO 30K",
8492,,"Strawberry Wind Fume PRO 30K",,,"Disposable Vapes > Fume",http://aussievapes.com.au/wp-content/uploads/2026/01/strawberry-wind-fume-pro-30k.png,,,,1,684,,https://mipod.com/products/strawberry-wind-fume-pro-30k?_pos=19&_fid=35578faa8&_ss=c,mipod.com,1768392182,default,85,{},"Strawberry Wind Fume PRO 30K",
8494,,"White Grape Fume PRO 30K",,,"Disposable Vapes > Fume",http://aussievapes.com.au/wp-content/uploads/2026/01/white-grape-fume-pro-30k.png,,,,1,683,,https://mipod.com/products/white-grape-fume-pro-30k?_pos=20&_fid=35578faa8&_ss=c,mipod.com,1768392184,default,85,{},"White Grape Fume PRO 30K",
8496,,"Triple Berry Ice Fume PRO 30K",,,"Disposable Vapes > Fume",http://aussievapes.com.au/wp-content/uploads/2026/01/triple-berry-ice-fume-pro-30k.png,,,,1,682,,https://mipod.com/products/tripple-berry-ice-fume-pro-30k?_pos=21&_fid=35578faa8&_ss=c,mipod.com,1768392189,default,86,{},"Triple Berry Ice Fume PRO 30K",
8498,,"Strawberry Banana Fume PRO 30K",,,"Disposable Vapes > Fume",http://aussievapes.com.au/wp-content/uploads/2026/01/strawberry-banana-fume-pro-30k.png,,,,1,681,,https://mipod.com/products/strawberry-banana-fume-pro-30k?_pos=22&_fid=35578faa8&_ss=c,mipod.com,1768392190,default,85,{},"Strawberry Banana Fume PRO 30K",
8500,,"Mango Tango Fume PRO 30K",,,"Disposable Vapes > Fume",http://aussievapes.com.au/wp-content/uploads/2026/01/mango-tango-fume-pro-30k.png,,,,1,680,,https://mipod.com/products/mango-tango-fume-pro-30k?_pos=23&_fid=35578faa8&_ss=c,mipod.com,1768392193,default,85,{},"Mango Tango Fume PRO 30K",
8502,,"Watermelon Wave Fume PRO 30K",,,"Disposable Vapes > Fume",http://aussievapes.com.au/wp-content/uploads/2026/01/watermelon-wave-fume-pro-30k.png,,,,1,679,,https://mipod.com/products/watermelon-wave-fume-pro-30k?_pos=24&_fid=35578faa8&_ss=c,mipod.com,1769697175,default,85,{},"Watermelon Wave Fume PRO 30K",
8504,,"Florida Tropical Breeze Fume PRO 30K",,,"Disposable Vapes > Fume",http://aussievapes.com.au/wp-content/uploads/2026/01/florida-tropical-breeze-fume-pro-30k.png,,,,1,678,,https://mipod.com/products/florida-tropical-breeze-fume-pro-30k?_pos=25&_fid=35578faa8&_ss=c,mipod.com,1769288215,default,85,{},"Florida Tropical Breeze Fume PRO 30K",
8506,,"Sour Apple Fume PRO 30K",,,"Disposable Vapes > Fume",http://aussievapes.com.au/wp-content/uploads/2026/01/sour-apple-fume-pro-30k.png,,,,1,677,,https://mipod.com/products/sour-apple-fume-pro-30k?_pos=26&_fid=35578faa8&_ss=c,mipod.com,1769516539,default,85,{},"Sour Apple Fume PRO 30K",
8508,,"Cinnamon Twist Fume PRO 30K",,,"Disposable Vapes > Fume",http://aussievapes.com.au/wp-content/uploads/2026/01/cinnamon-twist-fume-pro-30k.png,,,,1,676,,https://mipod.com/products/cinnamon-twist-fume-pro-30k?_pos=27&_fid=35578faa8&_ss=c,mipod.com,1768392203,default,85,{},"Cinnamon Twist Fume PRO 30K",
8510,,"Strawberry Kiwi FUME PRO 30K",,,"Disposable Vapes > Fume",http://aussievapes.com.au/wp-content/uploads/2026/01/strawberry-kiwi-fume-pro-30k.png,,,,1,675,,https://mipod.com/products/strawberry-kiwi-fume-pro-30k?_pos=28&_fid=35578faa8&_ss=c,mipod.com,1768392206,default,85,{},"Strawberry Kiwi FUME PRO 30K",
8512,,"Cherries Starzz FUME PRO 30K",,,"Disposable Vapes > Fume",http://aussievapes.com.au/wp-content/uploads/2026/01/cherries-starzz-fume-pro-30k.png,,,,1,674,,https://mipod.com/products/cherry-strazz-fume-pro-30k?_pos=29&_fid=35578faa8&_ss=c,mipod.com,1768392209,default,85,{},"Cherries Starzz FUME PRO 30K",
8514,,"Fcuking Fab FUME PRO 30K",,,"Disposable Vapes > Fume",http://aussievapes.com.au/wp-content/uploads/2026/01/fcuking-fab-fume-pro-30k.png,,,,1,673,,https://mipod.com/products/fcuking-fab-fume-pro-30k?_pos=30&_fid=35578faa8&_ss=c,mipod.com,1768392212,default,85,{},"Fcuking Fab FUME PRO 30K",
8516,,"Baja Splash FUME PRO 30K",,,"Disposable Vapes > Fume",http://aussievapes.com.au/wp-content/uploads/2026/01/baja-splash-fume-pro-30k.png,,,,1,672,,https://mipod.com/products/baja-splash-fume-pro-30k?_pos=31&_fid=35578faa8&_ss=c,mipod.com,1769793049,default,85,{},"Baja Splash FUME PRO 30K",
8518,,"Clear Fume PRO 30K",,,"Disposable Vapes > Fume",http://aussievapes.com.au/wp-content/uploads/2026/01/clear-fume-pro-30k.png,,,,1,671,,https://mipod.com/products/clear-fume-pro-30k?_pos=32&_fid=35578faa8&_ss=c,mipod.com,1769699525,default,86,{},"Clear Fume PRO 30K",
8520,,"Blue Razz Ice FUME PRO 30K",,,"Disposable Vapes > Fume",http://aussievapes.com.au/wp-content/uploads/2026/01/blue-razz-ice-fume-pro-30k.png,,,,1,670,,https://mipod.com/products/blue-razz-ice-fume-pro-30k?_pos=33&_fid=35578faa8&_ss=c,mipod.com,1768392221,default,85,{},"Blue Razz Ice FUME PRO 30K",
8522,,"Blueberries Kiwi Watermelon FUME Eternity Turbo 20K",,,"Disposable Vapes > Fume",http://aussievapes.com.au/wp-content/uploads/2026/01/blueberries-kiwi-watermelon-fume-eternity-turbo-20k.png,,,,1,669,,https://mipod.com/products/blueberries-kiwi-watermelon-fume-eternity-turbo-20k?_pos=34&_fid=35578faa8&_ss=c,mipod.com,1768392224,default,82,{},"Blueberries Kiwi Watermelon FUME Eternity Turbo 20K",
8524,,"Candied Strawberry FUME Eternity Turbo 20K",,,"Disposable Vapes > Fume",http://aussievapes.com.au/wp-content/uploads/2026/01/candied-strawberry-fume-eternity-turbo-20k.png,,,,1,668,,https://mipod.com/products/candy-strawberry-fume-eternity-turbo-20k?_pos=35&_fid=35578faa8&_ss=c,mipod.com,1768392227,default,82,{},"Candied Strawberry FUME Eternity Turbo 20K",
8526,,"Ice Mint FUME Eternity Turbo 20K",,,"Disposable Vapes > Fume",http://aussievapes.com.au/wp-content/uploads/2026/01/ice-mint-fume-eternity-turbo-20k.png,,,,1,667,,https://mipod.com/products/ice-mint-fume-eternity-turbo-20k?_pos=36&_fid=35578faa8&_ss=c,mipod.com,1768392230,default,87,{},"Ice Mint FUME Eternity Turbo 20K",
8528,,"Lush Ice FUME Eternity Turbo 20K",,,"Disposable Vapes > Fume",http://aussievapes.com.au/wp-content/uploads/2026/01/lush-ice-fume-eternity-turbo-20k.png,,,,1,666,,https://mipod.com/products/lush-ice-fume-eternity-turbo-20k?_pos=37&_fid=35578faa8&_ss=c,mipod.com,1768392234,default,87,{},"Lush Ice FUME Eternity Turbo 20K",
8530,,"Mix Fruit Ice FUME Eternity Turbo 20K",,,"Disposable Vapes > Fume",http://aussievapes.com.au/wp-content/uploads/2026/01/mix-fruit-ice-fume-eternity-turbo-20k.png,,,,1,665,,https://mipod.com/products/mix-fruit-ice-fume-eternity-turbo-20k?_pos=38&_fid=35578faa8&_ss=c,mipod.com,1768392236,default,87,{},"Mix Fruit Ice FUME Eternity Turbo 20K",
8532,,"Peach Banana FUME Eternity Turbo 20K",,,"Disposable Vapes > Fume",http://aussievapes.com.au/wp-content/uploads/2026/01/peach-banana-fume-eternity-turbo-20k.png,,,,1,664,,https://mipod.com/products/peach-banana-fume-eternity-turbo-20k?_pos=39&_fid=35578faa8&_ss=c,mipod.com,1768392239,default,87,{},"Peach Banana FUME Eternity Turbo 20K",
8534,,"Peach Watermelon Berry FUME Eternity Turbo 20K",,,"Disposable Vapes > Fume",http://aussievapes.com.au/wp-content/uploads/2026/01/peach-watermelon-berry-fume-eternity-turbo-20k.png,,,,1,663,,https://mipod.com/products/peach-watermelon-berry-fume-eternity-turbo-20k?_pos=40&_fid=35578faa8&_ss=c,mipod.com,1778354483,default,82,,"Peach Watermelon Berry FUME Eternity Turbo 20K",
8536,,"Pineapple Ice FUME Eternity Turbo 20K",,,"Disposable Vapes > Fume",http://aussievapes.com.au/wp-content/uploads/2026/01/pineapple-ice-fume-eternity-turbo-20k.png,,,,1,662,,https://mipod.com/products/pineapple-ice-fume-eternity-turbo-20k?_pos=41&_fid=35578faa8&_ss=c,mipod.com,1768392244,default,87,{},"Pineapple Ice FUME Eternity Turbo 20K",
8538,,"Strawberry Kiwi Apricot FUME Eternity Turbo 20K",,,"Disposable Vapes > Fume",http://aussievapes.com.au/wp-content/uploads/2026/01/strawberry-kiwi-apricot-fume-eternity-turbo-20k.png,,,,1,661,,https://mipod.com/products/strawberry-kiwi-apricot-fume-eternity-turbo-20k?_pos=42&_fid=35578faa8&_ss=c,mipod.com,1768392251,default,82,{},"Strawberry Kiwi Apricot FUME Eternity Turbo 20K",
8540,,"Strawberry Watermelon FUME Eternity Turbo 20K",,,"Disposable Vapes > Fume",http://aussievapes.com.au/wp-content/uploads/2026/01/strawberry-watermelon-fume-eternity-turbo-20k.png,,,,1,660,,https://mipod.com/products/strawberry-watermelon-fume-eternity-turbo-20k?_pos=43&_fid=35578faa8&_ss=c,mipod.com,1769695987,default,82,{},"Strawberry Watermelon FUME Eternity Turbo 20K",
8542,,"Tropicana FUME Eternity Turbo 20K",,,"Disposable Vapes > Fume",http://aussievapes.com.au/wp-content/uploads/2026/01/tropicana-fume-eternity-turbo-20k.png,,,,1,659,,https://mipod.com/products/tropicana-fume-eternity-turbo-20k?_pos=44&_fid=35578faa8&_ss=c,mipod.com,1768392257,default,87,{},"Tropicana FUME Eternity Turbo 20K",
8544,,"Watermelon Berry FUME Eternity Turbo 20K",,,"Disposable Vapes > Fume",http://aussievapes.com.au/wp-content/uploads/2026/01/watermelon-berry-fume-eternity-turbo-20k.png,,,,1,658,,https://mipod.com/products/watermelon-berry-fume-eternity-turbo-20k?_pos=45&_fid=35578faa8&_ss=c,mipod.com,1768392259,default,82,{},"Watermelon Berry FUME Eternity Turbo 20K",
8546,,"Freezer Ice Fume PRO 30K",,,"Disposable Vapes > Fume",http://aussievapes.com.au/wp-content/uploads/2026/01/freezer-ice-fume-pro-30k.png,,,,1,657,,https://mipod.com/products/freezer-ice-fume-pro-30k?_pos=46&_fid=35578faa8&_ss=c,mipod.com,1768392261,default,86,{},"Freezer Ice Fume PRO 30K",
8548,,"Strawberry Banana FUME Eternity Turbo 20K",,,"Disposable Vapes > Fume",http://aussievapes.com.au/wp-content/uploads/2026/01/strawberry-banana-fume-eternity-turbo-20k.png,,,,1,656,,https://mipod.com/products/strawberry-banana-fume-eternity-turbo-20k?_pos=47&_fid=35578faa8&_ss=c,mipod.com,1768392263,default,82,{},"Strawberry Banana FUME Eternity Turbo 20K",
8550,,"Black Ice FUME Eternity Turbo 20K",,,"Disposable Vapes > Fume",http://aussievapes.com.au/wp-content/uploads/2026/01/black-ice-fume-eternity-turbo-20k.png,,,,1,655,,https://mipod.com/products/black-ice-fume-eternity-turbo-20k?_pos=48&_fid=35578faa8&_ss=c,mipod.com,1768392268,default,87,{},"Black Ice FUME Eternity Turbo 20K",
8552,,"Strawberry Pina Colada FUME Eternity Turbo 20K",,,"Disposable Vapes > Fume",http://aussievapes.com.au/wp-content/uploads/2026/01/strawberry-pina-colada-fume-eternity-turbo-20k.png,,,,1,654,,https://mipod.com/products/strawberry-pina-colada-fume-eternity-turbo-20k?_pos=49&_fid=35578faa8&_ss=c,mipod.com,1768392270,default,82,{},"Strawberry Pina Colada FUME Eternity Turbo 20K",
8554,,"Berry Bliss FUME PRO 30K",,,"Disposable Vapes > Fume",http://aussievapes.com.au/wp-content/uploads/2026/01/berry-bliss-fume-pro-30k.png,,,,1,653,,https://mipod.com/products/berry-bliss-fume-pro-30k?_pos=50&_fid=35578faa8&_ss=c,mipod.com,1768392272,default,85,{},"Berry Bliss FUME PRO 30K",
8558,,"Acid Tears Katchmi Plugin",,,"Disposable Vapes > Katchmi",http://aussievapes.com.au/wp-content/uploads/2026/01/acid-tears-katchmi-plugin.png,,,,1,651,,https://mipod.com/products/acid-tears-katchmi-plugin?_pos=1&_fid=eeacc6815&_ss=c,mipod.com,1769707647,default,87,{},"Acid Tears Katchmi Plugin",
8559,,"Arizona Blast Katchmi Plugin",,,"Disposable Vapes > Katchmi",http://aussievapes.com.au/wp-content/uploads/2026/01/arizona-blast-katchmi-plugin.png,,,,1,652,,https://mipod.com/products/arizona-blast-katchmi-plugin?_pos=3&_fid=eeacc6815&_ss=c,mipod.com,1769678251,default,86,{},"Arizona Blast Katchmi Plugin",
8560,,"Strazz Watermelon Katchmi Plugin",,,"Disposable Vapes > Katchmi",http://aussievapes.com.au/wp-content/uploads/2026/01/strazz-watermelon-katchmi-plugin.png,,,,1,650,,https://mipod.com/products/strazz-watermelon-katchmi-plugin?_pos=2&_fid=eeacc6815&_ss=c,mipod.com,1768392320,default,87,{},"Strazz Watermelon Katchmi Plugin",
8563,,"White Gummy Dream Katchmi Plugin",,,"Disposable Vapes > Katchmi",http://aussievapes.com.au/wp-content/uploads/2026/01/white-gummy-dream-katchmi-plugin.png,,,,1,647,,https://mipod.com/products/white-gummy-dream-katchmi-plugin?_pos=5&_fid=eeacc6815&_ss=c,mipod.com,1769717741,default,87,{},"White Gummy Dream Katchmi Plugin",
8564,,"Watermelon Ice Katchmi Plugin",,,"Disposable Vapes > Katchmi",http://aussievapes.com.au/wp-content/uploads/2026/01/watermelon-ice-katchmi-plugin.png,,,,1,648,,https://mipod.com/products/watermelon-ice-katchmi-plugin?_pos=4&_fid=eeacc6815&_ss=c,mipod.com,1778355677,default,88,{},"Watermelon Ice Katchmi Plugin",
8566,,"Sour Blue Cherry Katchmi Plugin",,,"Disposable Vapes > Katchmi",http://aussievapes.com.au/wp-content/uploads/2026/01/sour-blue-cherry-katchmi-plugin.png,,,,1,649,,https://mipod.com/products/sour-blue-cherry-katchmi-plugin?_pos=6&_fid=eeacc6815&_ss=c,mipod.com,1778339451,default,87,{},"Sour Blue Cherry Katchmi Plugin",
8570,,"Atomic Pop SHOT CALLER 40K",,,"Disposable Vapes > Shot Caller",http://aussievapes.com.au/wp-content/uploads/2026/01/atomic-pop-shot-caller-40k.png,,,,1,644,,https://mipod.com/products/atomic-pop-shot-caller-40k?_pos=1&_fid=cf9c53ff7&_ss=c,mipod.com,1778355754,default,85,{},"Atomic Pop SHOT CALLER 40K",
8571,,"Banana Pudding SHOT CALLER 40K",,,"Disposable Vapes > Shot Caller",http://aussievapes.com.au/wp-content/uploads/2026/01/banana-pudding-shot-caller-40k.png,,,,1,645,,https://mipod.com/products/banana-pudding-shot-caller-40k?_pos=3&_fid=cf9c53ff7&_ss=c,mipod.com,1768393838,default,85,{},"Banana Pudding SHOT CALLER 40K",
8572,,"Strawberry B-Pop SHOT CALLER 40K",,,"Disposable Vapes > Shot Caller",http://aussievapes.com.au/wp-content/uploads/2026/01/strawberry-b-pop-shot-caller-40k.png,,,,1,646,,https://mipod.com/products/strawberry-b-pop-shot-caller-40k?_pos=2&_fid=cf9c53ff7&_ss=c,mipod.com,1768393838,default,78,{},"Strawberry B-Pop SHOT CALLER 40K",
8576,,"Triple Berry Punch SHOT CALLER 40K",,,"Disposable Vapes > Shot Caller",http://aussievapes.com.au/wp-content/uploads/2026/01/triple-berry-punch-shot-caller-40k.png,,,,1,643,,https://mipod.com/products/triple-berry-punch-shot-caller-40k?_pos=6&_fid=cf9c53ff7&_ss=c,mipod.com,1768393841,default,86,{},"Triple Berry Punch SHOT CALLER 40K",
8577,,"Juicy Peach SHOT CALLER 40K",,,"Disposable Vapes > Shot Caller",http://aussievapes.com.au/wp-content/uploads/2026/01/juicy-peach-shot-caller-40k.png,,,,1,641,,https://mipod.com/products/juicy-peach-shot-caller-40k?_pos=5&_fid=cf9c53ff7&_ss=c,mipod.com,1768393841,default,85,,"Juicy Peach SHOT CALLER 40K",
8578,,"Blue Rancher SHOT CALLER 40K",,,"Disposable Vapes > Shot Caller",http://aussievapes.com.au/wp-content/uploads/2026/01/blue-rancher-shot-caller-40k.png,,,,1,642,,https://mipod.com/products/blue-rancher-shot-caller-40k?_pos=4&_fid=cf9c53ff7&_ss=c,mipod.com,1768393841,default,85,{},"Blue Rancher SHOT CALLER 40K",
8580,,"Sour Apple SHOT CALLER 40K",,,"Disposable Vapes > Shot Caller",http://aussievapes.com.au/wp-content/uploads/2026/01/sour-apple-shot-caller-40k.png,,,,1,640,,https://mipod.com/products/sour-apple-shot-caller-40k?_pos=7&_fid=cf9c53ff7&_ss=c,mipod.com,1768393843,default,85,{},"Sour Apple SHOT CALLER 40K",
8582,,"Nightcrawler SHOT CALLER 40K",,,"Disposable Vapes > Shot Caller",http://aussievapes.com.au/wp-content/uploads/2026/01/nightcrawler-shot-caller-40k.png,,,,1,639,,https://mipod.com/products/nightcrawler-shot-caller-40k?_pos=8&_fid=cf9c53ff7&_ss=c,mipod.com,1768393844,default,85,{},"Nightcrawler SHOT CALLER 40K",
8584,,"Pina Colada SHOT CALLER 40K",,,"Disposable Vapes > Shot Caller",http://aussievapes.com.au/wp-content/uploads/2026/01/pina-colada-shot-caller-40k.png,,,,1,638,,https://mipod.com/products/pina-colada-shot-caller-40k?_pos=9&_fid=cf9c53ff7&_ss=c,mipod.com,1768393847,default,85,{},"Pina Colada SHOT CALLER 40K",
8586,,"Strawberry Kiwi SHOT CALLER 40K",,,"Disposable Vapes > Shot Caller",http://aussievapes.com.au/wp-content/uploads/2026/01/strawberry-kiwi-shot-caller-40k.png,,,,1,637,,https://mipod.com/products/strawberry-kiwi-shot-caller-40k?_pos=10&_fid=cf9c53ff7&_ss=c,mipod.com,1768393849,default,85,{},"Strawberry Kiwi SHOT CALLER 40K",
8588,,"Miami Mint SHOT CALLER 40K",,,"Disposable Vapes > Shot Caller",http://aussievapes.com.au/wp-content/uploads/2026/01/miami-mint-shot-caller-40k.png,,,,1,636,,https://mipod.com/products/miami-mint-shot-caller-40k?_pos=11&_fid=cf9c53ff7&_ss=c,mipod.com,1768393851,default,85,{},"Miami Mint SHOT CALLER 40K",
8590,,"Watermelon Ice SHOT CALLER 40K",,,"Disposable Vapes > Shot Caller",http://aussievapes.com.au/wp-content/uploads/2026/01/watermelon-ice-shot-caller-40k.png,,,,1,635,,https://mipod.com/products/watermelon-ice-shot-caller-40k?_pos=12&_fid=cf9c53ff7&_ss=c,mipod.com,1768393853,default,85,{},"Watermelon Ice SHOT CALLER 40K",
8592,,"Grape B-Pop SHOT CALLER 40K",,,"Disposable Vapes > Shot Caller",http://aussievapes.com.au/wp-content/uploads/2026/01/grape-b-pop-shot-caller-40k.png,,,,1,634,,https://mipod.com/products/grape-b-pop-shot-caller-40k?_pos=13&_fid=cf9c53ff7&_ss=c,mipod.com,1768393855,default,78,{},"Grape B-Pop SHOT CALLER 40K",
8594,,"Lemonade Stand SHOT CALLER 40K",,,"Disposable Vapes > Shot Caller",http://aussievapes.com.au/wp-content/uploads/2026/01/lemonade-stand-shot-caller-40k.png,,,,1,633,,https://mipod.com/products/lemonade-stand-shot-caller-40k?_pos=14&_fid=cf9c53ff7&_ss=c,mipod.com,1778355768,default,85,,"Lemonade Stand SHOT CALLER 40K",
8596,,"Blue Razz Ice SHOT CALLER 40K",,,"Disposable Vapes > Shot Caller",http://aussievapes.com.au/wp-content/uploads/2026/01/blue-razz-ice-shot-caller-40k.png,,,,1,632,,https://mipod.com/products/blue-razz-ice-shot-caller-40k?_pos=15&_fid=cf9c53ff7&_ss=c,mipod.com,1768393860,default,85,{},"Blue Razz Ice SHOT CALLER 40K",
8598,,"Cinnabun SHOT CALLER 40K",,,"Disposable Vapes > Shot Caller",http://aussievapes.com.au/wp-content/uploads/2026/01/cinnabun-shot-caller-40k.png,,,,1,631,,https://mipod.com/products/cinnabun-shot-caller-40k?_pos=16&_fid=cf9c53ff7&_ss=c,mipod.com,1768393862,default,85,{},"Cinnabun SHOT CALLER 40K",
8602,,"Strawberry Watermelon FLONQ Max Smart",,,"Disposable Vapes > Flonq",http://aussievapes.com.au/wp-content/uploads/2026/01/strawberry-watermelon-flonq-max-smart.png,,,,1,628,,https://mipod.com/products/strawberry-watermelon-flonq-max-smart?_pos=3&_fid=c5c51bf0c&_ss=c,mipod.com,1768393969,default,85,{},"Strawberry Watermelon FLONQ Max Smart",
8603,,"Cherry Lemon FLONQ Max Pro",,,"Disposable Vapes > Flonq",http://aussievapes.com.au/wp-content/uploads/2026/01/cherry-lemon-flonq-max-pro.png,,,,1,629,,https://mipod.com/products/cherry-lemon-flonq-max-pro?_pos=2&_fid=c5c51bf0c&_ss=c,mipod.com,1778355702,default,78,{},"Cherry Lemon FLONQ Max Pro",
8604,,"Pineapple Coconut FLONQ Max Pro ZERO",,,"Disposable Vapes > Flonq",http://aussievapes.com.au/wp-content/uploads/2026/01/pineapple-coconut-flonq-max-pro-zero.png,,,,1,630,,https://mipod.com/products/pineapple-coconut-flonq-max-pro-zero?_pos=1&_fid=c5c51bf0c&_ss=c,mipod.com,1778339443,default,87,{},"Pineapple Coconut FLONQ Max Pro ZERO",
8606,,"Strawberry Ice Cream FLONQ Max Smart",,,"Disposable Vapes > Flonq",http://aussievapes.com.au/wp-content/uploads/2026/01/strawberry-ice-cream-flonq-max-smart.png,,,,1,627,,https://mipod.com/products/strawberry-ice-cream-flonq-max-smart?_pos=4&_fid=c5c51bf0c&_ss=c,mipod.com,1768393971,default,87,{},"Strawberry Ice Cream FLONQ Max Smart",
8608,,"Blue Lemonade FLONQ Max Smart",,,"Disposable Vapes > Flonq",http://aussievapes.com.au/wp-content/uploads/2026/01/blue-lemonade-flonq-max-smart.png,,,,1,626,,https://mipod.com/products/blue-lemonade-flonq-max-smart?_pos=5&_fid=c5c51bf0c&_ss=c,mipod.com,1768393972,default,85,{},"Blue Lemonade FLONQ Max Smart",
8610,,"Yummy Bear FLONQ Max Smart",,,"Disposable Vapes > Flonq",http://aussievapes.com.au/wp-content/uploads/2026/01/yummy-bear-flonq-max-smart.png,,,,1,625,,https://mipod.com/products/yummy-bear-flonq-max-smart?_pos=6&_fid=c5c51bf0c&_ss=c,mipod.com,1768393975,default,85,{},"Yummy Bear FLONQ Max Smart",
8612,,"Watermelon Ice FLONQ Max Smart",,,"Disposable Vapes > Flonq",http://aussievapes.com.au/wp-content/uploads/2026/01/watermelon-ice-flonq-max-smart.png,,,,1,624,,https://mipod.com/products/watermelon-ice-flonq-max-smart?_pos=7&_fid=c5c51bf0c&_ss=c,mipod.com,1768393978,default,87,{},"Watermelon Ice FLONQ Max Smart",
8614,,"Cherry Peach Lemonade FLONQ Max Smart",,,"Disposable Vapes > Flonq",http://aussievapes.com.au/wp-content/uploads/2026/01/cherry-peach-lemonade-flonq-max-smart.png,,,,1,623,,https://mipod.com/products/cherry-peach-lemonade-flonq-max-smart?_pos=8&_fid=c5c51bf0c&_ss=c,mipod.com,1768393980,default,87,,"Cherry Peach Lemonade FLONQ Max Smart",
8616,,"Milk Chocolate FLONQ Max Smart",,,"Disposable Vapes > Flonq",http://aussievapes.com.au/wp-content/uploads/2026/01/milk-chocolate-flonq-max-smart.png,,,,1,622,,https://mipod.com/products/milk-chocolate-flonq-max-smart?_pos=9&_fid=c5c51bf0c&_ss=c,mipod.com,1768393981,default,87,,"Milk Chocolate FLONQ Max Smart",
8618,,"Pink Lemonade FLONQ Max Smart",,,"Disposable Vapes > Flonq",http://aussievapes.com.au/wp-content/uploads/2026/01/pink-lemonade-flonq-max-smart.png,,,,1,621,,https://mipod.com/products/pink-lemonade-flonq-max-smart?_pos=10&_fid=c5c51bf0c&_ss=c,mipod.com,1768393984,default,85,,"Pink Lemonade FLONQ Max Smart",
8620,,"Grape FLONQ Max Smart",,,"Disposable Vapes > Flonq",http://aussievapes.com.au/wp-content/uploads/2026/01/grape-flonq-max-smart.png,,,,1,620,,https://mipod.com/products/grape-flonq-max-smart?_pos=11&_fid=c5c51bf0c&_ss=c,mipod.com,1778339450,default,87,{},"Grape FLONQ Max Smart",
8622,,"Mint Chill FLONQ Max Smart",,,"Disposable Vapes > Flonq",http://aussievapes.com.au/wp-content/uploads/2026/01/mint-chill-flonq-max-smart.png,,,,1,619,,https://mipod.com/products/mint-chill-flonq-max-smart?_pos=12&_fid=c5c51bf0c&_ss=c,mipod.com,1768393988,default,85,{},"Mint Chill FLONQ Max Smart",
8625,,"Mixed Berries FLONQ Max Smart",,,"Disposable Vapes > Flonq",http://aussievapes.com.au/wp-content/uploads/2026/01/mixed-berries-flonq-max-smart.png,,,,1,618,,https://mipod.com/products/mixed-berries-flonq-max-smart?_pos=13&_fid=c5c51bf0c&_ss=c,mipod.com,1778353200,default,87,{},"Mixed Berries FLONQ Max Smart",
8626,,"Strawberry Kiwi FLONQ Max Smart",,,"Disposable Vapes > Flonq",http://aussievapes.com.au/wp-content/uploads/2026/01/strawberry-kiwi-flonq-max-smart.png,,,,1,617,,https://mipod.com/products/strawberry-kiwi-flonq-max-smart?_pos=14&_fid=c5c51bf0c&_ss=c,mipod.com,1768393993,default,87,{},"Strawberry Kiwi FLONQ Max Smart",
8628,,"Pineapple Coconut FLONQ Max Smart",,,"Disposable Vapes > Flonq",http://aussievapes.com.au/wp-content/uploads/2026/01/pineapple-coconut-flonq-max-smart.png,,,,1,616,,https://mipod.com/products/pineapple-coconut-flonq-max-smart?_pos=15&_fid=c5c51bf0c&_ss=c,mipod.com,1778355700,default,87,{},"Pineapple Coconut FLONQ Max Smart",
8630,,"Strawberry Banana FLONQ Max Smart",,,"Disposable Vapes > Flonq",http://aussievapes.com.au/wp-content/uploads/2026/01/strawberry-banana-flonq-max-smart.png,,,,1,615,,https://mipod.com/products/strawberry-banana-flonq-max-smart?_pos=16&_fid=c5c51bf0c&_ss=c,mipod.com,1768393998,default,87,{},"Strawberry Banana FLONQ Max Smart",
8632,,"Peach Ice FLONQ Max Smart",,,"Disposable Vapes > Flonq",http://aussievapes.com.au/wp-content/uploads/2026/01/peach-ice-flonq-max-smart.png,,,,1,614,,https://mipod.com/products/peach-ice-flonq-max-smart?_pos=17&_fid=c5c51bf0c&_ss=c,mipod.com,1768394001,default,87,{},"Peach Ice FLONQ Max Smart",
8634,,"Watermelon Bubblegum FLONQ Max Smart",,,"Disposable Vapes > Flonq",http://aussievapes.com.au/wp-content/uploads/2026/01/watermelon-bubblegum-flonq-max-smart.png,,,,1,613,,https://mipod.com/products/watermelon-bubblegum-flonq-max-smart?_pos=18&_fid=c5c51bf0c&_ss=c,mipod.com,1768394003,default,87,{},"Watermelon Bubblegum FLONQ Max Smart",
8636,,"Blue Razz Icy FLONQ Max Pro",,,"Disposable Vapes > Flonq",http://aussievapes.com.au/wp-content/uploads/2026/01/blue-razz-icy-flonq-max-pro.png,,,,1,612,,https://mipod.com/products/blue-razz-icy-flonq-max-pro?_pos=19&_fid=c5c51bf0c&_ss=c,mipod.com,1768394005,default,87,{},"Blue Razz Icy FLONQ Max Pro",
8638,,"Mango Icy FLONQ Max Pro",,,"Disposable Vapes > Flonq",http://aussievapes.com.au/wp-content/uploads/2026/01/mango-icy-flonq-max-pro.png,,,,1,611,,https://mipod.com/products/mango-icy-flonq-max-pro?_pos=20&_fid=c5c51bf0c&_ss=c,mipod.com,1768394007,default,78,{},"Mango Icy FLONQ Max Pro",
8640,,"Peach Icy FLONQ Max Pro",,,"Disposable Vapes > Flonq",http://aussievapes.com.au/wp-content/uploads/2026/01/peach-icy-flonq-max-pro.png,,,,1,610,,https://mipod.com/products/peach-icy-flonq-max-pro?_pos=21&_fid=c5c51bf0c&_ss=c,mipod.com,1769706099,default,78,{},"Peach Icy FLONQ Max Pro",
8642,,"Watermelon Icy FLONQ Max Pro",,,"Disposable Vapes > Flonq",http://aussievapes.com.au/wp-content/uploads/2026/01/watermelon-icy-flonq-max-pro.png,,,,1,609,,https://mipod.com/products/watermelon-icy-flonq-max-pro?_pos=22&_fid=c5c51bf0c&_ss=c,mipod.com,1768394011,default,85,{},"Watermelon Icy FLONQ Max Pro",
8644,,"Pineapple Coconut FLONQ Max Pro",,,"Disposable Vapes > Flonq",http://aussievapes.com.au/wp-content/uploads/2026/01/pineapple-coconut-flonq-max-pro.png,,,,1,608,,https://mipod.com/products/pineapple-coconut-flonq-max-pro?_pos=23&_fid=c5c51bf0c&_ss=c,mipod.com,1768394013,default,87,{},"Pineapple Coconut FLONQ Max Pro",
8646,,"Kiwi Lime FLONQ Max Smart",,,"Disposable Vapes > Flonq",http://aussievapes.com.au/wp-content/uploads/2026/01/kiwi-lime-flonq-max-smart.png,,,,1,607,,https://mipod.com/products/kiwi-lime-flonq-max-smart?_pos=24&_fid=c5c51bf0c&_ss=c,mipod.com,1778355819,default,85,{},"Kiwi Lime FLONQ Max Smart",
8648,,"Cherry Lemon FLONQ Max Pro ZERO",,,"Disposable Vapes > Flonq",http://aussievapes.com.au/wp-content/uploads/2026/01/cherry-lemon-flonq-max-pro-zero.png,,,,1,606,,https://mipod.com/products/cherry-lemon-flonq-max-pro-zero?_pos=25&_fid=c5c51bf0c&_ss=c,mipod.com,1778339444,default,85,{},"Cherry Lemon FLONQ Max Pro ZERO",
8650,,"Strawberry Ice Cream FLONQ Max Pro",,,"Disposable Vapes > Flonq",http://aussievapes.com.au/wp-content/uploads/2026/01/strawberry-ice-cream-flonq-max-pro.png,,,,1,605,,https://mipod.com/products/strawberry-ice-cream-flonq-max-pro?_pos=26&_fid=c5c51bf0c&_ss=c,mipod.com,1768394020,default,78,{},"Strawberry Ice Cream FLONQ Max Pro",
8652,,"Banana Milkshake FLONQ Max Pro",,,"Disposable Vapes > Flonq",http://aussievapes.com.au/wp-content/uploads/2026/01/banana-milkshake-flonq-max-pro.png,,,,1,604,,https://mipod.com/products/banana-milkshake-flonq-max-pro?_pos=27&_fid=c5c51bf0c&_ss=c,mipod.com,1768394023,default,85,{},"Banana Milkshake FLONQ Max Pro",
8654,,"Grape Icy FLONQ Max Pro",,,"Disposable Vapes > Flonq",http://aussievapes.com.au/wp-content/uploads/2026/01/grape-icy-flonq-max-pro.png,,,,1,603,,https://mipod.com/products/grape-icy-flonq-max-pro?_pos=28&_fid=c5c51bf0c&_ss=c,mipod.com,1769673061,default,78,{},"Grape Icy FLONQ Max Pro",
8656,,"Strawberry Kiwi FLONQ Max Pro",,,"Disposable Vapes > Flonq",http://aussievapes.com.au/wp-content/uploads/2026/01/strawberry-kiwi-flonq-max-pro.png,,,,1,602,,https://mipod.com/products/strawberry-kiwi-flonq-max-pro?_pos=29&_fid=c5c51bf0c&_ss=c,mipod.com,1768394027,default,78,{},"Strawberry Kiwi FLONQ Max Pro",
8658,,"Strawberry Watermelon FLONQ Max Pro",,,"Disposable Vapes > Flonq",http://aussievapes.com.au/wp-content/uploads/2026/01/strawberry-watermelon-flonq-max-pro.png,,,,1,601,,https://mipod.com/products/strawberry-watermelon-flonq-max-pro?_pos=30&_fid=c5c51bf0c&_ss=c,mipod.com,1768394029,default,78,{},"Strawberry Watermelon FLONQ Max Pro",
8660,,"Blueberry Lemonade FLONQ Max Pro",,,"Disposable Vapes > Flonq",http://aussievapes.com.au/wp-content/uploads/2026/01/blueberry-lemonade-flonq-max-pro.png,,,,1,600,,https://mipod.com/products/blueberry-lemonade-flonq-max-pro?_pos=31&_fid=c5c51bf0c&_ss=c,mipod.com,1768394031,default,87,{},"Blueberry Lemonade FLONQ Max Pro",
8663,,"Lush Ice Loon Air+",,,"Disposable Vapes > Loon",http://aussievapes.com.au/wp-content/uploads/2026/01/lush-ice-loon-air.png,,,,1,599,,https://mipod.com/products/lush-ice-loon-air-plus?_pos=2&_fid=23d1625f8&_ss=c,mipod.com,1768394131,default,78,{},"Lush Ice Loon Air+",
8664,,"Bad Bull Loon Air+",,,"Disposable Vapes > Loon",http://aussievapes.com.au/wp-content/uploads/2026/01/bad-bull-loon-air.png,,,,1,597,,https://mipod.com/products/bad-bull-loon-air-plus?_pos=1&_fid=23d1625f8&_ss=c,mipod.com,1769678253,default,78,{},"Bad Bull Loon Air+",
8666,,"Pineapple Ice Loon Air+",,,"Disposable Vapes > Loon",http://aussievapes.com.au/wp-content/uploads/2026/01/pineapple-ice-loon-air.png,,,,1,598,,https://mipod.com/products/pineapple-ice-loon-air-plus?_pos=3&_fid=23d1625f8&_ss=c,mipod.com,1768394132,default,78,{},"Pineapple Ice Loon Air+",
8668,,"Strawberry Watermelon Loon Air+",,,"Disposable Vapes > Loon",http://aussievapes.com.au/wp-content/uploads/2026/01/strawberry-watermelon-loon-air.png,,,,1,596,,https://mipod.com/products/strawberry-watermelon-loon-air-plus?_pos=4&_fid=23d1625f8&_ss=c,mipod.com,1768394134,default,78,{},"Strawberry Watermelon Loon Air+",
8670,,"Bowzer Berry Loon Maxx",,,"Disposable Vapes > Loon",http://aussievapes.com.au/wp-content/uploads/2026/01/bowzer-berry-loon-maxx.png,,,,1,595,,https://mipod.com/products/bowzer-berry-loon-maxx?_pos=5&_fid=23d1625f8&_ss=c,mipod.com,1778339443,default,85,{},"Bowzer Berry Loon Maxx",
8672,,"Orange Fantasie Loon Air+",,,"Disposable Vapes > Loon",http://aussievapes.com.au/wp-content/uploads/2026/01/orange-fantasie-loon-air.png,,,,1,594,,https://mipod.com/products/orange-fantasie-loon-air-plus?_pos=6&_fid=23d1625f8&_ss=c,mipod.com,1768394138,default,78,{},"Orange Fantasie Loon Air+",
8674,,"Frozen Melon Loon Maxx",,,"Disposable Vapes > Loon",http://aussievapes.com.au/wp-content/uploads/2026/01/frozen-melon-loon-maxx.png,,,,1,593,,https://mipod.com/products/frozen-melon-loon-maxx?_pos=7&_fid=23d1625f8&_ss=c,mipod.com,1778355684,default,85,{},"Frozen Melon Loon Maxx",
8676,,"Frozen Mango Loon Maxx",,,"Disposable Vapes > Loon",http://aussievapes.com.au/wp-content/uploads/2026/01/frozen-mango-loon-maxx.png,,,,1,592,,https://mipod.com/products/frozen-mango-loon-maxx?_pos=8&_fid=23d1625f8&_ss=c,mipod.com,1778339452,default,85,{},"Frozen Mango Loon Maxx",
8678,,"Frozen Grape Loon Maxx",,,"Disposable Vapes > Loon",http://aussievapes.com.au/wp-content/uploads/2026/01/frozen-grape-loon-maxx.png,,,,1,591,,https://mipod.com/products/frozen-grape-loon-maxx?_pos=9&_fid=23d1625f8&_ss=c,mipod.com,1778339448,default,78,{},"Frozen Grape Loon Maxx",
8680,,"Raspberry Blueberry Lemon Loon Air+",,,"Disposable Vapes > Loon",http://aussievapes.com.au/wp-content/uploads/2026/01/raspberry-blueberry-lemon-loon-air.png,,,,1,590,,https://mipod.com/products/raspberry-blueberry-lemon-loon-air-plus?_pos=10&_fid=23d1625f8&_ss=c,mipod.com,1769608778,default,78,{},"Raspberry Blueberry Lemon Loon Air+",
8682,,"Berry Lemonade Loon Air+",,,"Disposable Vapes > Loon",http://aussievapes.com.au/wp-content/uploads/2026/01/berry-lemonade-loon-air.png,,,,1,589,,https://mipod.com/products/berry-lemonade-loon-air-plus?_pos=11&_fid=23d1625f8&_ss=c,mipod.com,1769697711,default,78,{},"Berry Lemonade Loon Air+",
8684,,"Grape Loon Air+",,,"Disposable Vapes > Loon",http://aussievapes.com.au/wp-content/uploads/2026/01/grape-loon-air.png,,,,1,588,,https://mipod.com/products/grape-loon-air-plus?_pos=12&_fid=23d1625f8&_ss=c,mipod.com,1778339444,default,78,{},"Grape Loon Air+",
8686,,"Blue Razz Loon Maxx",,,"Disposable Vapes > Loon",http://aussievapes.com.au/wp-content/uploads/2026/01/blue-razz-loon-maxx.png,,,,1,587,,https://mipod.com/products/blue-razz-loon-maxx?_pos=13&_fid=23d1625f8&_ss=c,mipod.com,1768394152,default,85,{},"Blue Razz Loon Maxx",
8688,,"Mint Loon Air+",,,"Disposable Vapes > Loon",http://aussievapes.com.au/wp-content/uploads/2026/01/mint-loon-air.png,,,,1,586,,https://mipod.com/products/mint-loon-air-plus?_pos=14&_fid=23d1625f8&_ss=c,mipod.com,1778339452,default,78,{},"Mint Loon Air+",
8690,,"Mango Ice Loon Air+",,,"Disposable Vapes > Loon",http://aussievapes.com.au/wp-content/uploads/2026/01/mango-ice-loon-air.png,,,,1,585,,https://mipod.com/products/mango-ice-loon-air-plus?_pos=15&_fid=23d1625f8&_ss=c,mipod.com,1768394157,default,78,{},"Mango Ice Loon Air+",
8693,,"Wintergreen Mr Fog Nova",,,"Disposable Vapes > Mr Fog",http://aussievapes.com.au/wp-content/uploads/2026/01/wintergreen-mr-fog-nova.png,,,,1,584,,https://mipod.com/products/wintergreen-mr-fog-nova?_pos=1&_fid=a756cdb2a&_ss=c,mipod.com,1768394343,default,85,,"Wintergreen Mr Fog Nova",
8695,,"Polar Ice Mr Fog Nova",,,"Disposable Vapes > Mr Fog",http://aussievapes.com.au/wp-content/uploads/2026/01/polar-ice-mr-fog-nova.png,,,,1,582,,https://mipod.com/products/polar-ice-mr-fog-nova?_pos=3&_fid=a756cdb2a&_ss=c,mipod.com,1768394344,default,85,{},"Polar Ice Mr Fog Nova",
8696,,"Sour Apple Ice Mr Fog Nova",,,"Disposable Vapes > Mr Fog",http://aussievapes.com.au/wp-content/uploads/2026/01/sour-apple-ice-mr-fog-nova.png,,,,1,583,,https://mipod.com/products/sour-apple-ice-mr-fog-nova?_pos=2&_fid=a756cdb2a&_ss=c,mipod.com,1768394344,default,85,{},"Sour Apple Ice Mr Fog Nova",
8700,,"Blueberry Mr Fog Nova (Blue Razz Steezy)",,,"Disposable Vapes > Mr Fog",http://aussievapes.com.au/wp-content/uploads/2026/01/blueberry-mr-fog-nova-blue-razz-steezy.png,,,,1,580,,https://mipod.com/products/blueberry-mr-fog-nova-blue-razz-steezy?_pos=6&_fid=a756cdb2a&_ss=c,mipod.com,1768394346,default,74,{},"Blueberry Mr Fog Nova (Blue Razz Steezy)",
8701,,"Blue Rancher Ice Mr Fog Nova (Blue Razz Steezy)",,,"Disposable Vapes > Mr Fog",http://aussievapes.com.au/wp-content/uploads/2026/01/blue-rancher-ice-mr-fog-nova-blue-razz-steezy.png,,,,1,581,,https://mipod.com/products/blue-rancher-ice-mr-fog-nova-blue-razz-steezy?_pos=4&_fid=a756cdb2a&_ss=c,mipod.com,1768394346,default,74,{},"Blue Rancher Ice Mr Fog Nova (Blue Razz Steezy)",
8702,,"Raspberry Mr Fog Nova (Blue Razz Steezy)",,,"Disposable Vapes > Mr Fog",http://aussievapes.com.au/wp-content/uploads/2026/01/raspberry-mr-fog-nova-blue-razz-steezy.png,,,,1,579,,https://mipod.com/products/raspberry-mr-fog-nova-blu-razz-steezy?_pos=5&_fid=a756cdb2a&_ss=c,mipod.com,1768394346,default,76,{},"Raspberry Mr Fog Nova (Blue Razz Steezy)",
8705,,"Apple Lemon Mint PALAX KC8000",,,"Disposable Vapes > Palax",http://aussievapes.com.au/wp-content/uploads/2026/01/apple-lemon-mint-palax-kc8000.png,,,,1,576,,https://mipod.com/products/apple-lemon-mint-palax-8000?_pos=1&_fid=0e8b36476&_ss=c,mipod.com,1769792918,default,87,,"Apple Lemon Mint PALAX KC8000",
8706,,"Carribean Breeze PALAX KC8000",,,"Disposable Vapes > Palax",http://aussievapes.com.au/wp-content/uploads/2026/01/carribean-breeze-palax-kc8000.png,,,,1,577,,https://mipod.com/products/carribean-breeze-palax-8000?_pos=3&_fid=0e8b36476&_ss=c,mipod.com,1768394445,default,85,,"Carribean Breeze PALAX KC8000",
8708,,"Black Dragon Ice PALAX KC8000",,,"Disposable Vapes > Palax",http://aussievapes.com.au/wp-content/uploads/2026/01/black-dragon-ice-palax-kc8000.png,,,,1,578,,https://mipod.com/products/black-dragon-ice-palax-8000?_pos=2&_fid=0e8b36476&_ss=c,mipod.com,1769735784,default,87,,"Black Dragon Ice PALAX KC8000",
8710,,"Dragon Bear PALAX KC8000",,,"Disposable Vapes > Palax",http://aussievapes.com.au/wp-content/uploads/2026/01/dragon-bear-palax-kc8000.png,,,,1,575,,https://mipod.com/products/dragon-bear-palax-8000?_pos=4&_fid=0e8b36476&_ss=c,mipod.com,1778344742,default,85,,"Dragon Bear PALAX KC8000",
8712,,"Mango Aloe Ice PALAX KC8000",,,"Disposable Vapes > Palax",http://aussievapes.com.au/wp-content/uploads/2026/01/mango-aloe-ice-palax-kc8000.png,,,,1,574,,https://mipod.com/products/mango-aloe-ice-palax-8000?_pos=5&_fid=0e8b36476&_ss=c,mipod.com,1769688400,default,85,,"Mango Aloe Ice PALAX KC8000",
8714,,"Mango Chill PALAX KC8000",,,"Disposable Vapes > Palax",http://aussievapes.com.au/wp-content/uploads/2026/01/mango-chill-palax-kc8000.png,,,,1,573,,https://mipod.com/products/mango-chill-palax-8000?_pos=6&_fid=0e8b36476&_ss=c,mipod.com,1769700868,default,87,,"Mango Chill PALAX KC8000",
8716,,"Mix Bears PALAX KC8000",,,"Disposable Vapes > Palax",http://aussievapes.com.au/wp-content/uploads/2026/01/mix-bears-palax-kc8000.png,,,,1,572,,https://mipod.com/products/mix-bear-palax-8000?_pos=7&_fid=0e8b36476&_ss=c,mipod.com,1768394455,default,85,,"Mix Bears PALAX KC8000",
8718,,"Pacific Chill PALAX 8000",,,"Disposable Vapes > Palax",http://aussievapes.com.au/wp-content/uploads/2026/01/pacific-chill-palax-8000.png,,,,1,571,,https://mipod.com/products/pacific-chill-palax-8000?_pos=8&_fid=0e8b36476&_ss=c,mipod.com,1778358535,default,85,,"Pacific Chill PALAX 8000",
8720,,"Straw Gummy Lemonade PALAX KC8000",,,"Disposable Vapes > Palax",http://aussievapes.com.au/wp-content/uploads/2026/01/straw-gummy-lemonade-palax-kc8000.png,,,,1,570,,https://mipod.com/products/straw-gummy-lemonade-palax-8000?_pos=9&_fid=0e8b36476&_ss=c,mipod.com,1778358552,default,87,,"Straw Gummy Lemonade PALAX KC8000",
8722,,"Unicorn PALAX KC8000",,,"Disposable Vapes > Palax",http://aussievapes.com.au/wp-content/uploads/2026/01/unicorn-palax-kc8000.png,,,,1,569,,https://mipod.com/products/unicorn-palax-8000?_pos=10&_fid=0e8b36476&_ss=c,mipod.com,1768394463,default,85,,"Unicorn PALAX KC8000",
8724,,"Blue Razz Slushi PALAX KC8000",,,"Disposable Vapes > Palax",http://aussievapes.com.au/wp-content/uploads/2026/01/blue-razz-slushi-palax-kc8000.png,,,,1,568,,https://mipod.com/products/blue-razz-slushi-palax-8000?_pos=11&_fid=0e8b36476&_ss=c,mipod.com,1768394467,default,87,,"Blue Razz Slushi PALAX KC8000",
8726,,"Pink Burst PALAX KC8000",,,"Disposable Vapes > Palax",http://aussievapes.com.au/wp-content/uploads/2026/01/pink-burst-palax-kc8000.png,,,,1,567,,https://mipod.com/products/pink-burst-palax-8000?_pos=12&_fid=0e8b36476&_ss=c,mipod.com,1768394469,default,85,,"Pink Burst PALAX KC8000",
8728,,"Tiger Blood PALAX KC8000",,,"Disposable Vapes > Palax",http://aussievapes.com.au/wp-content/uploads/2026/01/tiger-blood-palax-kc8000.png,,,,1,566,,https://mipod.com/products/tiger-blood-palax-8000?_pos=13&_fid=0e8b36476&_ss=c,mipod.com,1778358571,default,88,,"Tiger Blood PALAX KC8000",
8730,,"Lush Peach Dew PALAX KC8000",,,"Disposable Vapes > Palax",http://aussievapes.com.au/wp-content/uploads/2026/01/lush-peach-dew-palax-kc8000.png,,,,1,565,,https://mipod.com/products/lush-peach-dew-palax-8000?_pos=14&_fid=0e8b36476&_ss=c,mipod.com,1768394472,default,85,,"Lush Peach Dew PALAX KC8000",
8734,,"Fuji Peach YOVO JB8000",,,"Disposable Vapes > YOVO",http://aussievapes.com.au/wp-content/uploads/2026/01/fuji-peach-yovo-jb8000.png,,,,1,562,,https://mipod.com/products/fuji-peach-yovo-jb8000?_pos=1&_fid=eaf642506&_ss=c,mipod.com,1769685811,,,,,
8735,,"Citrus Cake YOVO JB8000",,,"Disposable Vapes > YOVO",http://aussievapes.com.au/wp-content/uploads/2026/01/citrus-cake-yovo-jb8000.png,,,,1,563,,https://mipod.com/products/yovo-jb8000-citrus-cake?_pos=3&_fid=eaf642506&_ss=c,mipod.com,1768394769,,,,,
8736,,"Cherry Lime YOVO JB8000",,,"Disposable Vapes > YOVO",http://aussievapes.com.au/wp-content/uploads/2026/01/cherry-lime-yovo-jb8000.png,,,,1,564,,https://mipod.com/products/yovo-jb8000-cherry-lime?_pos=2&_fid=eaf642506&_ss=c,mipod.com,1768394769,,,,,
8739,,"Peach Rings YOVO JB8000",,,"Disposable Vapes > YOVO",http://aussievapes.com.au/wp-content/uploads/2026/01/peach-rings-yovo-jb8000.png,,,,1,561,,https://mipod.com/products/peach-rings-yovo-jb8000?_pos=4&_fid=eaf642506&_ss=c,mipod.com,1768394770,,,,,
8741,,"Mento Strawberry YOVO JB8000 Black Golden Edition",,,"Disposable Vapes > YOVO",http://aussievapes.com.au/wp-content/uploads/2026/01/mento-strawberry-yovo-jb8000-black-golden-edition.png,,,,1,560,,https://mipod.com/products/mento-strawberry-yovo-jb8000-black-golden-edition?_pos=5&_fid=eaf642506&_ss=c,mipod.com,1769700196,,,,,
8742,,"Alphonso Mango YOVO JB8000 Black Golden Edition",,,"Disposable Vapes > YOVO",http://aussievapes.com.au/wp-content/uploads/2026/01/alphonso-mango-yovo-jb8000-black-golden-edition.png,,,,1,559,,https://mipod.com/products/alphonso-mango-yovo-jb8000-black-golden-edition?_pos=6&_fid=eaf642506&_ss=c,mipod.com,1769678246,,,,,
8745,,"Mento Rainbow Blast YOVO JB8000 Black Golden Edition",,,"Disposable Vapes > YOVO",http://aussievapes.com.au/wp-content/uploads/2026/01/mento-rainbow-blast-yovo-jb8000-black-golden-edition.png,,,,1,558,,https://mipod.com/products/rainbow-mento-blast-yovo-jb8000-black-golden-edition?_pos=7&_fid=eaf642506&_ss=c,mipod.com,1778354342,,,,,
8746,,"Blue Razz Ice YOVO JB50000 Kit",,,"Disposable Vapes > YOVO",http://aussievapes.com.au/wp-content/uploads/2026/01/blue-razz-ice-yovo-jb50000-kit.png,,,,1,557,,https://mipod.com/products/blue-razz-ice-yovo-jb50000-kit?_pos=8&_fid=eaf642506&_ss=c,mipod.com,1768394774,default,87,{},"Blue Razz Ice YOVO JB50000 Kit",
8749,,"Fresh Mint YOVO JB50000 Kit",,,"Disposable Vapes > YOVO",http://aussievapes.com.au/wp-content/uploads/2026/01/fresh-mint-yovo-jb50000-kit.png,,,,1,555,,https://mipod.com/products/fresh-mint-yovo-jb50000-kit?_pos=9&_fid=eaf642506&_ss=c,mipod.com,1768394776,default,87,{},"Fresh Mint YOVO JB50000 Kit",
8750,,"Infinite Swirl YOVO JB50000 Kit",,,"Disposable Vapes > YOVO",http://aussievapes.com.au/wp-content/uploads/2026/01/infinite-swirl-yovo-jb50000-kit.png,,,,1,556,,https://mipod.com/products/infinite-swirl-yovo-jb50000-kit?_pos=10&_fid=eaf642506&_ss=c,mipod.com,1768394777,default,85,{},"Infinite Swirl YOVO JB50000 Kit",
8753,,"Miami Mint YOVO JB50000 Kit",,,"Disposable Vapes > YOVO",http://aussievapes.com.au/wp-content/uploads/2026/01/miami-mint-yovo-jb50000-kit.png,,,,1,554,,https://mipod.com/products/miami-mint-yovo-jb50000-kit?_pos=11&_fid=eaf642506&_ss=c,mipod.com,1769698786,default,87,{},"Miami Mint YOVO JB50000 Kit",
8754,,"Orange Ice YOVO JB50000 Kit",,,"Disposable Vapes > YOVO",http://aussievapes.com.au/wp-content/uploads/2026/01/orange-ice-yovo-jb50000-kit.png,,,,1,553,,https://mipod.com/products/orange-ice-yovo-jb50000-kit?_pos=12&_fid=eaf642506&_ss=c,mipod.com,1768394778,default,87,{},"Orange Ice YOVO JB50000 Kit",
8756,,"Peach Raspberry YOVO JB50000 Kit",,,"Disposable Vapes > YOVO",http://aussievapes.com.au/wp-content/uploads/2026/01/peach-raspberry-yovo-jb50000-kit.png,,,,1,552,,https://mipod.com/products/peach-raspberry-yovo-jb50000-kit?_pos=13&_fid=eaf642506&_ss=c,mipod.com,1768394779,default,87,{},"Peach Raspberry YOVO JB50000 Kit",
8758,,"Sour Apple YOVO JB50000 Kit",,,"Disposable Vapes > YOVO",http://aussievapes.com.au/wp-content/uploads/2026/01/sour-apple-yovo-jb50000-kit.png,,,,1,551,,https://mipod.com/products/sour-apple-yovo-jb50000-kit?_pos=14&_fid=eaf642506&_ss=c,mipod.com,1768394780,default,87,{},"Sour Apple YOVO JB50000 Kit",
8761,,"Sour Strawberry YOVO JB50000 Kit",,,"Disposable Vapes > YOVO",http://aussievapes.com.au/wp-content/uploads/2026/01/sour-strawberry-yovo-jb50000-kit.png,,,,1,549,,https://mipod.com/products/sour-strawberry-yovo-jb50000-kit?_pos=15&_fid=eaf642506&_ss=c,mipod.com,1768394782,default,87,{},"Sour Strawberry YOVO JB50000 Kit",
8762,,"Triple Berry YOVO JB50000 Kit",,,"Disposable Vapes > YOVO",http://aussievapes.com.au/wp-content/uploads/2026/01/triple-berry-yovo-jb50000-kit.png,,,,1,550,,https://mipod.com/products/triple-berry-yovo-jb50000-kit?_pos=16&_fid=eaf642506&_ss=c,mipod.com,1768394783,default,88,{},"Triple Berry YOVO JB50000 Kit",
8765,,"Blue Razz Ice YOVO JB50000 Disposable",,,"Disposable Vapes > YOVO",http://aussievapes.com.au/wp-content/uploads/2026/01/blue-razz-ice-yovo-jb50000-disposable.png,,,,1,548,,https://mipod.com/products/blue-razz-ice-yovo-jb50000-disposable?_pos=18&_fid=eaf642506&_ss=c,mipod.com,1768394784,default,85,{},"Blue Razz Ice YOVO JB50000 Disposable",
8766,,"Watermelon Ice YOVO JB50000 Kit",,,"Disposable Vapes > YOVO",http://aussievapes.com.au/wp-content/uploads/2026/01/watermelon-ice-yovo-jb50000-kit.png,,,,1,547,,https://mipod.com/products/watermelon-ice-yovo-jb50000-kit?_pos=17&_fid=eaf642506&_ss=c,mipod.com,1768394784,default,87,{},"Watermelon Ice YOVO JB50000 Kit",
8768,,"Fresh Mint YOVO JB50000 Disposable",,,"Disposable Vapes > YOVO",http://aussievapes.com.au/wp-content/uploads/2026/01/fresh-mint-yovo-jb50000-disposable.png,,,,1,546,,https://mipod.com/products/fresh-mint-yovo-jb50000-disposable?_pos=19&_fid=eaf642506&_ss=c,mipod.com,1768394786,default,85,{},"Fresh Mint YOVO JB50000 Disposable",
8772,,"Miami Mint YOVO JB50000 Disposable",,,"Disposable Vapes > YOVO",http://aussievapes.com.au/wp-content/uploads/2026/01/miami-mint-yovo-jb50000-disposable.png,,,,1,543,,https://mipod.com/products/miami-mint-yovo-jb50000-disposable?_pos=21&_fid=eaf642506&_ss=c,mipod.com,1769699793,,,,,
8773,,"Infinite Swirl YOVO JB50000 Disposable",,,"Disposable Vapes > YOVO",http://aussievapes.com.au/wp-content/uploads/2026/01/infinite-swirl-yovo-jb50000-disposable.png,,,,1,544,,https://mipod.com/products/infinite-swirl-yovo-jb50000-disposable?_pos=20&_fid=eaf642506&_ss=c,mipod.com,1768394787,,,,,
8774,,"Orange Ice YOVO JB50000 Disposable",,,"Disposable Vapes > YOVO",http://aussievapes.com.au/wp-content/uploads/2026/01/orange-ice-yovo-jb50000-disposable.png,,,,1,545,,https://mipod.com/products/orange-ice-yovo-jb50000-disposable?_pos=22&_fid=eaf642506&_ss=c,mipod.com,1768394788,default,85,{},"Orange Ice YOVO JB50000 Disposable",
8777,,"Sour Apple YOVO JB50000 Disposable",,,"Disposable Vapes > YOVO",http://aussievapes.com.au/wp-content/uploads/2026/01/sour-apple-yovo-jb50000-disposable.png,,,,1,541,,https://mipod.com/products/sour-apple-yovo-jb50000-disposable?_pos=24&_fid=eaf642506&_ss=c,mipod.com,1768394790,default,85,{},"Sour Apple YOVO JB50000 Disposable",
8778,,"Peach Raspberry YOVO JB50000 Disposable",,,"Disposable Vapes > YOVO",http://aussievapes.com.au/wp-content/uploads/2026/01/peach-raspberry-yovo-jb50000-disposable.png,,,,1,542,,https://mipod.com/products/peach-raspberry-yovo-jb50000-disposable?_pos=23&_fid=eaf642506&_ss=c,mipod.com,1769692173,default,80,{},"Peach Raspberry YOVO JB50000 Disposable",
8780,,"Sour Strawberry YOVO JB50000 Disposable",,,"Disposable Vapes > YOVO",http://aussievapes.com.au/wp-content/uploads/2026/01/sour-strawberry-yovo-jb50000-disposable.png,,,,1,540,,https://mipod.com/products/sour-strawberry-yovo-jb50000-disposable?_pos=25&_fid=eaf642506&_ss=c,mipod.com,1768394790,default,80,{},"Sour Strawberry YOVO JB50000 Disposable",
8783,,"Triple Berry YOVO JB50000 Disposable",,,"Disposable Vapes > YOVO",http://aussievapes.com.au/wp-content/uploads/2026/01/triple-berry-yovo-jb50000-disposable.png,,,,1,538,,https://mipod.com/products/triple-berry-yovo-jb50000-disposable?_pos=26&_fid=eaf642506&_ss=c,mipod.com,1768394792,default,86,{},"Triple Berry YOVO JB50000 Disposable",
8784,,"Watermelon Ice YOVO JB50000 Disposable",,,"Disposable Vapes > YOVO",http://aussievapes.com.au/wp-content/uploads/2026/01/watermelon-ice-yovo-jb50000-disposable.png,,,,1,539,,https://mipod.com/products/watermelon-ice-yovo-jb50000-disposable?_pos=27&_fid=eaf642506&_ss=c,mipod.com,1768394792,default,80,{},"Watermelon Ice YOVO JB50000 Disposable",
8788,,"White RAZ RX 50K",,,"Disposable Vapes > Disposable Vapes with screen > RAZ",http://aussievapes.com.au/wp-content/uploads/2026/01/white-raz-rx-50k.png,,,,1,536,,https://mipod.com/products/code-white-raz-rx-50k-dew-edition?_pos=3&_fid=f8572f058&_ss=c,mipod.com,1768395327,default,78,{},"White RAZ RX 50K",
8790,,"Red RAZ RX 50K",,,"Disposable Vapes > Disposable Vapes with screen > RAZ",http://aussievapes.com.au/wp-content/uploads/2026/01/red-raz-rx-50k.png,,,,1,537,,https://mipod.com/products/code-red-raz-rx-50k-dew-edition?_pos=2&_fid=f8572f058&_ss=c,mipod.com,1778339426,default,78,{},"Red RAZ RX 50K",
8791,,"Triple Berry Punch RAZ LTX 25000 HOLO EDITION",,,"Disposable Vapes > Disposable Vapes with screen > RAZ",http://aussievapes.com.au/wp-content/uploads/2026/01/triple-berry-punch-raz-ltx-25000-holo-edition.png,,,,1,535,,https://mipod.com/products/triple-berry-punch-raz-ltx-25000-holo-edition?_pos=1&_fid=f8572f058&_ss=c,mipod.com,1768395327,default,81,{},"Triple Berry Punch RAZ LTX 25000 HOLO EDITION",
8794,,"Green RAZ RX 50K",,,"Disposable Vapes > Disposable Vapes with screen > RAZ",http://aussievapes.com.au/wp-content/uploads/2026/01/green-raz-rx-50k.png,,,,1,533,,https://mipod.com/products/code-green-raz-rx-50k-dew-edition?_pos=4&_fid=f8572f058&_ss=c,mipod.com,1768395329,default,78,{},"Green RAZ RX 50K",
8795,,"Blue RAZ RX 50K",,,"Disposable Vapes > Disposable Vapes with screen > RAZ",http://aussievapes.com.au/wp-content/uploads/2026/01/blue-raz-rx-50k.png,,,,1,534,,https://mipod.com/products/code-blue-raz-rx-50k-dew-edition?_pos=5&_fid=f8572f058&_ss=c,mipod.com,1769793588,default,78,{},"Blue RAZ RX 50K",
8797,,"Pink RAZ RX 50K",,,"Disposable Vapes > Disposable Vapes with screen > RAZ",http://aussievapes.com.au/wp-content/uploads/2026/01/pink-raz-rx-50k.png,,,,1,532,,https://mipod.com/products/code-pink-raz-rx-50k?_pos=6&_fid=f8572f058&_ss=c,mipod.com,1768395331,default,78,{},"Pink RAZ RX 50K",
8799,,"Blueberry Watermelon RAZ LTX 25000",,,"Disposable Vapes > Disposable Vapes with screen > RAZ",http://aussievapes.com.au/wp-content/uploads/2026/01/blueberry-watermelon-raz-ltx-25000.gif,,,,1,531,,https://mipod.com/products/blueberry-watermelon-raz-dc25000?_pos=7&_fid=f8572f058&_ss=c,mipod.com,1768395333,default,82,{},"Blueberry Watermelon RAZ LTX 25000",
8801,,"Blue Razz Ice RAZ LTX 25000",,,"Disposable Vapes > Disposable Vapes with screen > RAZ",http://aussievapes.com.au/wp-content/uploads/2026/01/blue-razz-ice-raz-ltx-25000.gif,,,,1,530,,https://mipod.com/products/blue-razz-ice-raz-dc25000?_pos=8&_fid=f8572f058&_ss=c,mipod.com,1778358586,default,86,{},"Blue Razz Ice RAZ LTX 25000",
8803,,"Cherry Strapple RAZ LTX 25000",,,"Disposable Vapes > Disposable Vapes with screen > RAZ",http://aussievapes.com.au/wp-content/uploads/2026/01/cherry-strapple-raz-ltx-25000.gif,,,,1,529,,https://mipod.com/products/cherry-strapple-raz-dc25000?_pos=9&_fid=f8572f058&_ss=c,mipod.com,1778344751,default,82,{},"Cherry Strapple RAZ LTX 25000",
8805,,"Miami Mint RAZ LTX 25000",,,"Disposable Vapes > Disposable Vapes with screen > RAZ",http://aussievapes.com.au/wp-content/uploads/2026/01/miami-mint-raz-ltx-25000.gif,,,,1,528,,https://mipod.com/products/miami-mint-raz-dc25000?_pos=10&_fid=f8572f058&_ss=c,mipod.com,1768395342,default,81,{},"Miami Mint RAZ LTX 25000",
8807,,"Bangin Sour Berries RAZ LTX 25000",,,"Disposable Vapes > Disposable Vapes with screen > RAZ",http://aussievapes.com.au/wp-content/uploads/2026/01/bangin-sour-berries-raz-ltx-25000.gif,,,,1,527,,https://mipod.com/products/bangin-sour-berries-raz-dc25000?_pos=11&_fid=f8572f058&_ss=c,mipod.com,1769793451,default,81,{},"Bangin Sour Berries RAZ LTX 25000",
8809,,"Strawberry Burst RAZ LTX 25000",,,"Disposable Vapes > Disposable Vapes with screen > RAZ",http://aussievapes.com.au/wp-content/uploads/2026/01/strawberry-burst-raz-ltx-25000.gif,,,,1,526,,https://mipod.com/products/strawberry-burst-raz-dc25000?_pos=12&_fid=f8572f058&_ss=c,mipod.com,1768395349,default,85,{},"Strawberry Burst RAZ LTX 25000",
8811,,"Clear Sapphire RAZ LTX 25000",,,"Disposable Vapes > Disposable Vapes with screen > RAZ",http://aussievapes.com.au/wp-content/uploads/2026/01/clear-sapphire-raz-ltx-25000.png,,,,1,525,,https://mipod.com/products/clear-sapphire-raz-ltx-25000?_pos=13&_fid=f8572f058&_ss=c,mipod.com,1768395350,default,88,{},"Clear Sapphire RAZ LTX 25000",
8813,,"Rainbow Rain RAZ LTX 25000",,,"Disposable Vapes > Disposable Vapes with screen > RAZ",http://aussievapes.com.au/wp-content/uploads/2026/01/rainbow-rain-raz-ltx-25000.png,,,,1,524,,https://mipod.com/products/rainbow-rain-raz-ltx-25000?_pos=14&_fid=f8572f058&_ss=c,mipod.com,1768395353,default,87,{},"Rainbow Rain RAZ LTX 25000",
8815,,"Sour Raspberry Punch RAZ LTX 25000 HOLO EDITION",,,"Disposable Vapes > Disposable Vapes with screen > RAZ",http://aussievapes.com.au/wp-content/uploads/2026/01/sour-raspberry-punch-raz-ltx-25000-holo-edition.png,,,,1,523,,https://mipod.com/products/sour-raspberry-punch-raz-ltx-25000-holo-edition?_pos=15&_fid=f8572f058&_ss=c,mipod.com,1768395356,default,81,{},"Sour Raspberry Punch RAZ LTX 25000 HOLO EDITION",
8819,,"Lime-Sparkle / Lime Sparkle Soda FASTA Burrst 35000",,,"Disposable Vapes > Disposable Vapes with screen > fasta vapes",http://aussievapes.com.au/wp-content/uploads/2026/01/lime-sparkle-lime-sparkle-soda-fasta-burrst-35000.gif,,"Brands > fasta vapes",,1,521,,https://mipod.com/products/lime-sparkle-lime-sparkle-soda-fasta-burrst?_pos=1&_fid=fad20fb75&_ss=c,mipod.com,1768395404,default,78,{},"Lime-Sparkle / Lime Sparkle Soda FASTA Burrst 35000",
8820,,"Lime Cucumber / Lime Cucumber Soda FASTA Burrst 35000",,,"Disposable Vapes > Disposable Vapes with screen > fasta vapes",http://aussievapes.com.au/wp-content/uploads/2026/01/lime-cucumber-lime-cucumber-soda-fasta-burrst-35000.gif,,"Brands > fasta vapes",,1,522,,https://mipod.com/products/lime-cucumber-lime-cucumber-soda-fasta-burrst?_pos=2&_fid=fad20fb75&_ss=c,mipod.com,1769759475,default,77,{},"Lime Cucumber / Lime Cucumber Soda FASTA Burrst 35000",
8821,,"Meta Moon / Meta Moon Soda FASTA Burrst 35000",,,"Disposable Vapes > Disposable Vapes with screen > fasta vapes",http://aussievapes.com.au/wp-content/uploads/2026/01/meta-moon-meta-moon-soda-fasta-burrst-35000.gif,,"Brands > fasta vapes",,1,520,,https://mipod.com/products/meta-moon-meta-moon-soda-fasta-burrst?_pos=3&_fid=fad20fb75&_ss=c,mipod.com,1768395404,default,78,{},"Meta Moon / Meta Moon Soda FASTA Burrst 35000",
8823,,"Matcha Cake / Matcha Frappuccino FASTA Burrst 35000",,,"Disposable Vapes > Disposable Vapes with screen > fasta vapes",http://aussievapes.com.au/wp-content/uploads/2026/01/matcha-cake-matcha-frappuccino-fasta-burrst-35000.gif,,"Brands > fasta vapes",,1,519,,https://mipod.com/products/matcha-cake-matcha-frappuccino-fasta-burrst?_pos=4&_fid=fad20fb75&_ss=c,mipod.com,1778359557,default,77,{},"Matcha Cake / Matcha Frappuccino FASTA Burrst 35000",
8825,,"Fcuking FAB / Fcuking FAB Soda FASTA Burrst 35000",,,"Disposable Vapes > Disposable Vapes with screen > fasta vapes",http://aussievapes.com.au/wp-content/uploads/2026/01/fcuking-fab-fcuking-fab-soda-fasta-burrst-35000.gif,,"Brands > fasta vapes",,1,518,,https://mipod.com/products/fcucking-fab-fcuking-fab-soda-fasta-burrst?_pos=5&_fid=fad20fb75&_ss=c,mipod.com,1769755116,default,78,{},"Fcuking FAB / Fcuking FAB Soda FASTA Burrst 35000",
8827,,"Perfect Peach FASTA Burrst 37000 (Creamy Edition)",,,"Disposable Vapes > Disposable Vapes with screen > fasta vapes",http://aussievapes.com.au/wp-content/uploads/2026/01/perfect-peach-fasta-burrst-37000-creamy-edition.png,,"Brands > fasta vapes",,1,517,,https://mipod.com/products/perfect-peach-fasta-burrst-37000-creamy?_pos=6&_fid=fad20fb75&_ss=c,mipod.com,1769682729,default,78,{},"Perfect Peach FASTA Burrst 37000 (Creamy Edition)",
8829,,"Sour Apple FASTA Burrst 37000 (Slush Edition)",,,"Disposable Vapes > Disposable Vapes with screen > fasta vapes",http://aussievapes.com.au/wp-content/uploads/2026/01/sour-apple-fasta-burrst-37000-slush-edition.png,,"Brands > fasta vapes",,1,516,,https://mipod.com/products/sour-apply-fasta-burrst-37000-slush?_pos=7&_fid=fad20fb75&_ss=c,mipod.com,1769673979,default,77,{},"Sour Apple FASTA Burrst 37000 (Slush Edition)",
8831,,"Straw Shot FASTA Burrst 37000 (Slush Edition)",,,"Disposable Vapes > Disposable Vapes with screen > fasta vapes",http://aussievapes.com.au/wp-content/uploads/2026/01/straw-shot-fasta-burrst-37000-slush-edition.png,,,,1,515,,https://mipod.com/products/straw-shot-fasta-burrst-37000-slush?_pos=8&_fid=fad20fb75&_ss=c,mipod.com,1769679577,default,77,{},"Straw Shot FASTA Burrst 37000 (Slush Edition)",
8833,,"Cool Mint FASTA Burrst 37000 (Ice Control)",,,"Disposable Vapes > Disposable Vapes with screen > fasta vapes",http://aussievapes.com.au/wp-content/uploads/2026/01/cool-mint-fasta-burrst-37000-ice-control.png,,"Brands > fasta vapes",,1,514,,https://mipod.com/products/cool-mint-fasta-burrst-37000-ice?_pos=9&_fid=fad20fb75&_ss=c,mipod.com,1769677785,default,78,{},"Cool Mint FASTA Burrst 37000 (Ice Control)",
8835,,"Cool Mint FASTA 40K Kit",,,"Disposable Vapes > Disposable Vapes with screen > fasta vapes",http://aussievapes.com.au/wp-content/uploads/2026/01/cool-mint-fasta-40k-kit.png,,"Brands > fasta vapes",,1,513,,https://mipod.com/products/cool-mint-fasta-40k-kit?_pos=10&_fid=fad20fb75&_ss=c,mipod.com,1768395420,default,88,{},"Cool Mint FASTA 40K Kit",
8837,,"White Grape FASTA 40K Kit",,,"Disposable Vapes > Disposable Vapes with screen > fasta vapes",http://aussievapes.com.au/wp-content/uploads/2026/01/white-grape-fasta-40k-kit.png,,"Brands > fasta vapes",,1,512,,https://mipod.com/products/white-grape-fasta-40k-kit?_pos=11&_fid=fad20fb75&_ss=c,mipod.com,1778363323,default,,,,
8839,,"Blue Razz FASTA 40K Disposable",,,"Disposable Vapes > Disposable Vapes with screen > fasta vapes",http://aussievapes.com.au/wp-content/uploads/2026/01/blue-razz-fasta-40k-disposable.png,,"Brands > fasta vapes",,1,511,,https://mipod.com/products/blue-razz-fasta-40k-disposable?_pos=12&_fid=fad20fb75&_ss=c,mipod.com,1769690831,default,88,{},"Blue Razz FASTA 40K Disposable",
8841,,"Straw Shot FASTA 40K Disposable",,,"Disposable Vapes > Disposable Vapes with screen > fasta vapes",http://aussievapes.com.au/wp-content/uploads/2026/01/straw-shot-fasta-40k-disposable.png,,"Brands > fasta vapes",,1,510,,https://mipod.com/products/straw-shot-fasta-40k-disposable?_pos=13&_fid=fad20fb75&_ss=c,mipod.com,1769698248,default,88,{},"Straw Shot FASTA 40K Disposable",
8843,,"Bluemelon FASTA 40K Disposable",,,"Disposable Vapes > Disposable Vapes with screen > fasta vapes",http://aussievapes.com.au/wp-content/uploads/2026/01/bluemelon-fasta-40k-disposable.png,,"Brands > fasta vapes",,1,509,,https://mipod.com/products/bluemelon-fasta-40k-disposable?_pos=14&_fid=fad20fb75&_ss=c,mipod.com,1768395432,default,87,{},"Bluemelon FASTA 40K Disposable",
8845,,"Cool Mint FASTA 40K Disposable",,,"Disposable Vapes > Disposable Vapes with screen > fasta vapes",http://aussievapes.com.au/wp-content/uploads/2026/01/cool-mint-fasta-40k-disposable.png,,"Brands > fasta vapes",,1,508,,https://mipod.com/products/cool-mint-fasta-40k-disposable?_pos=15&_fid=fad20fb75&_ss=c,mipod.com,1769691011,default,89,{},"Cool Mint FASTA 40K Disposable",
8847,,"White Grape FASTA 40K Disposable",,,"Disposable Vapes > Disposable Vapes with screen > fasta vapes",http://aussievapes.com.au/wp-content/uploads/2026/01/white-grape-fasta-40k-disposable.png,,"Brands > fasta vapes",,1,507,,https://mipod.com/products/white-grape-fasta-40k-disposable?_pos=16&_fid=fad20fb75&_ss=c,mipod.com,1769772057,default,88,{},"White Grape FASTA 40K Disposable",
8849,,"Sour Apple FASTA 40K Disposable",,,"Disposable Vapes > Disposable Vapes with screen > fasta vapes",http://aussievapes.com.au/wp-content/uploads/2026/01/sour-apple-fasta-40k-disposable.png,,"Brands > fasta vapes",,1,506,,https://mipod.com/products/soure-apple-fasta-40k-disposable?_pos=17&_fid=fad20fb75&_ss=c,mipod.com,1768395440,default,88,{},"Sour Apple FASTA 40K Disposable",
8851,,"Fcuking Fab FASTA 40K Disposable",,,"Disposable Vapes > Disposable Vapes with screen > fasta vapes",http://aussievapes.com.au/wp-content/uploads/2026/01/fcuking-fab-fasta-40k-disposable.png,,"Brands > fasta vapes",,1,505,,https://mipod.com/products/fcuking-fab-fasta-40k-disposable?_pos=18&_fid=fad20fb75&_ss=c,mipod.com,1769688795,default,88,{},"Fcuking Fab FASTA 40K Disposable",
8853,,"Acid Tears FASTA PLUGIN 18000",,,"Disposable Vapes > Disposable Vapes with screen > fasta vapes",http://aussievapes.com.au/wp-content/uploads/2026/01/acid-tears-fasta-plugin-18000.png,,"Brands > fasta vapes",,1,504,,https://mipod.com/products/acid-tears-fasta-plugin-18000?_pos=19&_fid=fad20fb75&_ss=c,mipod.com,1778355714,default,87,{},"Acid Tears FASTA PLUGIN 18000",
8855,,"Strazz Watermelon FASTA PLUGIN 18000",,,"Disposable Vapes > Disposable Vapes with screen > fasta vapes",http://aussievapes.com.au/wp-content/uploads/2026/01/strazz-watermelon-fasta-plugin-18000.png,,"Brands > fasta vapes",,1,503,,https://mipod.com/products/strazz-watermelon-fasta-plugin-18000?_pos=20&_fid=fad20fb75&_ss=c,mipod.com,1769684078,default,87,{},"Strazz Watermelon FASTA PLUGIN 18000",
8857,,"Watermelon Ice FASTA PLUGIN 18000",,,"Disposable Vapes > Disposable Vapes with screen > fasta vapes",http://aussievapes.com.au/wp-content/uploads/2026/01/watermelon-ice-fasta-plugin-18000.png,,"Brands > fasta vapes",,1,502,,https://mipod.com/products/watermelon-ice-fasta-plugin-18000?_pos=21&_fid=fad20fb75&_ss=c,mipod.com,1769708012,default,88,{},"Watermelon Ice FASTA PLUGIN 18000",
8859,,"Arizona Blast FASTA PLUGIN 18000",,,"Disposable Vapes > Disposable Vapes with screen > fasta vapes",http://aussievapes.com.au/wp-content/uploads/2026/01/arizona-blast-fasta-plugin-18000.png,,"Brands > fasta vapes",,1,501,,https://mipod.com/products/arizona-blast-fasta-plugin-18000?_pos=22&_fid=fad20fb75&_ss=c,mipod.com,1769680735,default,88,{},"Arizona Blast FASTA PLUGIN 18000",
8861,,"Strawberry Kiwi FASTA PLUGIN 18000",,,"Disposable Vapes > Disposable Vapes with screen > fasta vapes",http://aussievapes.com.au/wp-content/uploads/2026/01/strawberry-kiwi-fasta-plugin-18000.png,,"Brands > fasta vapes",,1,500,,https://mipod.com/products/strawberry-kiwi-fasta-plugin-18000?_pos=23&_fid=fad20fb75&_ss=c,mipod.com,1769679229,default,87,{},"Strawberry Kiwi FASTA PLUGIN 18000",
8863,,"Sour Blue Cherry FASTA PLUGIN 18000",,,"Disposable Vapes > Disposable Vapes with screen > fasta vapes",http://aussievapes.com.au/wp-content/uploads/2026/01/sour-blue-cherry-fasta-plugin-18000.png,,"Brands > fasta vapes",,1,499,,https://mipod.com/products/sour-blue-cherry-fasta-plugin-18000?_pos=24&_fid=fad20fb75&_ss=c,mipod.com,1769688285,default,,,,
8865,,"Dragon Berry FASTA PLUGIN 18000",,,"Disposable Vapes > Disposable Vapes with screen > fasta vapes",http://aussievapes.com.au/wp-content/uploads/2026/01/dragon-berry-fasta-plugin-18000.png,,"Brands > fasta vapes",,1,498,,https://mipod.com/products/dragon-berry-fasta-plugin-18000?_pos=25&_fid=fad20fb75&_ss=c,mipod.com,1769681329,default,,,,
8867,,"Lemon Tart FASTA PLUGIN 18000",,,"Disposable Vapes > Disposable Vapes with screen > fasta vapes",http://aussievapes.com.au/wp-content/uploads/2026/01/lemon-tart-fasta-plugin-18000.png,,"Brands > fasta vapes",,1,497,,https://mipod.com/products/lemon-tart-fasta-plugin-18000?_pos=26&_fid=fad20fb75&_ss=c,mipod.com,1778353194,default,87,{},"Lemon Tart FASTA PLUGIN 18000",
8869,,"Strawberry Gelato FASTA PLUGIN 18000",,,"Disposable Vapes > Disposable Vapes with screen > fasta vapes",http://aussievapes.com.au/wp-content/uploads/2026/01/strawberry-gelato-fasta-plugin-18000.png,,"Brands > fasta vapes",,1,496,,https://mipod.com/products/strawberry-gelato-fasta-plugin-18000?_pos=27&_fid=fad20fb75&_ss=c,mipod.com,1768395469,default,88,{},"Strawberry Gelato FASTA PLUGIN 18000",
8871,,"White Gummy Dream FASTA PLUGIN 18000",,,"Disposable Vapes > Disposable Vapes with screen > fasta vapes",http://aussievapes.com.au/wp-content/uploads/2026/01/white-gummy-dream-fasta-plugin-18000.png,,"Brands > fasta vapes",,1,495,,https://mipod.com/products/white-gummy-dream-fasta-plugin-18000?_pos=28&_fid=fad20fb75&_ss=c,mipod.com,1768395471,default,87,{},"White Gummy Dream FASTA PLUGIN 18000",
8873,,"Blue Razz FASTA 40K Kit",,,"Disposable Vapes > Disposable Vapes with screen > fasta vapes",http://aussievapes.com.au/wp-content/uploads/2026/01/blue-razz-fasta-40k-kit.png,,"Brands > fasta vapes",,1,494,,https://mipod.com/products/blue-razz-fasta-40k-kit?_pos=29&_fid=fad20fb75&_ss=c,mipod.com,1768395474,default,87,{},"Blue Razz FASTA 40K Kit",
8875,,"Perfect Peach FASTA 40K Kit",,,"Disposable Vapes > Disposable Vapes with screen > fasta vapes",http://aussievapes.com.au/wp-content/uploads/2026/01/perfect-peach-fasta-40k-kit.png,,"Brands > fasta vapes",,1,493,,https://mipod.com/products/perfect-peach-fasta-40k-kit?_pos=30&_fid=fad20fb75&_ss=c,mipod.com,1778339431,default,88,{},"Perfect Peach FASTA 40K Kit",
8877,,"Watermelon FASTA 40K Kit",,,"Disposable Vapes > Disposable Vapes with screen > fasta vapes",http://aussievapes.com.au/wp-content/uploads/2026/01/watermelon-fasta-40k-kit.png,,"Brands > fasta vapes",,1,492,,https://mipod.com/products/watermelon-fasta-40k-kit?_pos=31&_fid=fad20fb75&_ss=c,mipod.com,1778355687,default,87,{},"Watermelon FASTA 40K Kit",
8879,,"Straw Shot FASTA 40K Kit",,,"Disposable Vapes > Disposable Vapes with screen > fasta vapes",http://aussievapes.com.au/wp-content/uploads/2026/01/straw-shot-fasta-40k-kit.png,,"Brands > fasta vapes",,1,491,,https://mipod.com/products/straw-shot-fasta-40k-kit?_pos=32&_fid=fad20fb75&_ss=c,mipod.com,1778339445,default,87,{},"Straw Shot FASTA 40K Kit",
8881,,"Bluemelon FASTA 40K Kit",,,"Disposable Vapes > Disposable Vapes with screen > fasta vapes",http://aussievapes.com.au/wp-content/uploads/2026/01/bluemelon-fasta-40k-kit.png,,"Brands > fasta vapes",,1,490,,https://mipod.com/products/bluemelon-fasta-40k-kit?_pos=33&_fid=fad20fb75&_ss=c,mipod.com,1778339426,default,87,{},"Bluemelon FASTA 40K Kit",
8883,,"Miami Mint FASTA 40K Kit",,,"Disposable Vapes > Disposable Vapes with screen > fasta vapes",http://aussievapes.com.au/wp-content/uploads/2026/01/miami-mint-fasta-40k-kit.png,,"Brands > fasta vapes",,1,489,,https://mipod.com/products/miami-mint-fasta-40k-kit?_pos=34&_fid=fad20fb75&_ss=c,mipod.com,1778339451,default,87,{},"Miami Mint FASTA 40K Kit",
8885,,"Banana Taffy FASTA Burrst 37000 (Creamy Edition)",,,"Disposable Vapes > Disposable Vapes with screen > fasta vapes",http://aussievapes.com.au/wp-content/uploads/2026/01/banana-taffy-fasta-burrst-37000-creamy-edition.png,,"Brands > fasta vapes",,1,488,,https://mipod.com/products/banana-taffy-fasta-burrst-37000-creamy?_pos=35&_fid=fad20fb75&_ss=c,mipod.com,1769681750,default,77,{},"Banana Taffy FASTA Burrst 37000 (Creamy Edition)",
8887,,"Double Mango FASTA Burrst 37K (Slush Edition)",,,"Disposable Vapes > Disposable Vapes with screen > fasta vapes",http://aussievapes.com.au/wp-content/uploads/2026/01/double-mango-fasta-burrst-37k-slush-edition.png,,"Brands > fasta vapes",,1,487,,https://mipod.com/products/double-mango-fasta-burrst-37000-slush?_pos=36&_fid=fad20fb75&_ss=c,mipod.com,1769683178,default,78,{},"Double Mango FASTA Burrst 37K (Slush Edition)",
8889,,"Watermelon FASTA Burrst 37000 (Slush Edition)",,,"Disposable Vapes > Disposable Vapes with screen > fasta vapes",http://aussievapes.com.au/wp-content/uploads/2026/01/watermelon-fasta-burrst-37000-slush-edition.png,,"Brands > fasta vapes",,1,486,,https://mipod.com/products/watermelon-fasta-burrst-v2-slush?_pos=37&_fid=fad20fb75&_ss=c,mipod.com,1768395497,default,77,{},"Watermelon FASTA Burrst 37000 (Slush Edition)",
8891,,"Bluemelon FASTA Burrst 37000 (Slush Edition)",,,"Disposable Vapes > Disposable Vapes with screen > fasta vapes",http://aussievapes.com.au/wp-content/uploads/2026/01/bluemelon-fasta-burrst-37000-slush-edition.png,,"Brands > fasta vapes",,1,485,,https://mipod.com/products/bluemelon-fasta-burrst-v2-slush?_pos=38&_fid=fad20fb75&_ss=c,mipod.com,1768395500,default,77,{},"Bluemelon FASTA Burrst 37000 (Slush Edition)",
8893,,"Pineapple Punch FASTA Burrst 37000 (Slush Edition)",,,"Disposable Vapes > Disposable Vapes with screen > fasta vapes",http://aussievapes.com.au/wp-content/uploads/2026/01/pineapple-punch-fasta-burrst-37000-slush-edition.png,,"Brands > fasta vapes",,1,484,,https://mipod.com/products/pineapple-punch-fasta-burrst-37000-slush?_pos=39&_fid=fad20fb75&_ss=c,mipod.com,1769673428,default,78,{},"Pineapple Punch FASTA Burrst 37000 (Slush Edition)",
8895,,"Cali Orange FASTA Burrst 37000 (Slush Edition)",,,"Disposable Vapes > Disposable Vapes with screen > fasta vapes",http://aussievapes.com.au/wp-content/uploads/2026/01/cali-orange-fasta-burrst-37000-slush-edition.png,,"Brands > fasta vapes",,1,483,,https://mipod.com/products/cali-orange-fasta-burrst-37000-slush?_pos=40&_fid=fad20fb75&_ss=c,mipod.com,1769685878,default,77,{},"Cali Orange FASTA Burrst 37000 (Slush Edition)",
8897,,"Strawnana FASTA Burrst 37000 (Slush Edition)",,,"Disposable Vapes > Disposable Vapes with screen > fasta vapes",http://aussievapes.com.au/wp-content/uploads/2026/01/strawnana-fasta-burrst-37000-slush-edition.png,,"Brands > fasta vapes",,1,482,,https://mipod.com/products/strawnana-fasta-burrst-37000-slush?_pos=41&_fid=fad20fb75&_ss=c,mipod.com,1769684978,default,77,{},"Strawnana FASTA Burrst 37000 (Slush Edition)",
8899,,"Miami Mint FASTA Burrst 37000 (Ice Control)",,,"Disposable Vapes > Disposable Vapes with screen > fasta vapes",http://aussievapes.com.au/wp-content/uploads/2026/01/miami-mint-fasta-burrst-37000-ice-control.png,,"Brands > fasta vapes",,1,481,,https://mipod.com/products/miami-mint-fasta-burrst-37000-ice?_pos=42&_fid=fad20fb75&_ss=c,mipod.com,1769682278,default,77,{},"Miami Mint FASTA Burrst 37000 (Ice Control)",
8901,,"White Grape FASTA Burrst 37000 (Ice Edition)",,,"Disposable Vapes > Disposable Vapes with screen > fasta vapes",http://aussievapes.com.au/wp-content/uploads/2026/01/white-grape-fasta-burrst-37000-ice-edition.png,,"Brands > fasta vapes",,1,480,,https://mipod.com/products/white-grape-fasta-burrst-37000-ice?_pos=43&_fid=fad20fb75&_ss=c,mipod.com,1769681729,default,77,{},"White Grape FASTA Burrst 37000 (Ice Edition)",
8903,,"Lemon FASTA Burrst 37000 (Sour Edition)",,,"Disposable Vapes > Disposable Vapes with screen > fasta vapes",http://aussievapes.com.au/wp-content/uploads/2026/01/lemon-fasta-burrst-37000-sour-edition.png,,"Brands > fasta vapes",,1,479,,https://mipod.com/products/lemon-heads-fasta-burrst-37000-sour?_pos=44&_fid=fad20fb75&_ss=c,mipod.com,1768395519,default,81,{},"Lemon FASTA Burrst 37000 (Sour Edition)",
8905,,"Sour Apple FASTA 40K Kit",,,"Disposable Vapes > Disposable Vapes with screen > fasta vapes",http://aussievapes.com.au/wp-content/uploads/2026/01/sour-apple-fasta-40k-kit.png,,"Brands > fasta vapes",,1,478,,https://mipod.com/products/sour-apple-fasta-40k-kit?_pos=45&_fid=fad20fb75&_ss=c,mipod.com,1778339438,default,87,{},"Sour Apple FASTA 40K Kit",
8907,,"Bluemelon FASTA Alien 51K",,,"Disposable Vapes > Disposable Vapes with screen > fasta vapes",http://aussievapes.com.au/wp-content/uploads/2026/01/bluemelon-fasta-alien-51k.png,,"Brands > fasta vapes",,1,477,,https://mipod.com/products/bluemelon-fasta-alien-51k?_pos=46&_fid=fad20fb75&_ss=c,mipod.com,1769690662,default,85,{},"Bluemelon FASTA Alien 51K",
8909,,"Miami Mint FASTA Alien 51K",,,"Disposable Vapes > Disposable Vapes with screen > fasta vapes",http://aussievapes.com.au/wp-content/uploads/2026/01/miami-mint-fasta-alien-51k.png,,"Brands > fasta vapes",,1,476,,https://mipod.com/products/miami-mint-fasta-alien-51k?_pos=47&_fid=fad20fb75&_ss=c,mipod.com,1778355714,default,85,{},"Miami Mint FASTA Alien 51K",
8911,,"Blue Razz Lemon FASTA Alien 51K",,,"Disposable Vapes > Disposable Vapes with screen > fasta vapes",http://aussievapes.com.au/wp-content/uploads/2026/01/blue-razz-lemon-fasta-alien-51k.png,,"Brands > fasta vapes",,1,475,,https://mipod.com/products/blue-razz-lemon-fasta-alien-51k?_pos=48&_fid=fad20fb75&_ss=c,mipod.com,1768395530,default,85,{},"Blue Razz Lemon FASTA Alien 51K",
8913,,"Strawberry Kiwi FASTA Alien 51K",,,"Disposable Vapes > Disposable Vapes with screen > fasta vapes",http://aussievapes.com.au/wp-content/uploads/2026/01/strawberry-kiwi-fasta-alien-51k.png,,"Brands > fasta vapes",,1,474,,https://mipod.com/products/strawberry-kiwi-fasta-alien-51k?_pos=49&_fid=fad20fb75&_ss=c,mipod.com,1768395536,default,85,{},"Strawberry Kiwi FASTA Alien 51K",
8915,,"Watermelon FASTA Alien 51K",,,"Disposable Vapes > Disposable Vapes with screen > fasta vapes",http://aussievapes.com.au/wp-content/uploads/2026/01/watermelon-fasta-alien-51k.png,,"Brands > fasta vapes",,1,473,,https://mipod.com/products/watermelon-fasta-alien-51k?_pos=50&_fid=fad20fb75&_ss=c,mipod.com,1768395539,default,85,{},"Watermelon FASTA Alien 51K",
8917,,"Blue Razz Ice FASTA Alien 51K",,,"Disposable Vapes > Disposable Vapes with screen > fasta vapes",http://aussievapes.com.au/wp-content/uploads/2026/01/blue-razz-ice-fasta-alien-51k.png,,"Brands > fasta vapes",,1,472,,https://mipod.com/products/blue-razz-ice-fasta-alien-51k?_pos=51&_fid=fad20fb75&_ss=c,mipod.com,1768395542,default,85,{},"Blue Razz Ice FASTA Alien 51K",
8919,,"Fcuking Fab FASTA 40K Kit",,,"Disposable Vapes > Disposable Vapes with screen > fasta vapes",http://aussievapes.com.au/wp-content/uploads/2026/01/fcuking-fab-fasta-40k-kit.png,,"Brands > fasta vapes",,1,471,,https://mipod.com/products/fcuking-fab-fasta-40k-kit?_pos=52&_fid=fad20fb75&_ss=c,mipod.com,1778339447,default,88,{},"Fcuking Fab FASTA 40K Kit",
8921,,"Sea Salt Lemon Scoop FASTA Burrst (Creamy Edition)",,,"Disposable Vapes > Disposable Vapes with screen > fasta vapes",http://aussievapes.com.au/wp-content/uploads/2026/01/sea-salt-lemon-scoop-fasta-burrst-creamy-edition.gif,,"Brands > fasta vapes",,1,470,,https://mipod.com/products/sea-salt-lemon-scoop-fasta-burrst-creamy-edition?_pos=53&_fid=fad20fb75&_ss=c,mipod.com,1768395547,default,77,{},"Sea Salt Lemon Scoop FASTA Burrst (Creamy Edition)",
8923,,"Polar Mint FASTA Alien 51K",,,"Disposable Vapes > Disposable Vapes with screen > fasta vapes",http://aussievapes.com.au/wp-content/uploads/2026/01/polar-mint-fasta-alien-51k.png,,"Brands > fasta vapes",,1,469,,https://mipod.com/products/polar-mint-fasta-alien-51k?_pos=54&_fid=fad20fb75&_ss=c,mipod.com,1768395551,default,85,{},"Polar Mint FASTA Alien 51K",
8925,,"Grape Soda FASTA Alien 51K",,,"Disposable Vapes > Disposable Vapes with screen > fasta vapes",http://aussievapes.com.au/wp-content/uploads/2026/01/grape-soda-fasta-alien-51k.png,,"Brands > fasta vapes",,1,468,,https://mipod.com/products/grape-soda-fasta-alien-51k?_pos=55&_fid=fad20fb75&_ss=c,mipod.com,1768395554,default,85,{},"Grape Soda FASTA Alien 51K",
8927,,"Cool Mint FASTA Alien 51K",,,"Disposable Vapes > Disposable Vapes with screen > fasta vapes",http://aussievapes.com.au/wp-content/uploads/2026/01/cool-mint-fasta-alien-51k.png,,"Brands > fasta vapes",,1,467,,https://mipod.com/products/cool-mint-fasta-alien-51k?_pos=56&_fid=fad20fb75&_ss=c,mipod.com,1778339439,default,86,{},"Cool Mint FASTA Alien 51K",
8929,,"Peach Ice FASTA Alien 51K",,,"Disposable Vapes > Disposable Vapes with screen > fasta vapes",http://aussievapes.com.au/wp-content/uploads/2026/01/peach-ice-fasta-alien-51k.png,,"Brands > fasta vapes",,1,466,,https://mipod.com/products/peach-ice-fasta-alien-51k?_pos=57&_fid=fad20fb75&_ss=c,mipod.com,1769696301,default,85,{},"Peach Ice FASTA Alien 51K",
8931,,"White Gummy FASTA Alien 51K",,,"Disposable Vapes > Disposable Vapes with screen > fasta vapes",http://aussievapes.com.au/wp-content/uploads/2026/01/white-gummy-fasta-alien-51k.png,,"Brands > fasta vapes",,1,465,,https://mipod.com/products/white-gummy-fasta-alien-51k?_pos=58&_fid=fad20fb75&_ss=c,mipod.com,1769700600,default,78,{},"White Gummy FASTA Alien 51K",
8933,,"Lime Berry Orange FASTA Alien 51K",,,"Disposable Vapes > Disposable Vapes with screen > fasta vapes",http://aussievapes.com.au/wp-content/uploads/2026/01/lime-berry-orange-fasta-alien-51k.png,,"Brands > fasta vapes",,1,464,,https://mipod.com/products/lime-berry-orange-fasta-alien-51k?_pos=59&_fid=fad20fb75&_ss=c,mipod.com,1768395569,default,78,{},"Lime Berry Orange FASTA Alien 51K",
8935,,"Grape Slush FASTA Alien 51K",,,"Disposable Vapes > Disposable Vapes with screen > fasta vapes",http://aussievapes.com.au/wp-content/uploads/2026/01/grape-slush-fasta-alien-51k.png,,"Brands > fasta vapes",,1,463,,https://mipod.com/products/grape-slush-fasta-alien-51k?_pos=60&_fid=fad20fb75&_ss=c,mipod.com,1768395570,default,78,{},"Grape Slush FASTA Alien 51K",
8937,,"Pineapple Slush FASTA Alien 51K",,,"Disposable Vapes > Disposable Vapes with screen > fasta vapes",http://aussievapes.com.au/wp-content/uploads/2026/01/pineapple-slush-fasta-alien-51k.png,,"Brands > fasta vapes",,1,462,,https://mipod.com/products/pineapple-slush-fasta-alien-51k?_pos=61&_fid=fad20fb75&_ss=c,mipod.com,1768395573,default,78,{},"Pineapple Slush FASTA Alien 51K",
8939,,"Blue Razz FASTA Burrst 37000 (Sour Edition)",,,"Disposable Vapes > Disposable Vapes with screen > fasta vapes",http://aussievapes.com.au/wp-content/uploads/2026/01/blue-razz-fasta-burrst-37000-sour-edition.png,,"Brands > fasta vapes",,1,461,,https://mipod.com/products/blue-razz-fasta-burrst-37000-sour?_pos=62&_fid=fad20fb75&_ss=c,mipod.com,1768395574,default,77,{},"Blue Razz FASTA Burrst 37000 (Sour Edition)",
8941,,"Peach Mango Watermelon FASTA Burrst 37000 (Ice Control)",,,"Disposable Vapes > Disposable Vapes with screen > fasta vapes",http://aussievapes.com.au/wp-content/uploads/2026/01/peach-mango-watermelon-fasta-burrst-37000-ice-control.png,,"Brands > fasta vapes",,1,460,,https://mipod.com/products/peach-mango-watermelon-fasta-burrst-37000-ice?_pos=63&_fid=fad20fb75&_ss=c,mipod.com,1768395577,default,77,{},"Peach Mango Watermelon FASTA Burrst 37000 (Ice Control)",
8943,,"Fcuking Fab FASTA Burrst 37000 (Sour Edition)",,,"Disposable Vapes > Disposable Vapes with screen > fasta vapes",http://aussievapes.com.au/wp-content/uploads/2026/01/fcuking-fab-fasta-burrst-37000-sour-edition.png,,"Brands > fasta vapes",,1,459,,https://mipod.com/products/fcuking-fab-fasta-burrst-v2-sour?_pos=64&_fid=fad20fb75&_ss=c,mipod.com,1769675980,default,77,{},"Fcuking Fab FASTA Burrst 37000 (Sour Edition)",
8945,,"Wild Cherry FASTA Burrst 37000 (Slush Edition)",,,"Disposable Vapes > Disposable Vapes with screen > fasta vapes",http://aussievapes.com.au/wp-content/uploads/2026/01/wild-cherry-fasta-burrst-37000-slush-edition.png,,"Brands > fasta vapes",,1,458,,https://mipod.com/products/wild-cherry-fasta-burrst-37000-slush?_pos=65&_fid=fad20fb75&_ss=c,mipod.com,1769673228,default,78,{},"Wild Cherry FASTA Burrst 37000 (Slush Edition)",
8949,,"Pineapple Lime Lost Mary MT35K Turbo",,,"Disposable Vapes > Disposable Vapes with screen > Lost Mary",http://aussievapes.com.au/wp-content/uploads/2026/01/pineapple-lime-lost-mary-mt35k-turbo.gif,,,,1,455,,https://mipod.com/products/pineapple-lime-lost-mary-mt35000-turbo?_pos=3&_fid=d10633de8&_ss=c,mipod.com,1768395626,default,88,{},"Pineapple Lime Lost Mary MT35K Turbo",
8950,,"Berry Burst Lost Mary MT35K Turbo",,,"Disposable Vapes > Disposable Vapes with screen > Lost Mary",http://aussievapes.com.au/wp-content/uploads/2026/01/berry-burst-lost-mary-mt35k-turbo.gif,,,,1,456,,https://mipod.com/products/berry-burst-lost-mary-mt35000-turbo?_pos=1&_fid=d10633de8&_ss=c,mipod.com,1769793503,default,86,{},"Berry Burst Lost Mary MT35K Turbo",
8951,,"Pink Lemonade Lost Mary MT35K Turbo",,,"Disposable Vapes > Disposable Vapes with screen > Lost Mary",http://aussievapes.com.au/wp-content/uploads/2026/01/pink-lemonade-lost-mary-mt35k-turbo.gif,,,,1,457,,https://mipod.com/products/pink-lemonade-lost-mary-mt35000-turbo?_pos=2&_fid=d10633de8&_ss=c,mipod.com,1769693105,default,88,{},"Pink Lemonade Lost Mary MT35K Turbo",
8955,,"Baja Splash Lost Mary MT35K Turbo",,,"Disposable Vapes > Disposable Vapes with screen > Lost Mary",http://aussievapes.com.au/wp-content/uploads/2026/01/baja-splash-lost-mary-mt35k-turbo.gif,,,,1,452,,https://mipod.com/products/baja-splash-lost-mary-mt35000-turbo?_pos=4&_fid=d10633de8&_ss=c,mipod.com,1769793110,default,86,{},"Baja Splash Lost Mary MT35K Turbo",
8956,,"Blue Razz Ice Lost Mary MT35K Turbo",,,"Disposable Vapes > Disposable Vapes with screen > Lost Mary",http://aussievapes.com.au/wp-content/uploads/2026/01/blue-razz-ice-lost-mary-mt35k-turbo.gif,,,,1,453,,https://mipod.com/products/blue-razz-ice-lost-mary-mt35000-turbo?_pos=5&_fid=d10633de8&_ss=c,mipod.com,1768395628,default,86,{},"Blue Razz Ice Lost Mary MT35K Turbo",
8957,,"Summer Grape Lost Mary MT35K Turbo",,,"Disposable Vapes > Disposable Vapes with screen > Lost Mary",http://aussievapes.com.au/wp-content/uploads/2026/01/summer-grape-lost-mary-mt35k-turbo.gif,,,,1,454,,https://mipod.com/products/summer-grape-lost-mary-mt35000-turbo?_pos=6&_fid=d10633de8&_ss=c,mipod.com,1769724893,default,86,{},"Summer Grape Lost Mary MT35K Turbo",
8961,,"Miami Mint Lost Mary MT15000 Turbo",,,"Disposable Vapes > Disposable Vapes with screen > Lost Mary",http://aussievapes.com.au/wp-content/uploads/2026/01/miami-mint-lost-mary-mt15000-turbo.png,,,,1,449,,https://mipod.com/products/miami-mint-lost-mary-mt15000-turbo-thermal-edition?_pos=7&_fid=d10633de8&_ss=c,mipod.com,1768395631,default,88,{},"Miami Mint Lost Mary MT15000 Turbo",
8962,,"Tigers Blood Lost Mary MT35K Turbo",,,"Disposable Vapes > Disposable Vapes with screen > Lost Mary",http://aussievapes.com.au/wp-content/uploads/2026/01/tigers-blood-lost-mary-mt35k-turbo.gif,,,,1,450,,https://mipod.com/products/tigers-blood-lost-mary-mt35000?_pos=9&_fid=d10633de8&_ss=c,mipod.com,1768395631,default,86,{},"Tigers Blood Lost Mary MT35K Turbo",
8963,,"Berry Burst Lost Mary MT15000 Turbo",,,"Disposable Vapes > Disposable Vapes with screen > Lost Mary",http://aussievapes.com.au/wp-content/uploads/2026/01/berry-burst-lost-mary-mt15000-turbo.png,,,,1,451,,https://mipod.com/products/berry-burst-lost-mary-mt15000-turbo-thermal-edition?_pos=8&_fid=d10633de8&_ss=c,mipod.com,1769793482,default,88,{},"Berry Burst Lost Mary MT15000 Turbo",
8965,,"Watermelon Lost Mary MT35K Turbo",,,"Disposable Vapes > Disposable Vapes with screen > Lost Mary",http://aussievapes.com.au/wp-content/uploads/2026/01/watermelon-lost-mary-mt35k-turbo.gif,,,,1,448,,https://mipod.com/products/watermelon-lost-mary-mt35000-turbo?_pos=10&_fid=d10633de8&_ss=c,mipod.com,1768395633,default,86,{},"Watermelon Lost Mary MT35K Turbo",
8967,,"White Gami Lost Mary MT35K Turbo",,,"Disposable Vapes > Disposable Vapes with screen > Lost Mary",http://aussievapes.com.au/wp-content/uploads/2026/01/white-gami-lost-mary-mt35k-turbo.gif,,,,1,447,,https://mipod.com/products/white-gami-lost-mary-mt35000-turbo?_pos=11&_fid=d10633de8&_ss=c,mipod.com,1768395637,default,88,{},"White Gami Lost Mary MT35K Turbo",
8969,,"Black Mint Lost Mary MT35K Turbo",,,"Disposable Vapes > Disposable Vapes with screen > Lost Mary",http://aussievapes.com.au/wp-content/uploads/2026/01/black-mint-lost-mary-mt35k-turbo.gif,,,,1,446,,https://mipod.com/products/black-mint-lost-mary-mt35000-turbo?_pos=12&_fid=d10633de8&_ss=c,mipod.com,1769793524,default,88,{},"Black Mint Lost Mary MT35K Turbo",
8971,,"Blackberry Blueberry Lost Mary MT35K Turbo",,,"Disposable Vapes > Disposable Vapes with screen > Lost Mary",http://aussievapes.com.au/wp-content/uploads/2026/01/blackberry-blueberry-lost-mary-mt35k-turbo.gif,,,,1,445,,https://mipod.com/products/blackberry-blueberry-lost-mary-mt35000-turbo?_pos=13&_fid=d10633de8&_ss=c,mipod.com,1769793566,default,84,{},"Blackberry Blueberry Lost Mary MT35K Turbo",
8973,,"Rocket Freeze Lost Mary MT35K Turbo",,,"Disposable Vapes > Disposable Vapes with screen > Lost Mary",http://aussievapes.com.au/wp-content/uploads/2026/01/rocket-freeze-lost-mary-mt35k-turbo.gif,,,,1,444,,https://mipod.com/products/rocket-freeze-lost-mary-mt35000-turbo?_pos=14&_fid=d10633de8&_ss=c,mipod.com,1769689225,default,86,{},"Rocket Freeze Lost Mary MT35K Turbo",
8975,,"Strawmelon Peach Lost Mary MT35K Turbo",,,"Disposable Vapes > Disposable Vapes with screen > Lost Mary",http://aussievapes.com.au/wp-content/uploads/2026/01/strawmelon-peach-lost-mary-mt35k-turbo.gif,,,,1,443,,https://mipod.com/products/strawmelon-peach-lost-mary-mt35000-turbo?_pos=15&_fid=d10633de8&_ss=c,mipod.com,1768395651,default,81,{},"Strawmelon Peach Lost Mary MT35K Turbo",
8977,,"Toasted Banana Lost Mary MT35K Turbo",,,"Disposable Vapes > Disposable Vapes with screen > Lost Mary",http://aussievapes.com.au/wp-content/uploads/2026/01/toasted-banana-lost-mary-mt35k-turbo.gif,,,,1,442,,https://mipod.com/products/toasted-banana-lost-mary-mt35000-turbo?_pos=16&_fid=d10633de8&_ss=c,mipod.com,1768395653,default,86,{},"Toasted Banana Lost Mary MT35K Turbo",
8979,,"Blue Razz Ice Lost Mary MT15000 Turbo",,,"Disposable Vapes > Disposable Vapes with screen > Lost Mary",http://aussievapes.com.au/wp-content/uploads/2026/01/blue-razz-ice-lost-mary-mt15000-turbo.png,,,,1,441,,https://mipod.com/products/blue-razz-ice-lost-mary-mt15000-turbo?_pos=17&_fid=d10633de8&_ss=c,mipod.com,1768395656,default,88,{},"Blue Razz Ice Lost Mary MT15000 Turbo",
8981,,"Winter Mint Lost Mary MT15000 Turbo",,,"Disposable Vapes > Disposable Vapes with screen > Lost Mary",http://aussievapes.com.au/wp-content/uploads/2026/01/winter-mint-lost-mary-mt15000-turbo.png,,,,1,440,,https://mipod.com/products/winter-mint-lost-mary-mt15000-turbo?_pos=18&_fid=d10633de8&_ss=c,mipod.com,1768395660,default,88,{},"Winter Mint Lost Mary MT15000 Turbo",
8983,,"Orange Passion Mango Lost Mary MT35K Turbo",,,"Disposable Vapes > Disposable Vapes with screen > Lost Mary",http://aussievapes.com.au/wp-content/uploads/2026/01/orange-passion-mango-lost-mary-mt35k-turbo.gif,,,,1,439,,https://mipod.com/products/orange-passion-mango-lost-mary-mt35000-turbo?_pos=19&_fid=d10633de8&_ss=c,mipod.com,1768395662,default,81,{},"Orange Passion Mango Lost Mary MT35K Turbo",
8985,,"Winter Mint Lost Mary MT35K Turbo",,,"Disposable Vapes > Disposable Vapes with screen > Lost Mary",http://aussievapes.com.au/wp-content/uploads/2026/01/winter-mint-lost-mary-mt35k-turbo.gif,,,,1,438,,https://mipod.com/products/winter-mint-lost-mary-mt35000-turbo?_pos=20&_fid=d10633de8&_ss=c,mipod.com,1768395665,default,84,{},"Winter Mint Lost Mary MT35K Turbo",
8987,,"Golden Berry Lost Mary MT35K Turbo",,,"Disposable Vapes > Disposable Vapes with screen > Lost Mary",http://aussievapes.com.au/wp-content/uploads/2026/01/golden-berry-lost-mary-mt35k-turbo.gif,,,,1,437,,https://mipod.com/products/golden-berry-lost-mary-mt35k-turbo?_pos=21&_fid=d10633de8&_ss=c,mipod.com,1768395669,default,88,{},"Golden Berry Lost Mary MT35K Turbo",
8989,,"Mountain Berry Lost Mary MT35K Turbo",,,"Disposable Vapes > Disposable Vapes with screen > Lost Mary",http://aussievapes.com.au/wp-content/uploads/2026/01/mountain-berry-lost-mary-mt35k-turbo.gif,,,,1,436,,https://mipod.com/products/mountain-berry-lost-mary-mt35k-turbo?_pos=22&_fid=d10633de8&_ss=c,mipod.com,1768395671,default,88,{},"Mountain Berry Lost Mary MT35K Turbo",
8991,,"Kiwi Passion Fruit Lost Mary MT35K Turbo",,,"Disposable Vapes > Disposable Vapes with screen > Lost Mary",http://aussievapes.com.au/wp-content/uploads/2026/01/kiwi-passion-fruit-lost-mary-mt35k-turbo.gif,,,,1,435,,https://mipod.com/products/kiwi-passion-fruit-lost-mary-mt35k-turbo?_pos=23&_fid=d10633de8&_ss=c,mipod.com,1769690623,default,84,{},"Kiwi Passion Fruit Lost Mary MT35K Turbo",
8993,,"Black Razz Lemon Lost Mary MT35K Turbo",,,"Disposable Vapes > Disposable Vapes with screen > Lost Mary",http://aussievapes.com.au/wp-content/uploads/2026/01/black-razz-lemon-lost-mary-mt35k-turbo.gif,,,,1,434,,https://mipod.com/products/black-razz-lemon-lost-mary-mt35k-turbo?_pos=24&_fid=d10633de8&_ss=c,mipod.com,1769793545,default,84,{},"Black Razz Lemon Lost Mary MT35K Turbo",
8995,,"Sunny Orange Lost Mary MT35K Turbo",,,"Disposable Vapes > Disposable Vapes with screen > Lost Mary",http://aussievapes.com.au/wp-content/uploads/2026/01/sunny-orange-lost-mary-mt35k-turbo.gif,,,,1,433,,https://mipod.com/products/sunny-orange-lost-mary-mt35k-turbo?_pos=25&_fid=d10633de8&_ss=c,mipod.com,1768395680,default,88,{},"Sunny Orange Lost Mary MT35K Turbo",
8997,,"Clear Lost Mary MT35K Turbo",,,"Disposable Vapes > Disposable Vapes with screen > Lost Mary",http://aussievapes.com.au/wp-content/uploads/2026/01/clear-lost-mary-mt35k-turbo.gif,,,,1,432,,https://mipod.com/products/clear-lost-mary-mt35000-turbo?_pos=26&_fid=d10633de8&_ss=c,mipod.com,1769741442,default,88,{},"Clear Lost Mary MT35K Turbo",
8999,,"Blue Razz Ice Lost Mary Nera Fullview Pods (2pk)",,,"Disposable Vapes > Disposable Vapes with screen > Lost Mary",http://aussievapes.com.au/wp-content/uploads/2026/01/blue-razz-ice-lost-mary-nera-fullview-pods-2pk.png,,,,1,431,,https://mipod.com/products/blue-razz-ice-lost-mary-nera-fullview-disposable-2pk?_pos=27&_fid=d10633de8&_ss=c,mipod.com,1768395688,default,77,{},"Blue Razz Ice Lost Mary Nera Fullview Pods (2pk)",
9001,,"Dragon Strawnana Lost Mary Nera Fullview Pods (2pk)",,,"Disposable Vapes > Disposable Vapes with screen > Lost Mary",http://aussievapes.com.au/wp-content/uploads/2026/01/dragon-strawnana-lost-mary-nera-fullview-pods-2pk.png,,,,1,430,,https://mipod.com/products/dragon-strawnana-lost-mary-nera-fullview-disposable-2pk?_pos=28&_fid=d10633de8&_ss=c,mipod.com,1769681422,default,77,{},"Dragon Strawnana Lost Mary Nera Fullview Pods (2pk)",
9003,,"Pineapple Passion Orange Lost Mary Nera Fullview Pods (2pk)",,,"Disposable Vapes > Disposable Vapes with screen > Lost Mary",http://aussievapes.com.au/wp-content/uploads/2026/01/pineapple-passion-orange-lost-mary-nera-fullview-pods-2pk.png,,,,1,429,,https://mipod.com/products/pineapple-passion-orange-lost-mary-nera-fullview-disposable?_pos=29&_fid=d10633de8&_ss=c,mipod.com,1768395693,default,77,{},"Pineapple Passion Orange Lost Mary Nera Fullview Pods (2pk)",
9005,,"Pink Lemonade Lost Mary Nera Fullview Pods (2pk)",,,"Disposable Vapes > Disposable Vapes with screen > Lost Mary",http://aussievapes.com.au/wp-content/uploads/2026/01/pink-lemonade-lost-mary-nera-fullview-pods-2pk.png,,,,1,428,,https://mipod.com/products/pink-lemonade-lost-mary-nera-fullview-disposable-2pk?_pos=30&_fid=d10633de8&_ss=c,mipod.com,1768395696,default,77,{},"Pink Lemonade Lost Mary Nera Fullview Pods (2pk)",
9007,,"Pomegranate Blast Lost Mary Nera Fullview Pods (2pk)",,,"Disposable Vapes > Disposable Vapes with screen > Lost Mary",http://aussievapes.com.au/wp-content/uploads/2026/01/pomegranate-blast-lost-mary-nera-fullview-pods-2pk.png,,,,1,427,,https://mipod.com/products/pomegranate-blast-lost-mary-nera-fullview-disposable-2pk?_pos=31&_fid=d10633de8&_ss=c,mipod.com,1769638853,default,77,{},"Pomegranate Blast Lost Mary Nera Fullview Pods (2pk)",
9009,,"Rocket Freeze Lost Mary Nera Fullview Pods (2pk)",,,"Disposable Vapes > Disposable Vapes with screen > Lost Mary",http://aussievapes.com.au/wp-content/uploads/2026/01/rocket-freeze-lost-mary-nera-fullview-pods-2pk.png,,,,1,426,,https://mipod.com/products/rocket-freeze-lost-mary-nera-fullview-disposable-2pk?_pos=32&_fid=d10633de8&_ss=c,mipod.com,1768395704,default,77,{},"Rocket Freeze Lost Mary Nera Fullview Pods (2pk)",
9011,,"Scary Berry Lost Mary Nera Fullview Pods (2pk)",,,"Disposable Vapes > Disposable Vapes with screen > Lost Mary",http://aussievapes.com.au/wp-content/uploads/2026/01/scary-berry-lost-mary-nera-fullview-pods-2pk.png,,,,1,425,,https://mipod.com/products/scary-berry-lost-mary-nera-fullview-disposable-2pk?_pos=33&_fid=d10633de8&_ss=c,mipod.com,1768395708,default,80,{},"Scary Berry Lost Mary Nera Fullview Pods (2pk)",
9013,,"Sour Apple Ice Lost Mary Nera Fullview Pods (2pk)",,,"Disposable Vapes > Disposable Vapes with screen > Lost Mary",http://aussievapes.com.au/wp-content/uploads/2026/01/sour-apple-ice-lost-mary-nera-fullview-pods-2pk.png,,,,1,424,,https://mipod.com/products/sour-apple-ice-lost-mary-nera-fullview-disposable-2pk?_pos=34&_fid=d10633de8&_ss=c,mipod.com,1768395711,default,77,{},"Sour Apple Ice Lost Mary Nera Fullview Pods (2pk)",
9015,,"Watermelon Ice Lost Mary Nera Fullview Pods (2pk)",,,"Disposable Vapes > Disposable Vapes with screen > Lost Mary",http://aussievapes.com.au/wp-content/uploads/2026/01/watermelon-ice-lost-mary-nera-fullview-pods-2pk.png,,,,1,423,,https://mipod.com/products/watermelon-ice-lost-mary-nera-fullview-disposable-2pk?_pos=35&_fid=d10633de8&_ss=c,mipod.com,1768395714,default,77,{},"Watermelon Ice Lost Mary Nera Fullview Pods (2pk)",
9017,,"Dragon Strawnana Lost Mary Nera Fullview Kit",,,"Disposable Vapes > Disposable Vapes with screen > Lost Mary",http://aussievapes.com.au/wp-content/uploads/2026/01/dragon-strawnana-lost-mary-nera-fullview-kit.png,,,,1,422,,https://mipod.com/products/dragon-strawnana-lost-mary-nera-fullview-kit?_pos=36&_fid=d10633de8&_ss=c,mipod.com,1769684797,default,82,{},"Dragon Strawnana Lost Mary Nera Fullview Kit",
9019,,"Blue Razz Ice Lost Mary Nera Fullview Kit",,,"Disposable Vapes > Disposable Vapes with screen > Lost Mary",http://aussievapes.com.au/wp-content/uploads/2026/01/blue-razz-ice-lost-mary-nera-fullview-kit.png,,,,1,421,,https://mipod.com/products/blue-razz-ice-lost-mary-nera-fullview-kit?_pos=37&_fid=d10633de8&_ss=c,mipod.com,1768395721,default,82,{},"Blue Razz Ice Lost Mary Nera Fullview Kit",
9021,,"Pineapple Passion Orange Lost Mary Nera Fullview Kit",,,"Disposable Vapes > Disposable Vapes with screen > Lost Mary",http://aussievapes.com.au/wp-content/uploads/2026/01/pineapple-passion-orange-lost-mary-nera-fullview-kit.png,,,,1,420,,https://mipod.com/products/pineapple-passion-orange-lost-mary-nera-fullview-kit?_pos=38&_fid=d10633de8&_ss=c,mipod.com,1768395724,default,82,{},"Pineapple Passion Orange Lost Mary Nera Fullview Kit",
9023,,"Pink Lemonade Lost Mary Nera Fullview Kit",,,"Disposable Vapes > Disposable Vapes with screen > Lost Mary",http://aussievapes.com.au/wp-content/uploads/2026/01/pink-lemonade-lost-mary-nera-fullview-kit.png,,,,1,419,,https://mipod.com/products/pink-lemonade-lost-mary-nera-fullview-kit?_pos=39&_fid=d10633de8&_ss=c,mipod.com,1768395728,default,82,{},"Pink Lemonade Lost Mary Nera Fullview Kit",
9025,,"Rocket Freeze Lost Mary Nera Fullview Kit",,,"Disposable Vapes > Disposable Vapes with screen > Lost Mary",http://aussievapes.com.au/wp-content/uploads/2026/01/rocket-freeze-lost-mary-nera-fullview-kit.png,,,,1,418,,https://mipod.com/products/rocket-freeze-lost-mary-nera-fullview-kit?_pos=40&_fid=d10633de8&_ss=c,mipod.com,1768395730,default,82,{},"Rocket Freeze Lost Mary Nera Fullview Kit",
9027,,"Pomegranate Blast Lost Mary Nera Fullview Kit",,,"Disposable Vapes > Disposable Vapes with screen > Lost Mary",http://aussievapes.com.au/wp-content/uploads/2026/01/pomegranate-blast-lost-mary-nera-fullview-kit.png,,,,1,417,,https://mipod.com/products/pomegranate-blast-lost-mary-nera-fullview-kit?_pos=41&_fid=d10633de8&_ss=c,mipod.com,1768395733,default,82,{},"Pomegranate Blast Lost Mary Nera Fullview Kit",
9029,,"Sour Apple Ice Lost Mary Nera Fullview Kit",,,"Disposable Vapes > Disposable Vapes with screen > Lost Mary",http://aussievapes.com.au/wp-content/uploads/2026/01/sour-apple-ice-lost-mary-nera-fullview-kit.png,,,,1,416,,https://mipod.com/products/sour-apple-ice-lost-mary-nera-fullview-kit?_pos=42&_fid=d10633de8&_ss=c,mipod.com,1768395735,default,82,{},"Sour Apple Ice Lost Mary Nera Fullview Kit",
9031,,"Watermelon Ice Lost Mary Nera Fullview Kit",,,"Disposable Vapes > Disposable Vapes with screen > Lost Mary",http://aussievapes.com.au/wp-content/uploads/2026/01/watermelon-ice-lost-mary-nera-fullview-kit.png,,,,1,415,,https://mipod.com/products/watermelon-ice-lost-mary-nera-fullview-kit?_pos=43&_fid=d10633de8&_ss=c,mipod.com,1778355833,default,82,{},"Watermelon Ice Lost Mary Nera Fullview Kit",
9033,,"Miami Mint Lost Mary Nera Fullview Pods (2pk)",,,"Disposable Vapes > Disposable Vapes with screen > Lost Mary",http://aussievapes.com.au/wp-content/uploads/2026/01/miami-mint-lost-mary-nera-fullview-pods-2pk.png,,,,1,414,,https://mipod.com/products/miami-mint-lost-mary-nera-fullview-disposable-2pk?_pos=44&_fid=d10633de8&_ss=c,mipod.com,1768395741,default,77,{},"Miami Mint Lost Mary Nera Fullview Pods (2pk)",
9035,,"Scary Berry Lost Mary Nera Fullview Kit",,,"Disposable Vapes > Disposable Vapes with screen > Lost Mary",http://aussievapes.com.au/wp-content/uploads/2026/01/scary-berry-lost-mary-nera-fullview-kit.png,,,,1,413,,https://mipod.com/products/scary-berry-lost-mary-nera-fullview-kit?_pos=45&_fid=d10633de8&_ss=c,mipod.com,1768395745,default,82,{},"Scary Berry Lost Mary Nera Fullview Kit",
9037,,"Miami Mint Lost Mary Nera Fullview Kit",,,"Disposable Vapes > Disposable Vapes with screen > Lost Mary",http://aussievapes.com.au/wp-content/uploads/2026/01/miami-mint-lost-mary-nera-fullview-kit.png,,,,1,412,,https://mipod.com/products/miami-mint-lost-mary-nera-fullview-kit?_pos=46&_fid=d10633de8&_ss=c,mipod.com,1778355714,default,82,{},"Miami Mint Lost Mary Nera Fullview Kit",
9039,,"Scary Berry Lost Mary MT35K Turbo",,,"Disposable Vapes > Disposable Vapes with screen > Lost Mary",http://aussievapes.com.au/wp-content/uploads/2026/01/scary-berry-lost-mary-mt35k-turbo.gif,,,,1,411,,https://mipod.com/products/scary-berry-lost-mary-mt35000-turbo?_pos=47&_fid=d10633de8&_ss=c,mipod.com,1768395750,default,88,{},"Scary Berry Lost Mary MT35K Turbo",
9041,,"Strawberry Kiwi Lost Mary MT35K Turbo",,,"Disposable Vapes > Disposable Vapes with screen > Lost Mary",http://aussievapes.com.au/wp-content/uploads/2026/01/strawberry-kiwi-lost-mary-mt35k-turbo.gif,,,,1,410,,https://mipod.com/products/strawberry-kiwi-lost-mary-mt35000-turbo?_pos=48&_fid=d10633de8&_ss=c,mipod.com,1769682097,default,,{},,
9043,,"Strawberry Lost Mary MT35K Turbo",,,"Disposable Vapes > Disposable Vapes with screen > Lost Mary",http://aussievapes.com.au/wp-content/uploads/2026/01/strawberry-lost-mary-mt35k-turbo.gif,,,,1,409,,https://mipod.com/products/strawberry-lost-mary-mt35000-turbo?_pos=49&_fid=d10633de8&_ss=c,mipod.com,1768395757,default,88,{},"Strawberry Lost Mary MT35K Turbo",
9045,,"Lost Mary MT35000 Turbo Sampler",,,"Disposable Vapes > Disposable Vapes with screen > Lost Mary",http://aussievapes.com.au/wp-content/uploads/2026/01/lost-mary-mt35000-turbo-sampler.png,,,,1,408,,https://mipod.com/products/lost-mary-mt35000-turbo-sampler?_pos=50&_fid=d10633de8&_ss=c,mipod.com,1769697912,default,88,{},"Lost Mary MT35000 Turbo Sampler",
9047,,"Watermelon Ice Lost Mary MT15000 Turbo",,,"Disposable Vapes > Disposable Vapes with screen > Lost Mary",http://aussievapes.com.au/wp-content/uploads/2026/01/watermelon-ice-lost-mary-mt15000-turbo.png,,,,1,407,,https://mipod.com/products/watermelon-ice-lost-mary-mt15000-turbo?_pos=51&_fid=d10633de8&_ss=c,mipod.com,1768395764,default,81,{},"Watermelon Ice Lost Mary MT15000 Turbo",
9049,,"Miami Mint Lost Mary MT15000 Turbo (ZERO Nicotine)",,,"Disposable Vapes > Disposable Vapes with screen > Lost Mary",http://aussievapes.com.au/wp-content/uploads/2026/01/miami-mint-lost-mary-mt15000-turbo-zero-nicotine.png,,,,1,406,,https://mipod.com/products/miami-mint-lost-mary-mt15000-turbo-zero?_pos=52&_fid=d10633de8&_ss=c,mipod.com,1768395767,default,75,{},"Miami Mint Lost Mary MT15000 Turbo (ZERO Nicotine)",
9051,,"Blue Razz Ice Lost Mary MT15000 Turbo (ZERO Nicotine)",,,"Disposable Vapes > Disposable Vapes with screen > Lost Mary",http://aussievapes.com.au/wp-content/uploads/2026/01/blue-razz-ice-lost-mary-mt15000-turbo-zero-nicotine.png,,,,1,405,,https://mipod.com/products/blue-razz-ice-lost-mary-mt15000-turbo-zero?_pos=53&_fid=d10633de8&_ss=c,mipod.com,1768395770,,,,,
9053,,"Baja Splash Lost Mary MT15000 Turbo (ZERO Nicotine)",,,"Disposable Vapes > Disposable Vapes with screen > Lost Mary",http://aussievapes.com.au/wp-content/uploads/2026/01/baja-splash-lost-mary-mt15000-turbo-zero-nicotine.png,,,,1,404,,https://mipod.com/products/baja-splash-lost-mary-mt15000-turbo-zero?_pos=54&_fid=d10633de8&_ss=c,mipod.com,1769678254,default,77,{},"Baja Splash Lost Mary MT15000 Turbo (ZERO Nicotine)",
9055,,"Strawberry Dragon Lemonade Lost Mary MT35K Turbo",,,"Disposable Vapes > Disposable Vapes with screen > Lost Mary",http://aussievapes.com.au/wp-content/uploads/2026/01/strawberry-dragon-lemonade-lost-mary-mt35k-turbo.png,,,,1,403,,https://mipod.com/products/strawbery-dragon-lemonade-lost-mary-mt35k-turbo?_pos=55&_fid=d10633de8&_ss=c,mipod.com,1768395775,default,84,{},"Strawberry Dragon Lemonade Lost Mary MT35K Turbo",
9057,,"Half and Half Lost Mary MT35K Turbo",,,"Disposable Vapes > Disposable Vapes with screen > Lost Mary",http://aussievapes.com.au/wp-content/uploads/2026/01/half-and-half-lost-mary-mt35k-turbo.png,,,,1,402,,https://mipod.com/products/half-and-half-lost-mary-mt35k-turbo?_pos=56&_fid=d10633de8&_ss=c,mipod.com,1768395779,default,89,{},"Half and Half Lost Mary MT35K Turbo",
9059,,"Mint Lemonade Lost Mary MT35K Turbo",,,"Disposable Vapes > Disposable Vapes with screen > Lost Mary",http://aussievapes.com.au/wp-content/uploads/2026/01/mint-lemonade-lost-mary-mt35k-turbo.png,,,,1,401,,https://mipod.com/products/mint-lemonade-lost-mary-mt35k-turbo?_pos=57&_fid=d10633de8&_ss=c,mipod.com,1768395782,default,88,{},"Mint Lemonade Lost Mary MT35K Turbo",
9061,,"Blue Razz Lemonade Lost Mary MT35K Turbo",,,"Disposable Vapes > Disposable Vapes with screen > Lost Mary",http://aussievapes.com.au/wp-content/uploads/2026/01/blue-razz-lemonade-lost-mary-mt35k-turbo.png,,,,1,400,,https://mipod.com/products/blue-razz-lemonade-lost-mary-mt35k-turbo?_pos=58&_fid=d10633de8&_ss=c,mipod.com,1768395785,default,84,{},"Blue Razz Lemonade Lost Mary MT35K Turbo",
9063,,"Tropical Lemonade Lost Mary MT35K Turbo",,,"Disposable Vapes > Disposable Vapes with screen > Lost Mary",http://aussievapes.com.au/wp-content/uploads/2026/01/tropical-lemonade-lost-mary-mt35k-turbo.png,,,,1,399,,https://mipod.com/products/tropical-lemonade-lost-mary-mt35k-turbo?_pos=59&_fid=d10633de8&_ss=c,mipod.com,1768395788,default,84,{},"Tropical Lemonade Lost Mary MT35K Turbo",
9065,,"Strawberry Kiwi Lost Mary MT15000 Turbo",,,"Disposable Vapes > Disposable Vapes with screen > Lost Mary",http://aussievapes.com.au/wp-content/uploads/2026/01/strawberry-kiwi-lost-mary-mt15000-turbo.png,,,,1,398,,https://mipod.com/products/strawberry-kiwi-lost-mary-mt15000-turbo?_pos=60&_fid=d10633de8&_ss=c,mipod.com,1778359568,default,75,{},"Strawberry Kiwi Lost Mary MT15000 Turbo",
9067,,"Classic Tobacco Lost Mary MT35K Turbo",,,"Disposable Vapes > Disposable Vapes with screen > Lost Mary",http://aussievapes.com.au/wp-content/uploads/2026/01/classic-tobacco-lost-mary-mt35k-turbo.gif,,,,1,397,,https://mipod.com/products/classic-tobacco-lost-mary-mt35k-turbo?_pos=61&_fid=d10633de8&_ss=c,mipod.com,1768395793,default,88,{},"Classic Tobacco Lost Mary MT35K Turbo",
9069,,"Miami Mint Lost Mary MT35K Turbo",,,"Disposable Vapes > Disposable Vapes with screen > Lost Mary",http://aussievapes.com.au/wp-content/uploads/2026/01/miami-mint-lost-mary-mt35k-turbo.gif,,,,1,396,,https://mipod.com/products/miami-mint-lost-mary-mt35000-turbo?_pos=62&_fid=d10633de8&_ss=c,mipod.com,1768395798,default,86,{},"Miami Mint Lost Mary MT35K Turbo",
9071,,"Grape Jelly Lost Mary MT15000 Turbo (Monday)",,,"Disposable Vapes > Disposable Vapes with screen > Lost Mary",http://aussievapes.com.au/wp-content/uploads/2026/01/grape-jelly-lost-mary-mt15000-turbo-monday.png,,,,1,395,,https://mipod.com/products/grape-jelly-monday-lost-mary-mt15000-turbo?_pos=63&_fid=d10633de8&_ss=c,mipod.com,1768395801,default,75,{},"Grape Jelly Lost Mary MT15000 Turbo (Monday)",
9073,,"Dr. Cherry Lost Mary MT15000 Turbo",,,"Disposable Vapes > Disposable Vapes with screen > Lost Mary",http://aussievapes.com.au/wp-content/uploads/2026/01/dr-cherry-lost-mary-mt15000-turbo.png,,,,1,394,,https://mipod.com/products/dr-cherry-lost-mary-mt15000-turbo?_pos=64&_fid=d10633de8&_ss=c,mipod.com,1768395803,default,81,{},"Dr. Cherry Lost Mary MT15000 Turbo",
9075,,"Cherry Strazz Lost Mary MT15000 Turbo",,,"Disposable Vapes > Disposable Vapes with screen > Lost Mary",http://aussievapes.com.au/wp-content/uploads/2026/01/cherry-strazz-lost-mary-mt15000-turbo.png,,,,1,393,,https://mipod.com/products/cherry-strazz-lost-mary-mt15000-turbo-thermal-edition?_pos=65&_fid=d10633de8&_ss=c,mipod.com,1768395806,default,79,{},"Cherry Strazz Lost Mary MT15000 Turbo",
9077,,"Summer Grape Lost Mary MT15000 Turbo",,,"Disposable Vapes > Disposable Vapes with screen > Lost Mary",http://aussievapes.com.au/wp-content/uploads/2026/01/summer-grape-lost-mary-mt15000-turbo.png,,,,1,392,,https://mipod.com/products/summer-grape-lost-mary-mt15000-turbo-thermal-edition?_pos=66&_fid=d10633de8&_ss=c,mipod.com,1768395808,default,79,{},"Summer Grape Lost Mary MT15000 Turbo",
9079,,"Strawmelon Peach Lost Mary MT15000 Turbo",,,"Disposable Vapes > Disposable Vapes with screen > Lost Mary",http://aussievapes.com.au/wp-content/uploads/2026/01/strawmelon-peach-lost-mary-mt15000-turbo.png,,,,1,391,,https://mipod.com/products/strawmelon-peach-lost-mary-mt15000-turbo?_pos=67&_fid=d10633de8&_ss=c,mipod.com,1769692019,default,84,{},"Strawmelon Peach Lost Mary MT15000 Turbo",
9252,,"Voopoo Vrizz Pods",,,"vape kits > Refillable Vape Pod Kits",http://aussievapes.com.au/wp-content/uploads/2026/01/voopoo-vrizz-pods.png,,,,1,390,,https://mipod.com/products/voopoo-vrizz-pods,mipod.com,1768668405,,,,,
9253,,"Vaporesso XROS 4 Nano Kit",,,"vape kits > Refillable Vape Pod Kits",http://aussievapes.com.au/wp-content/uploads/2026/01/vaporesso-xros-4-nano-kit.png,,,,1,388,,https://mipod.com/products/vaporesso-xros-4-nano-kit,mipod.com,1769688458,,,,,
9254,,"Geekvape Digi Max Kit",,,"vape kits > Refillable Vape Pod Kits",http://aussievapes.com.au/wp-content/uploads/2026/01/geekvape-digi-max-kit.png,,,,1,389,,https://mipod.com/products/geekvape-digi-max-kit,mipod.com,1778339450,,,,,
9257,,"Purple Pebbles Mi-Pod PRO +",,,"vape kits > Refillable Vape Pod Kits",http://aussievapes.com.au/wp-content/uploads/2026/01/purple-pebbles-mi-pod-pro.png,,,,1,385,,https://mipod.com/products/purple-pebbles,mipod.com,1769795287,,,,,
9259,,"VOOPOO Vrizz Kit",,,"vape kits > Refillable Vape Pod Kits",http://aussievapes.com.au/wp-content/uploads/2026/01/voopoo-vrizz-kit.png,,,,1,386,,https://mipod.com/products/voopoo-vrizz-kit,mipod.com,1768668408,,,,,
9260,,"Red Raw Mi-Pod PRO +",,,"vape kits > Refillable Vape Pod Kits",http://aussievapes.com.au/wp-content/uploads/2026/01/red-raw-mi-pod-pro.png,,,,1,387,,https://mipod.com/products/red-raw,mipod.com,1778339424,,,,,
9264,,"SMOK Novo 6 Kit",,,"vape kits > Refillable Vape Pod Kits",http://aussievapes.com.au/wp-content/uploads/2026/01/smok-novo-6-kit.png,,,,1,382,,https://mipod.com/products/smok-novo-6-kit,mipod.com,1768668410,,,,,
9265,,"Vaporesso XROS 5 Kit",,,"vape kits > Refillable Vape Pod Kits",http://aussievapes.com.au/wp-content/uploads/2026/01/vaporesso-xros-5-kit.png,,,,1,383,,https://mipod.com/products/vaporesso-xros-5-kit,mipod.com,1778353129,,,,,
9266,,"Royal Hue Mi-Pod PRO +",,,"vape kits > Refillable Vape Pod Kits",http://aussievapes.com.au/wp-content/uploads/2026/01/royal-hue-mi-pod-pro.png,,,,1,384,,https://mipod.com/products/royal-hue-mi-pod-pro,mipod.com,1778358490,,,,,
9268,,"Vaporesso XROS Pro 2 Kit",,,"vape kits > Refillable Vape Pod Kits",http://aussievapes.com.au/wp-content/uploads/2026/01/vaporesso-xros-pro-2-kit.png,,,,1,381,,https://mipod.com/products/vaporesso-xros-pro-2-kit,mipod.com,1768668412,,,,,
9271,,"UWELL Caliburn G4 Pro Kit",,,"vape kits > Refillable Vape Pod Kits",http://aussievapes.com.au/wp-content/uploads/2026/01/uwell-caliburn-g4-pro-kit.png,,,,1,379,,https://mipod.com/products/uwell-caliburn-g4-pro-kit,mipod.com,1768668413,,,,,
9272,,"Vaporesso Vibe Kit",,,"vape kits > Refillable Vape Pod Kits",http://aussievapes.com.au/wp-content/uploads/2026/01/vaporesso-vibe-kit.png,,,,1,380,,https://mipod.com/products/vaporesso-vibe-kit,mipod.com,1778339439,,,,,
9274,,"UWELL Caliburn GZ2 Pod Kit",,,"vape kits > Refillable Vape Pod Kits",http://aussievapes.com.au/wp-content/uploads/2026/01/uwell-caliburn-gz2-pod-kit.png,,,,1,377,,https://mipod.com/products/uwell-caliburn-gz2-pod-kit,mipod.com,1769705787,,,,,
9276,,"Geekvape Aegis Hero 5 Kit",,,"vape kits > Refillable Vape Pod Kits",http://aussievapes.com.au/wp-content/uploads/2026/01/geekvape-aegis-hero-5-kit.png,,,,1,378,,https://mipod.com/products/geekvape-aegis-hero-5-kit,mipod.com,1769795184,,,,,
9278,,"Clear Mi-Pod NX 2pk Pods",,,"vape kits > Refillable Vape Pod Kits",http://aussievapes.com.au/wp-content/uploads/2026/01/clear-mi-pod-nx-2pk-pods.png,,,,1,376,,https://mipod.com/products/clear-mi-pod-nx-2pk-pods,mipod.com,1769795164,,,,,
9280,,"Vaporesso Eco Nano Pro Kit",,,"vape kits > Refillable Vape Pod Kits",http://aussievapes.com.au/wp-content/uploads/2026/01/vaporesso-eco-nano-pro-kit.png,,,,1,375,,https://mipod.com/products/vaporesso-eco-nano-pro-kit,mipod.com,1768668418,,,,,
9282,,"Vaporesso XROS 5 Nano Kit",,,"vape kits > Refillable Vape Pod Kits",http://aussievapes.com.au/wp-content/uploads/2026/01/vaporesso-xros-5-nano-kit.png,,,,1,374,,https://mipod.com/products/vaporesso-xros-5-nano-kit,mipod.com,1778358500,,,,,
9284,,"Vaporesso Eco Nano Plus Kit",,,"vape kits > Refillable Vape Pod Kits",http://aussievapes.com.au/wp-content/uploads/2026/01/vaporesso-eco-nano-plus-kit.png,,,,1,373,,https://mipod.com/products/vaporesso-eco-nano-plus-kit,mipod.com,1769697443,,,,,
9287,,"Pineapple Coconut FLONQ Max Pro ZERO",,,"Nicotine-Free Vapes",http://aussievapes.com.au/wp-content/uploads/2026/01/pineapple-coconut-flonq-max-pro-zero-1.png,,,,1,371,,https://mipod.com/products/pineapple-coconut-flonq-max-pro-zero,mipod.com,1768668705,,,,,
9289,,"Strawberry Kiwi FLONQ Max Pro ZERO",,,"Nicotine-Free Vapes",http://aussievapes.com.au/wp-content/uploads/2026/01/strawberry-kiwi-flonq-max-pro-zero.png,,,,1,372,,https://mipod.com/products/strawberry-kiwi-flonq-max-pro-zero,mipod.com,1778355962,,,,,
9290,,"Miami Mint FLONQ Max Pro ZERO",,,"Nicotine-Free Vapes",http://aussievapes.com.au/wp-content/uploads/2026/01/miami-mint-flonq-max-pro-zero.png,,,,1,370,,https://mipod.com/products/miami-mint-flonq-max-pro-zero,mipod.com,1768668706,,,,,
9292,,"Cherry Lemon FLONQ Max Pro ZERO",,,"Nicotine-Free Vapes",http://aussievapes.com.au/wp-content/uploads/2026/01/cherry-lemon-flonq-max-pro-zero-1.png,,,,1,369,,https://mipod.com/products/cherry-lemon-flonq-max-pro-zero,mipod.com,1768668707,,,,,
9295,,"Blue Razz Icy FLONQ Max Pro ZERO",,,"Nicotine-Free Vapes",http://aussievapes.com.au/wp-content/uploads/2026/01/blue-razz-icy-flonq-max-pro-zero.png,,,,1,368,,https://mipod.com/products/blue-razz-icy-flonq-max-pro-zero,mipod.com,1778353150,,,,,
9297,,"Banana Milkshake FLONQ Max Smart",,,"Nicotine-Free Vapes",http://aussievapes.com.au/wp-content/uploads/2026/01/banana-milkshake-flonq-max-smart.png,,,,1,366,,https://mipod.com/products/banana-milkshake-flonq-max-smart,mipod.com,1769793788,,,,,
9298,,"Strawberry Watermelon FLONQ Max Smart",,,"Nicotine-Free Vapes",http://aussievapes.com.au/wp-content/uploads/2026/01/strawberry-watermelon-flonq-max-smart-1.png,,,,1,367,,https://mipod.com/products/strawberry-watermelon-flonq-max-smart,mipod.com,1768668710,,,,,
9301,,"Rocket Pop Lost Mary MT15000 Turbo (ZERO Nicotine)",,,"Nicotine-Free Vapes",http://aussievapes.com.au/wp-content/uploads/2026/01/rocket-pop-lost-mary-mt15000-turbo-zero-nicotine.png,,,,1,365,,https://mipod.com/products/rocket-popsicle-lost-mary-mt15000-turbo-zero,mipod.com,1768668713,,,,,
9302,,"Winter Mint Lost Mary MT15000 Turbo (ZERO Nicotine)",,,"Nicotine-Free Vapes",http://aussievapes.com.au/wp-content/uploads/2026/01/winter-mint-lost-mary-mt15000-turbo-zero-nicotine.png,,,,1,364,,https://mipod.com/products/winter-mint-lost-mary-mt15000-turbo-zero,mipod.com,1768668713,,,,,
9304,,"Tobacco Fume Prime ZERO 20K",,,"Nicotine-Free Vapes",http://aussievapes.com.au/wp-content/uploads/2026/01/tobacco-fume-prime-zero-20k-1.png,,,,1,363,,https://mipod.com/products/tobacco-fume-prime-zero-20k,mipod.com,1768668715,,,,,
9306,,"Black Ice FUME Prime ZERO 20K",,,"Nicotine-Free Vapes",http://aussievapes.com.au/wp-content/uploads/2026/01/black-ice-fume-prime-zero-20k-1.png,,,,1,362,,https://mipod.com/products/black-ice-fume-prime-zero-20k,mipod.com,1769793873,,,,,
9308,,"Ice Mint FUME Prime ZERO 20K",,,"Nicotine-Free Vapes",http://aussievapes.com.au/wp-content/uploads/2026/01/ice-mint-fume-prime-zero-20k-1.png,,,,1,361,,https://mipod.com/products/ice-mint-fume-prime-zero-20k,mipod.com,1768668721,,,,,
9310,,"Lush Ice FUME Prime ZERO 20K",,,"Nicotine-Free Vapes",http://aussievapes.com.au/wp-content/uploads/2026/01/lush-ice-fume-prime-zero-20k-1.png,,,,1,360,,https://mipod.com/products/lush-ice-fume-prime-zero-20k,mipod.com,1769688397,,,,,
9312,,"Mango Mint FUME Prime ZERO 20K",,,"Nicotine-Free Vapes",http://aussievapes.com.au/wp-content/uploads/2026/01/mango-mint-fume-prime-zero-20k-1.png,,,,1,359,,https://mipod.com/products/mango-mint-fume-prime-zero-20k,mipod.com,1768668728,,,,,
9314,,"Miami Mint FUME Prime ZERO 20K",,,"Nicotine-Free Vapes",http://aussievapes.com.au/wp-content/uploads/2026/01/miami-mint-fume-prime-zero-20k.png,,,,1,358,,https://mipod.com/products/miami-mint-fume-prime-zero-20k,mipod.com,1768668731,,,,,
9316,,"Mix Fruit Ice FUME Prime ZERO 20K",,,"Nicotine-Free Vapes",http://aussievapes.com.au/wp-content/uploads/2026/01/mix-fruit-ice-fume-prime-zero-20k-1.png,,,,1,357,,https://mipod.com/products/mix-fruit-ice-fume-prime-zero-20k,mipod.com,1768668735,,,,,
9318,,"Peach Watermelon Berry FUME Prime ZERO 20K",,,"Nicotine-Free Vapes",http://aussievapes.com.au/wp-content/uploads/2026/01/peach-watermelon-berry-fume-prime-zero-20k-1.png,,,,1,356,,https://mipod.com/products/peach-watermelon-berry-fume-prime-zero-20k,mipod.com,1768668737,,,,,
9320,,"Strawberry Banana FUME Prime ZERO 20K",,,"Nicotine-Free Vapes",http://aussievapes.com.au/wp-content/uploads/2026/01/strawberry-banana-fume-prime-zero-20k-1.png,,,,1,355,,https://mipod.com/products/strawberry-banana-fume-prime-zero-20k,mipod.com,1768668740,,,,,
9322,,"Strawberry Watermelon FUME Prime ZERO 20K",,,"Nicotine-Free Vapes",http://aussievapes.com.au/wp-content/uploads/2026/01/strawberry-watermelon-fume-prime-zero-20k.png,,,,1,354,,https://mipod.com/products/strawberry-watermelon-fume-prime-zero-20k,mipod.com,1768668743,,,,,
9324,,"Baja Splash Lost Mary MT15000 Turbo (ZERO Nicotine)",,,"Nicotine-Free Vapes",http://aussievapes.com.au/wp-content/uploads/2026/01/baja-splash-lost-mary-mt15000-turbo-zero-nicotine-1.png,,,,1,353,,https://mipod.com/products/baja-splash-lost-mary-mt15000-turbo-zero,mipod.com,1769793762,,,,,
9326,,"Blue Razz Ice Lost Mary MT15000 Turbo (ZERO Nicotine)",,,"Nicotine-Free Vapes",http://aussievapes.com.au/wp-content/uploads/2026/01/blue-razz-ice-lost-mary-mt15000-turbo-zero-nicotine-1.png,,,,1,352,,https://mipod.com/products/blue-razz-ice-lost-mary-mt15000-turbo-zero,mipod.com,1769682772,,,,,
9328,,"Miami Mint Lost Mary MT15000 Turbo (ZERO Nicotine)",,,"Nicotine-Free Vapes",http://aussievapes.com.au/wp-content/uploads/2026/01/miami-mint-lost-mary-mt15000-turbo-zero-nicotine-1.png,,,,1,351,,https://mipod.com/products/miami-mint-lost-mary-mt15000-turbo-zero,mipod.com,1768668751,,,,,
9330,,"Blue Lemonade FLONQ Max Smart",,,"Nicotine-Free Vapes",http://aussievapes.com.au/wp-content/uploads/2026/01/blue-lemonade-flonq-max-smart-1.png,,,,1,350,,https://mipod.com/products/blue-lemonade-flonq-max-smart,mipod.com,1778355763,,,,,
9332,,"Yummy Bear FLONQ Max Smart",,,"Nicotine-Free Vapes",http://aussievapes.com.au/wp-content/uploads/2026/01/yummy-bear-flonq-max-smart-1.png,,,,1,349,,https://mipod.com/products/yummy-bear-flonq-max-smart,mipod.com,1768668758,,,,,
9334,,"Milk Chocolate FLONQ Max Smart",,,"Nicotine-Free Vapes",http://aussievapes.com.au/wp-content/uploads/2026/01/milk-chocolate-flonq-max-smart-1.png,,,,1,348,,https://mipod.com/products/milk-chocolate-flonq-max-smart,mipod.com,1768668761,,,,,
9336,,"Grape FLONQ Max Smart",,,"Nicotine-Free Vapes",http://aussievapes.com.au/wp-content/uploads/2026/01/grape-flonq-max-smart-1.png,,,,1,347,,https://mipod.com/products/grape-flonq-max-smart,mipod.com,1778339429,,,,,
9338,,"Mint Chill FLONQ Max Smart",,,"Nicotine-Free Vapes",http://aussievapes.com.au/wp-content/uploads/2026/01/mint-chill-flonq-max-smart-1.png,,,,1,346,,https://mipod.com/products/mint-chill-flonq-max-smart,mipod.com,1778355922,,,,,
9340,,"Watermelon Ice FLONQ Max Smart",,,"Nicotine-Free Vapes",http://aussievapes.com.au/wp-content/uploads/2026/01/watermelon-ice-flonq-max-smart-1.png,,,,1,345,,https://mipod.com/products/watermelon-ice-flonq-max-smart,mipod.com,1768668770,,,,,
9342,,"Watermelon Ice BC5000",,,"Nicotine-Free Vapes",http://aussievapes.com.au/wp-content/uploads/2026/01/watermelon-ice-bc5000-1.png,,,,1,344,,https://mipod.com/products/watermelon-ice-elf-bar-5000,mipod.com,1778339440,,,,,
9344,,"Blue Razz Ice EB BC5000",,,"Nicotine-Free Vapes",http://aussievapes.com.au/wp-content/uploads/2026/01/blue-razz-ice-eb-bc5000-1.png,,,,1,343,,https://mipod.com/products/blue-razz-ice-elf-bar-5000,mipod.com,1769794012,,,,,
9346,,"Strawberry Mango BC5000",,,"Nicotine-Free Vapes",http://aussievapes.com.au/wp-content/uploads/2026/01/strawberry-mango-bc5000-1.png,,,,1,342,,https://mipod.com/products/strawberry-mango-elf-bar-5000,mipod.com,1778339448,,,,,
9348,,"Peach Mango Watermelon BC5000",,,"Nicotine-Free Vapes",http://aussievapes.com.au/wp-content/uploads/2026/01/peach-mango-watermelon-bc5000-1.png,,,,1,341,,https://mipod.com/products/peach-mango-watermelon-elf-bar-5000,mipod.com,1768668782,,,,,
9350,,"Miami Mint EB BC5000",,,"Nicotine-Free Vapes",http://aussievapes.com.au/wp-content/uploads/2026/01/miami-mint-eb-bc5000-1.png,,,,1,340,,https://mipod.com/products/miami-mint-elf-bar-5000,mipod.com,1778339443,,,,,
9352,,"Strawberry Banana BC5000",,,"Nicotine-Free Vapes",http://aussievapes.com.au/wp-content/uploads/2026/01/strawberry-banana-bc5000-1.png,,,,1,339,,https://mipod.com/products/strawberry-banana-elf-bar-5000,mipod.com,1768668789,,,,,
9354,,"Strawberry Kiwi BC5000",,,"Nicotine-Free Vapes",http://aussievapes.com.au/wp-content/uploads/2026/01/strawberry-kiwi-bc5000-1.png,,,,1,338,,https://mipod.com/products/strawberry-kiwi-elf-bar-5000,mipod.com,1768668794,,,,,
9356,,"Tropical SPOAL BC5000",,,"Nicotine-Free Vapes",http://aussievapes.com.au/wp-content/uploads/2026/01/tropical-spoal-bc5000-1.png,,,,1,337,,https://mipod.com/products/tropic-rainbow-blast-elf-bar-5000,mipod.com,1768668796,,,,,
9358,,"Rinbo Cloudd BC5000",,,"Nicotine-Free Vapes",http://aussievapes.com.au/wp-content/uploads/2026/01/rinbo-cloudd-bc5000-1.png,,,,1,336,,https://mipod.com/products/rainbow-candy-elf-bar-5000,mipod.com,1778339424,,,,,
9360,,"Strawberry Ice Posh Max 2.0",,,"Nicotine-Free Vapes",http://aussievapes.com.au/wp-content/uploads/2026/01/strawberry-ice-posh-max-20.png,,,,1,335,,https://mipod.com/products/strawberry-ice-posh-max-2-0,mipod.com,1768668803,,,,,
9362,,"Blue B Ice Posh Max 2.0",,,"Nicotine-Free Vapes",http://aussievapes.com.au/wp-content/uploads/2026/01/blue-b-ice-posh-max-20.png,,,,1,334,,https://mipod.com/products/blueberry-ice-posh-max-2-0,mipod.com,1769793895,,,,,
9364,,"Blue Raspberry Lemon by Cloud Nurdz 100mL",,,"Nicotine-Free Vapes",http://aussievapes.com.au/wp-content/uploads/2026/01/blue-raspberry-lemon-by-cloud-nurdz-100ml.png,,,,1,333,,https://mipod.com/products/blue-raspberry-lemon-by-cloud-nurdz-100ml,mipod.com,1769793959,,,,,
9366,,"Grape Apple by Cloud Nurdz 100mL",,,"Nicotine-Free Vapes",http://aussievapes.com.au/wp-content/uploads/2026/01/grape-apple-by-cloud-nurdz-100ml.png,,,,1,332,,https://mipod.com/products/grape-apple-by-cloud-nurdz-100ml,mipod.com,1768668812,,,,,
9368,,"Grape Strawberry by Cloud Nurdz 100mL",,,"Nicotine-Free Vapes",http://aussievapes.com.au/wp-content/uploads/2026/01/grape-strawberry-by-cloud-nurdz-100ml.png,,,,1,331,,https://mipod.com/products/grape-strawberry-by-cloud-nurdz-100ml,mipod.com,1768668816,,,,,
9370,,"Kiwi Melon by Cloud Nurdz 100mL",,,"Nicotine-Free Vapes",http://aussievapes.com.au/wp-content/uploads/2026/01/kiwi-melon-by-cloud-nurdz-100ml.png,,,,1,330,,https://mipod.com/products/kiwi-melon-by-cloud-nurdz-100ml,mipod.com,1769682012,,,,,
9372,,"Peach Blue Raspberry by Cloud Nurdz 100mL",,,"Nicotine-Free Vapes",http://aussievapes.com.au/wp-content/uploads/2026/01/peach-blue-raspberry-by-cloud-nurdz-100ml.png,,,,1,329,,https://mipod.com/products/peach-blue-raspberry-by-cloud-nurdz-100ml,mipod.com,1768668822,,,,,
9374,,"Strawberry Lemon by Cloud Nurdz 100mL",,,"Nicotine-Free Vapes",http://aussievapes.com.au/wp-content/uploads/2026/01/strawberry-lemon-by-cloud-nurdz-100ml.png,,,,1,328,,https://mipod.com/products/strawberry-lemon-by-cloud-nurdz-100ml,mipod.com,1768668826,,,,,
9376,,"Watermelon Apple by Cloud Nurdz 100mL",,,"Nicotine-Free Vapes",http://aussievapes.com.au/wp-content/uploads/2026/01/watermelon-apple-by-cloud-nurdz-100ml.png,,,,1,327,,https://mipod.com/products/watermelon-apple-by-cloud-nurdz-100ml,mipod.com,1768668829,,,,,
9378,,"Watermelon Berry by Cloud Nurdz 100mL",,,"Nicotine-Free Vapes",http://aussievapes.com.au/wp-content/uploads/2026/01/watermelon-berry-by-cloud-nurdz-100ml.png,,,,1,326,,https://mipod.com/products/watermelon-berry-by-cloud-nurdz-100ml,mipod.com,1778355791,,,,,
9380,,"Sucker Punch Suicide Bunny E-Juice",,,"Nicotine-Free Vapes",http://aussievapes.com.au/wp-content/uploads/2026/01/sucker-punch-suicide-bunny-e-juice.png,,,,1,325,,https://mipod.com/products/sucker-punch-suicide-bunny-e-juice,mipod.com,1768668834,,,,,
9382,,"Original Bunny Suicide Bunny E-Juice",,,"Nicotine-Free Vapes",http://aussievapes.com.au/wp-content/uploads/2026/01/original-bunny-suicide-bunny-e-juice.png,,,,1,324,,https://mipod.com/products/the-o-b-suicide-bunny-e-juice,mipod.com,1768668841,,,,,
9384,,"Derailed Suicide Bunny E-Juice",,,"Nicotine-Free Vapes",http://aussievapes.com.au/wp-content/uploads/2026/01/derailed-suicide-bunny-e-juice.png,,,,1,323,,https://mipod.com/products/derailed-suicide-bunny-e-juice,mipod.com,1768668843,,,,,
9386,,"Madrina Suicide Bunny E-Juice",,,"Nicotine-Free Vapes",http://aussievapes.com.au/wp-content/uploads/2026/01/madrina-suicide-bunny-e-juice.png,,,,1,322,,https://mipod.com/products/madrina-suicide-bunny-e-juice,mipod.com,1768668847,,,,,
9388,,"Mother's Milk and Cookies Suicide Bunny E-Juice",,,"Nicotine-Free Vapes",http://aussievapes.com.au/wp-content/uploads/2026/01/mothers-milk-and-cookies-suicide-bunny-e-juice.png,,,,1,321,,https://mipod.com/products/mothers-milk-and-cookies-suicide-bunny-e-juice,mipod.com,1768668849,,,,,
9390,,"Mother's Milk Suicide Bunny E-Juice",,,"Nicotine-Free Vapes",http://aussievapes.com.au/wp-content/uploads/2026/01/mothers-milk-suicide-bunny-e-juice.png,,,,1,320,,https://mipod.com/products/mothers-milk-suicide-bunny-e-juice,mipod.com,1769685697,,,,,
9392,,"Iced Grape Strawberry by Cloud Nurdz 100mL",,,"Nicotine-Free Vapes",http://aussievapes.com.au/wp-content/uploads/2026/01/iced-grape-strawberry-by-cloud-nurdz-100ml.png,,,,1,319,,https://mipod.com/products/iced-grape-strawberry-by-cloud-nurdz-100ml,mipod.com,1768668856,,,,,
9394,,"Iced Kiwi Melon by Cloud Nurdz 100mL",,,"Nicotine-Free Vapes",http://aussievapes.com.au/wp-content/uploads/2026/01/iced-kiwi-melon-by-cloud-nurdz-100ml.png,,,,1,318,,https://mipod.com/products/iced-kiwi-melon-by-cloud-nurdz-100ml,mipod.com,1768668858,,,,,
9396,,"Iced Peach Blue Raspberry by Cloud Nurdz 100mL",,,"Nicotine-Free Vapes",http://aussievapes.com.au/wp-content/uploads/2026/01/iced-peach-blue-raspberry-by-cloud-nurdz-100ml.png,,,,1,317,,https://mipod.com/products/iced-peach-blue-raspberry-by-cloud-nurdz-100ml,mipod.com,1768668862,,,,,
9398,,"Triple Berry Duo Ice Lost Mary OS5000",,,"Nicotine-Free Vapes",http://aussievapes.com.au/wp-content/uploads/2026/01/triple-berry-duo-ice-lost-mary-os5000.png,,,,1,316,,https://mipod.com/products/triple-berry-duo-ice-lost-mary-os5000,mipod.com,1768668865,,,,,
9400,,"Passi-flora by Cube",,,"Nicotine-Free Vapes",http://aussievapes.com.au/wp-content/uploads/2026/01/passi-flora-by-cube.png,,,,1,315,,https://mipod.com/products/passi-flora-by-cube,mipod.com,1768668868,,,,,
9402,,"Watermelon Ice Geek Bar Pulse (Nicotine-Free)",,,"Nicotine-Free Vapes",http://aussievapes.com.au/wp-content/uploads/2026/01/watermelon-ice-geek-bar-pulse-nicotine-free.png,,,,1,314,,https://mipod.com/products/watermelon-ice-geek-bar-pulse-zero,mipod.com,1768668874,,,,,
9404,,"Blue Razz Ice Geek Bar Pulse (Nicotine-Free)",,,"Nicotine-Free Vapes",http://aussievapes.com.au/wp-content/uploads/2026/01/blue-razz-ice-geek-bar-pulse-nicotine-free.png,,,,1,313,,https://mipod.com/products/blue-razz-ice-geek-bar-pulse-zero,mipod.com,1768668876,,,,,
9406,,"Fcuking FAB Geek Bar Pulse (Nicotine-Free)",,,"Nicotine-Free Vapes",http://aussievapes.com.au/wp-content/uploads/2026/01/fcuking-fab-geek-bar-pulse-nicotine-free.png,,,,1,312,,https://mipod.com/products/fcuking-fab-geek-bar-pulse-zero,mipod.com,1768668879,,,,,
9408,,"Miami Mint Geek Bar Pulse (Nicotine-Free)",,,"Nicotine-Free Vapes",http://aussievapes.com.au/wp-content/uploads/2026/01/miami-mint-geek-bar-pulse-nicotine-free.png,,,,1,311,,https://mipod.com/products/miami-mint-geek-bar-pulse-zero,mipod.com,1768668883,,,,,
9410,,"Strawberry B-Pop Geek Bar Pulse (Nicotine-Free)",,,"Nicotine-Free Vapes",http://aussievapes.com.au/wp-content/uploads/2026/01/strawberry-b-pop-geek-bar-pulse-nicotine-free.png,,,,1,310,,https://mipod.com/products/strawberry-b-pop-geek-bar-pulse-zero,mipod.com,1768668886,,,,,
9412,,"Cranberry Grape BC5000",,,"Nicotine-Free Vapes",http://aussievapes.com.au/wp-content/uploads/2026/01/cranberry-grape-bc5000-1.png,,,,1,309,,https://mipod.com/products/cranberry-grape-elf-bar-5000,mipod.com,1778339445,,,,,
9414,,"Spearmint Posh Max 2.0",,,"Nicotine-Free Vapes",http://aussievapes.com.au/wp-content/uploads/2026/01/spearmint-posh-max-20.png,,,,1,308,,https://mipod.com/products/spearmint-posh-max-2-0,mipod.com,1768668890,,,,,
9416,,"Kiwi Strawberry Ice Posh Max 2.0",,,"Nicotine-Free Vapes",http://aussievapes.com.au/wp-content/uploads/2026/01/kiwi-strawberry-ice-posh-max-20.png,,,,1,307,,https://mipod.com/products/kiwi-strawberry-ice-posh-max-2-0,mipod.com,1768668893,,,,,
9418,,"Mint Ice Posh Max 2.0",,,"Nicotine-Free Vapes",http://aussievapes.com.au/wp-content/uploads/2026/01/mint-ice-posh-max-20.png,,,,1,306,,https://mipod.com/products/mint-ice-posh-max-2-0,mipod.com,1768668894,,,,,
9420,,"Blue Raspberry Ice Posh Max 2.0",,,"Nicotine-Free Vapes",http://aussievapes.com.au/wp-content/uploads/2026/01/blue-raspberry-ice-posh-max-20.png,,,,1,305,,https://mipod.com/products/blue-raspberry-ice-posh-max-2-0,mipod.com,1769793938,,,,,
9422,,"Watermelon Ice Posh Max 2.0",,,"Nicotine-Free Vapes",http://aussievapes.com.au/wp-content/uploads/2026/01/watermelon-ice-posh-max-20.png,,,,1,304,,https://mipod.com/products/watermelon-ice-posh-max-2-0,mipod.com,1768668899,,,,,
9424,,"Grape Ice Posh Max 2.0",,,"Nicotine-Free Vapes",http://aussievapes.com.au/wp-content/uploads/2026/01/grape-ice-posh-max-20.png,,,,1,303,,https://mipod.com/products/grape-ice-posh-max-2-0,mipod.com,1778355828,,,,,
9426,,"Fresas Con Crema by Cube",,,"Nicotine-Free Vapes",http://aussievapes.com.au/wp-content/uploads/2026/01/fresas-con-crema-by-cube.png,,,,1,302,,https://mipod.com/products/fresas-con-crema-by-cube,mipod.com,1769699995,,,,,
9428,,"Melontini by Cube",,,"Nicotine-Free Vapes",http://aussievapes.com.au/wp-content/uploads/2026/01/melontini-by-cube.png,,,,1,301,,https://mipod.com/products/melontini-by-cube,mipod.com,1778355684,,,,,
9430,,"Bangin' Sour Berries RAZ LTX 25000 (ZERO Nicotine)",,,"Nicotine-Free Vapes",http://aussievapes.com.au/wp-content/uploads/2026/01/bangin-sour-berries-raz-ltx-25000-zero-nicotine.gif,,,,1,300,,https://mipod.com/products/bangin-sour-berries-raz-ltx-25000-zero,mipod.com,1769752726,,,,,
9432,,"Blueberry Watermelon RAZ LTX 25000 (ZERO Nicotine)",,,"Nicotine-Free Vapes",http://aussievapes.com.au/wp-content/uploads/2026/01/blueberry-watermelon-raz-ltx-25000-zero-nicotine.png,,,,1,299,,https://mipod.com/products/blueberry-watermelon-raz-ltx-25000-zero,mipod.com,1768668911,,,,,
9436,,"Juicy Peach Ice FEEN 50K 20mg",,,"Lower Nicotine Vapes",http://aussievapes.com.au/wp-content/uploads/2026/01/juicy-peach-ice-feen-50k-20mg.png,,,,1,296,,https://mipod.com/products/juicy-peach-ice-feen-50k-20mg,mipod.com,1768668971,,,,,
9437,,"Blue Razz Ice FEEN 50K 20mg",,,"Lower Nicotine Vapes",http://aussievapes.com.au/wp-content/uploads/2026/01/blue-razz-ice-feen-50k-20mg.png,,,,1,297,,https://mipod.com/products/blue-razz-ice-feen-50k-20mg,mipod.com,1769794164,,,,,
9438,,"Grape Ice FEEN 50K 20mg",,,"Lower Nicotine Vapes",http://aussievapes.com.au/wp-content/uploads/2026/01/grape-ice-feen-50k-20mg.png,,,,1,298,,https://mipod.com/products/grape-ice-feen-50k-20mg,mipod.com,1768668972,,,,,
9440,,"Mexico Mango FEEN 50K 20mg",,,"Lower Nicotine Vapes",http://aussievapes.com.au/wp-content/uploads/2026/01/mexico-mango-feen-50k-20mg.png,,,,1,295,,https://mipod.com/products/mexico-mango-feen-50k-20mg,mipod.com,1778344718,,,,,
9443,,"Polar Ice FEEN 50K 20mg",,,"Lower Nicotine Vapes",http://aussievapes.com.au/wp-content/uploads/2026/01/polar-ice-feen-50k-20mg.png,,,,1,293,,https://mipod.com/products/polar-ice-feen-50k-20mg,mipod.com,1768668975,,,,,
9444,,"Watermelon Ice FEEN 50K 20mg",,,"Lower Nicotine Vapes",http://aussievapes.com.au/wp-content/uploads/2026/01/watermelon-ice-feen-50k-20mg.png,,,,1,294,,https://mipod.com/products/watermelon-ice-feen-50k-20mg,mipod.com,1768668975,,,,,
9447,,"Juicy Watermelon EVODRIP SO25000",,,"Lower Nicotine Vapes",http://aussievapes.com.au/wp-content/uploads/2026/01/juicy-watermelon-evodrip-so25000.png,,,,1,291,,https://mipod.com/products/juicy-watermelon-evodrip-so25000,mipod.com,1768668977,,,,,
9448,,"Strawberry Banana FEEN 50K 20mg",,,"Lower Nicotine Vapes",http://aussievapes.com.au/wp-content/uploads/2026/01/strawberry-banana-feen-50k-20mg.png,,,,1,292,,https://mipod.com/products/strawberry-banana-feen-50k-20mg-1,mipod.com,1768668978,,,,,
9450,,"Grape Mint EVODRIP SO25000",,,"Lower Nicotine Vapes",http://aussievapes.com.au/wp-content/uploads/2026/01/grape-mint-evodrip-so25000.png,,,,1,290,,https://mipod.com/products/grape-mint-evodrop-so25000,mipod.com,1778339442,,,,,
9452,,"Lemon Lime EVODRIP SO25000",,,"Lower Nicotine Vapes",http://aussievapes.com.au/wp-content/uploads/2026/01/lemon-lime-evodrip-so25000.png,,,,1,289,,https://mipod.com/products/lemon-lime-evodrip-so25000,mipod.com,1768668981,,,,,
9455,,"Lemon Mint EVODRIP SO25000",,,"Lower Nicotine Vapes",http://aussievapes.com.au/wp-content/uploads/2026/01/lemon-mint-evodrip-so25000.png,,,,1,287,,https://mipod.com/products/lemon-mint-evodrip-so25000,mipod.com,1769696033,,,,,
9456,,"Lucid Dream EVODRIP SO25000",,,"Lower Nicotine Vapes",http://aussievapes.com.au/wp-content/uploads/2026/01/lucid-dream-evodrip-so25000.png,,,,1,288,,https://mipod.com/products/lucid-dream-evodrip-so25000,mipod.com,1768668982,,,,,
9458,,"Orange Mint EVODRIP SO25000",,,"Lower Nicotine Vapes",http://aussievapes.com.au/wp-content/uploads/2026/01/orange-mint-evodrip-so25000.png,,,,1,286,,https://mipod.com/products/orange-mint-evodrip-so25000,mipod.com,1778363334,,,,,
9460,,"Pineapple Grapefruit EVODRIP SO25000",,,"Lower Nicotine Vapes",http://aussievapes.com.au/wp-content/uploads/2026/01/pineapple-grapefruit-evodrip-so25000.png,,,,1,285,,https://mipod.com/products/pineapple-grapefruit-evodrip-so25000,mipod.com,1769698584,,,,,
9462,,"Strawberry Kiwi EVODRIP SO25000",,,"Lower Nicotine Vapes",http://aussievapes.com.au/wp-content/uploads/2026/01/strawberry-kiwi-evodrip-so25000.png,,,,1,284,,https://mipod.com/products/strawberry-kiwi-evodrip-so25000,mipod.com,1768668986,,,,,
9464,,"Two Apple EVODRIP SO25000",,,"Lower Nicotine Vapes",http://aussievapes.com.au/wp-content/uploads/2026/01/two-apple-evodrip-so25000.png,,,,1,283,,https://mipod.com/products/two-apple-evodrip-so25000,mipod.com,1778339441,,,,,
9466,,"White Gummy Bear EVODRIP SO25000",,,"Lower Nicotine Vapes",http://aussievapes.com.au/wp-content/uploads/2026/01/white-gummy-bear-evodrip-so25000.png,,,,1,282,,https://mipod.com/products/white-gummy-bear-evodrip-so25000,mipod.com,1768668993,,,,,
9468,,"Blue Razz Icy EVODRIP SO25000",,,"Lower Nicotine Vapes",http://aussievapes.com.au/wp-content/uploads/2026/01/blue-razz-icy-evodrip-so25000.png,,,,1,281,,https://mipod.com/products/blue-razz-icy-evodrip-so25000,mipod.com,1769794207,,,,,
9470,,"Blue Mist POD SALT Onyx Cloud X",,,"Lower Nicotine Vapes",http://aussievapes.com.au/wp-content/uploads/2026/01/blue-mist-pod-salt-onyx-cloud-x.png,,,,1,280,,https://mipod.com/products/blue-mist-pod-salt-onyx-cloud-x,mipod.com,1778344720,,,,,
9472,,"Blueberry Muffin POD SALT Onyx Cloud X",,,"Lower Nicotine Vapes",http://aussievapes.com.au/wp-content/uploads/2026/01/blueberry-muffin-pod-salt-onyx-cloud-x.png,,,,1,279,,https://mipod.com/products/blueberry-muffin-pod-salt-onyx-cloud-x,mipod.com,1769794251,,,,,
9474,,"Butterscotch Tobacco POD SALT Onyx Cloud X",,,"Lower Nicotine Vapes",http://aussievapes.com.au/wp-content/uploads/2026/01/butterscotch-tobacco-pod-salt-onyx-cloud-x.png,,,,1,278,,https://mipod.com/products/butterscotch-tobacco-pod-salt-onyx-cloud-x,mipod.com,1769794272,,,,,
9476,,"Double Apple POD SALT Onxy Cloud X",,,"Lower Nicotine Vapes",http://aussievapes.com.au/wp-content/uploads/2026/01/double-apple-pod-salt-onxy-cloud-x.png,,,,1,277,,https://mipod.com/products/double-apple-pod-salt-onxy-cloud-x,mipod.com,1769794293,,,,,
9478,,"Fresh Raspberry Mojito POD SALT Onyx Cloud X",,,"Lower Nicotine Vapes",http://aussievapes.com.au/wp-content/uploads/2026/01/fresh-raspberry-mojito-pod-salt-onyx-cloud-x.png,,,,1,276,,https://mipod.com/products/fresh-raspberry-mojito-pod-salt-onyx-cloud-x,mipod.com,1769794315,,,,,
9480,,"Glazed Donut POD SALT Onyx Cloud X",,,"Lower Nicotine Vapes",http://aussievapes.com.au/wp-content/uploads/2026/01/glazed-donut-pod-salt-onyx-cloud-x.png,,,,1,275,,https://mipod.com/products/glazed-donut-pod-salt-onyx-cloud-x,mipod.com,1769794336,,,,,
9482,,"Grape Berry Burst POD SALT Onyx Cloud X",,,"Lower Nicotine Vapes",http://aussievapes.com.au/wp-content/uploads/2026/01/grape-berry-burst-pod-salt-onyx-cloud-x.png,,,,1,274,,https://mipod.com/products/grape-berry-burst-pod-salt-onyx-cloud-x,mipod.com,1769794358,,,,,
9484,,"Lemon Sugar Cookie POD SALT Onyx Cloud X",,,"Lower Nicotine Vapes",http://aussievapes.com.au/wp-content/uploads/2026/01/lemon-sugar-cookie-pod-salt-onyx-cloud-x.png,,,,1,273,,https://mipod.com/products/lemon-sugar-cookie-pod-salt-onyx-cloud-x,mipod.com,1768669024,,,,,
9486,,"Mango Ice POD SALT Onyx Cloud X",,,"Lower Nicotine Vapes",http://aussievapes.com.au/wp-content/uploads/2026/01/mango-ice-pod-salt-onyx-cloud-x.png,,,,1,272,,https://mipod.com/products/mango-ice-pod-salt-onyx-cloud-x,mipod.com,1769691872,,,,,
9488,,"Mango Strawberry Peach POD SALT Onyx Cloud X",,,"Lower Nicotine Vapes",http://aussievapes.com.au/wp-content/uploads/2026/01/mango-strawberry-peach-pod-salt-onyx-cloud-x.png,,,,1,271,,https://mipod.com/products/mango-strawberry-peach-pod-salt-onyx-cloud-x,mipod.com,1769738779,,,,,
9490,,"Marshmallow POD SALT Onyx Cloud X",,,"Lower Nicotine Vapes",http://aussievapes.com.au/wp-content/uploads/2026/01/marshmallow-pod-salt-onyx-cloud-x.png,,,,1,270,,https://mipod.com/products/marshmallow-pod-salt-onyx-cloud-x,mipod.com,1768669033,,,,,
9492,,"Miami Mint POD SALT Onyx Cloud X",,,"Lower Nicotine Vapes",http://aussievapes.com.au/wp-content/uploads/2026/01/miami-mint-pod-salt-onyx-cloud-x.png,,,,1,269,,https://mipod.com/products/miami-mint-pod-salt-onyx-cloud-x,mipod.com,1768669036,,,,,
9494,,"Pink Purple Lemonade POD SALT Onyx Cloud X",,,"Lower Nicotine Vapes",http://aussievapes.com.au/wp-content/uploads/2026/01/pink-purple-lemonade-pod-salt-onyx-cloud-x.png,,,,1,268,,https://mipod.com/products/pink-purple-lemonade-pod-salt-onyx-cloud-x,mipod.com,1768669040,,,,,
9496,,"Blue Sour Raspberry POD SALT Onyx Cloud X",,,"Lower Nicotine Vapes",http://aussievapes.com.au/wp-content/uploads/2026/01/blue-sour-raspberry-pod-salt-onyx-cloud-x.png,,,,1,267,,https://mipod.com/products/blue-sour-raspberry-pod-salt-onyx-cloud-x,mipod.com,1769794229,,,,,
9498,,"Spearmint POD SALT Onyx Cloud X",,,"Lower Nicotine Vapes",http://aussievapes.com.au/wp-content/uploads/2026/01/spearmint-pod-salt-onyx-cloud-x.png,,,,1,266,,https://mipod.com/products/spearmint-pod-salt-onyx-cloud-x,mipod.com,1768669046,,,,,
9500,,"Strawberries & Cream POD SALT Onyx Cloud X",,,"Lower Nicotine Vapes",http://aussievapes.com.au/wp-content/uploads/2026/01/strawberries-cream-pod-salt-onyx-cloud-x.png,,,,1,265,,https://mipod.com/products/strawberies-cream-pod-salt-onyx-cloud-x,mipod.com,1768669049,,,,,
9502,,"Strawberry Watermelon Kiwi POD SALT Onyx Cloud X",,,"Lower Nicotine Vapes",http://aussievapes.com.au/wp-content/uploads/2026/01/strawberry-watermelon-kiwi-pod-salt-onyx-cloud-x.png,,,,1,264,,https://mipod.com/products/strawberry-watermelon-kiwi-pod-salt-onyx-cloud-x,mipod.com,1768669052,,,,,
9504,,"Sweet Strawberry Lemonade POD SALT Onyx Cloud X",,,"Lower Nicotine Vapes",http://aussievapes.com.au/wp-content/uploads/2026/01/sweet-strawberry-lemonade-pod-salt-onyx-cloud-x.png,,,,1,263,,https://mipod.com/products/sweet-strawberry-lemonade-pod-salt-onyx-cloud-x,mipod.com,1768669054,,,,,
9506,,"White Gummy Bear POD SALT Onyx Cloud X",,,"Lower Nicotine Vapes",http://aussievapes.com.au/wp-content/uploads/2026/01/white-gummy-bear-pod-salt-onyx-cloud-x.png,,,,1,262,,https://mipod.com/products/white-gummy-bear-pod-salt-onyx-cloud-x,mipod.com,1768669059,,,,,
9508,,"Triple Raspberry Ice POD SALT Onyx Cloud X",,,"Lower Nicotine Vapes",http://aussievapes.com.au/wp-content/uploads/2026/01/triple-raspberry-ice-pod-salt-onyx-cloud-x.png,,,,1,261,,https://mipod.com/products/triple-raspberry-ice-pod-salt-onyx-cloud-x,mipod.com,1768669062,,,,,
9510,,"Blue Razz Ice Lost Mary MT15000 Turbo",,,"Lower Nicotine Vapes",http://aussievapes.com.au/wp-content/uploads/2026/01/blue-razz-ice-lost-mary-mt15000-turbo-1.png,,,,1,260,,https://mipod.com/products/blue-razz-ice-lost-mary-mt15000-turbo,mipod.com,1769794185,,,,,
9512,,"Winter Mint Lost Mary MT15000 Turbo",,,"Lower Nicotine Vapes",http://aussievapes.com.au/wp-content/uploads/2026/01/winter-mint-lost-mary-mt15000-turbo-1.png,,,,1,259,,https://mipod.com/products/winter-mint-lost-mary-mt15000-turbo,mipod.com,1768669069,,,,,
9514,,"Berry Burst Lost Mary MT15000 Turbo",,,"Lower Nicotine Vapes",http://aussievapes.com.au/wp-content/uploads/2026/01/berry-burst-lost-mary-mt15000-turbo-1.png,,,,1,258,,https://mipod.com/products/berry-burst-lost-mary-mt15000-turbo-thermal-edition,mipod.com,1769794121,,,,,
9516,,"Strawberry Watermelon FEEN 50K 20mg",,,"Lower Nicotine Vapes",http://aussievapes.com.au/wp-content/uploads/2026/01/strawberry-watermelon-feen-50k-20mg.png,,,,1,257,,https://mipod.com/products/strawberry-watermelon-feen-50k-20mg,mipod.com,1768669078,,,,,
9518,,"Strawberry Punch EVODRIP SO25000",,,"Lower Nicotine Vapes",http://aussievapes.com.au/wp-content/uploads/2026/01/strawberry-punch-evodrip-so25000.png,,,,1,256,,https://mipod.com/products/strawberry-punch-evodrip-so25000,mipod.com,1768669080,,,,,
9520,,"Strawmelon Peach Lost Mary MT15000 Turbo",,,"Lower Nicotine Vapes",http://aussievapes.com.au/wp-content/uploads/2026/01/strawmelon-peach-lost-mary-mt15000-turbo-1.png,,,,1,255,,https://mipod.com/products/strawmelon-peach-lost-mary-mt15000-turbo,mipod.com,1768669082,,,,,
9522,,"Rocket Pop Lost Mary MT15000 Turbo",,,"Lower Nicotine Vapes",http://aussievapes.com.au/wp-content/uploads/2026/01/rocket-pop-lost-mary-mt15000-turbo.png,,,,1,254,,https://mipod.com/products/rocket-popsicle-lost-mary-mt15000-turbo,mipod.com,1769709878,,,,,
9525,,"GeekVape Z SE Tank",,,"vape kits > Vape Tanks",http://aussievapes.com.au/wp-content/uploads/2026/01/geekvape-z-se-tank.png,,,,1,253,,https://mipod.com/products/geekvape-z-se-tank-2,mipod.com,1769795260,,,,,
9526,,"SMOK T-Air Subtank",,,"vape kits > Vape Tanks",http://aussievapes.com.au/wp-content/uploads/2026/01/smok-t-air-subtank.png,,,,1,252,,https://mipod.com/products/smok-t-air-subtank,mipod.com,1768669137,,,,,
9528,,"VooPoo PnP X Pods",,,"vape kits > Vape Tanks",http://aussievapes.com.au/wp-content/uploads/2026/01/voopoo-pnp-x-pods.png,,,,1,251,,https://mipod.com/products/voopoo-pnp-x-pods,mipod.com,1778353134,,,,,
9530,,"SMOK LP1 Coils",,,"vape kits > Vape Tanks",http://aussievapes.com.au/wp-content/uploads/2026/01/smok-lp1-coils.png,,,,1,250,,https://mipod.com/products/smok-lp1-coils,mipod.com,1769795327,,,,,
9532,,"GeekVape B Series Coils",,,"vape kits > Vape Tanks",http://aussievapes.com.au/wp-content/uploads/2026/01/geekvape-b-series-coils.png,,,,1,249,,https://mipod.com/products/geekvape-b-series-coils,mipod.com,1769795199,,,,,
9534,,"SMOK TA Coil",,,"vape kits > Vape Tanks",http://aussievapes.com.au/wp-content/uploads/2026/01/smok-ta-coil.png,,,,1,248,,https://mipod.com/products/smok-ta-coil,mipod.com,1768669145,,,,,
9536,,"VooPoo PnP X Coils",,,"vape kits > Vape Tanks",http://aussievapes.com.au/wp-content/uploads/2026/01/voopoo-pnp-x-coils.png,,,,1,247,,https://mipod.com/products/voopoo-pnp-x-coils,mipod.com,1778355714,,,,,
9538,,"GeekVape Z Series Coils",,,"vape kits > Vape Tanks",http://aussievapes.com.au/wp-content/uploads/2026/01/geekvape-z-series-coils.png,,,,1,246,,https://mipod.com/products/geekvape-z-series-coils,mipod.com,1769694907,,,,,
9540,,"Geekvape J Series Coils",,,"vape kits > Vape Tanks",http://aussievapes.com.au/wp-content/uploads/2026/01/geekvape-j-series-coils.png,,,,1,245,,https://mipod.com/products/geekvape-j-series-coils,mipod.com,1769795232,,,,,
9542,,"Geekvape Z FLI 2 Tank",,,"vape kits > Vape Tanks",http://aussievapes.com.au/wp-content/uploads/2026/01/geekvape-z-fli-2-tank.png,,,,1,244,,https://mipod.com/products/geekvape-z-fli-2-tank,mipod.com,1769795246,,,,,
9544,,"Vaporesso iTank T 6mL",,,"vape kits > Vape Tanks",http://aussievapes.com.au/wp-content/uploads/2026/01/vaporesso-itank-t-6ml.png,,,,1,243,,https://mipod.com/products/vaporesso-itank-t-6ml-dual-mesh,mipod.com,1768669163,,,,,
9546,,"Watermelon CANNADIPS Brain Fuel Pouches",,,"Nicotine-Free Vapes > Caffeine Pouches",http://aussievapes.com.au/wp-content/uploads/2026/01/watermelon-cannadips-brain-fuel-pouches.png,,,,1,242,,https://mipod.com/products/watermelon-cannadips-brain-fuel-pouches,mipod.com,1768669676,,,,,
9548,,"Mocha CANNADIPS Brain Fuel Pouches",,,"Nicotine-Free Vapes > Caffeine Pouches",http://aussievapes.com.au/wp-content/uploads/2026/01/mocha-cannadips-brain-fuel-pouches.png,,,,1,241,,https://mipod.com/products/mocha-cannadips-brain-fuel-pouches,mipod.com,1768669680,,,,,
9550,,"Tropical CANNADIPS Brain Fuel Pouches",,,"Nicotine-Free Vapes > Caffeine Pouches",http://aussievapes.com.au/wp-content/uploads/2026/01/tropical-cannadips-brain-fuel-pouches.png,,,,1,240,,https://mipod.com/products/tropical-cannadips-brain-fuel-pouches,mipod.com,1768669681,,,,,
9552,,"Grape CANNADIPS Brain Fuel Pouches",,,"Nicotine-Free Vapes > Caffeine Pouches",http://aussievapes.com.au/wp-content/uploads/2026/01/grape-cannadips-brain-fuel-pouches.png,,,,1,239,,https://mipod.com/products/grape-cannadips-brain-fuel-pouches,mipod.com,1769694346,,,,,
9556,,"Blue Razz CANNADIPS Brain Fuel Pouches",,,"Nicotine-Free Vapes > Caffeine Pouches",http://aussievapes.com.au/wp-content/uploads/2026/01/blue-razz-cannadips-brain-fuel-pouches.png,,,,1,238,,https://mipod.com/products/blue-razz-cannadips-brain-fuel-pouches,mipod.com,1769793981,,,,,
9582,,"Mjolnir Melon Ice BERSERKER Caffeine Pouches",,,"Nicotine-Free Vapes > Berserker Caffeine Pouches",http://aussievapes.com.au/wp-content/uploads/2026/01/mjolnir-melon-ice-berserker-caffeine-pouches-1.png,,,,1,237,,https://mipod.com/products/mjolnir-melon-ice-berserker-caffeine-pouches,mipod.com,1768670538,,,,,
9583,,"Kraken Kola BERSERKER Caffeine Pouches",,,"Nicotine-Free Vapes > Berserker Caffeine Pouches",http://aussievapes.com.au/wp-content/uploads/2026/01/kraken-kola-berserker-caffeine-pouches-1.png,,,,1,236,,https://mipod.com/products/kraken-kola-berserker-caffeine-pouches,mipod.com,1769684685,,,,,
9585,,"Eagle's Blood BERSERKER Caffeine Pouches",,,"Nicotine-Free Vapes > Berserker Caffeine Pouches",http://aussievapes.com.au/wp-content/uploads/2026/01/eagles-blood-berserker-caffeine-pouches-1.png,,,,1,235,,https://mipod.com/products/eagles-blood-berserker-caffeine-pouches,mipod.com,1768670540,,,,,
9587,,"Apple Danish Berserker Caffeine Pouches",,,"Nicotine-Free Vapes > Berserker Caffeine Pouches",http://aussievapes.com.au/wp-content/uploads/2026/01/apple-danish-berserker-caffeine-pouches-1.png,,,,1,234,,https://mipod.com/products/apple-danish-berserker-caffeine-pouches,mipod.com,1769757225,,,,,
9589,,"Odin's Wintergreen BERSERKER Caffeine Pouches",,,"Nicotine-Free Vapes > Berserker Caffeine Pouches",http://aussievapes.com.au/wp-content/uploads/2026/01/odins-wintergreen-berserker-caffeine-pouches-1.png,,,,1,233,,https://mipod.com/products/odins-wintergreen-berserker-caffeine-pouches,mipod.com,1768670545,,,,,
9591,,"Glacier Mint BERSERKER Caffeine Pouch",,,"Nicotine-Free Vapes > Berserker Caffeine Pouches",http://aussievapes.com.au/wp-content/uploads/2026/01/glacier-mint-berserker-caffeine-pouch-1.png,,,,1,232,,https://mipod.com/products/glacier-mint-berserker-caffeine-pouch,mipod.com,1768670547,,,,,
9594,,"Caramel Mocha Mojo Balanced Energy Pouches",,,"Nicotine-Free Vapes > MOJO Pouches",http://aussievapes.com.au/wp-content/uploads/2026/01/caramel-mocha-mojo-balanced-energy-pouches-1.png,,,,1,231,,https://mipod.com/products/caramel-mocha-mojo-balanced-energy-pouches,mipod.com,1768670596,,,,,
9596,,"Wintergreen Mojo Balanced Energy Pouches",,,"Nicotine-Free Vapes > MOJO Pouches",http://aussievapes.com.au/wp-content/uploads/2026/01/wintergreen-mojo-balanced-energy-pouches.png,,,,1,229,,https://mipod.com/products/wintergreen-mojo-balanced-energy-pouches,mipod.com,1768670596,,,,,
9597,,"Orange Burst Mojo Balanced Energy Pouches",,,"Nicotine-Free Vapes > MOJO Pouches",http://aussievapes.com.au/wp-content/uploads/2026/01/orange-burst-mojo-balanced-energy-pouches-1.png,,,,1,230,,https://mipod.com/products/orange-burst-mojo-balanced-energy-pouches,mipod.com,1768670597,,,,,
9599,,"Lemon Lime Mojo Balanced Energy Pouches",,,"Nicotine-Free Vapes > MOJO Pouches",http://aussievapes.com.au/wp-content/uploads/2026/01/lemon-lime-mojo-balanced-energy-pouches-1.png,,,,1,228,,https://mipod.com/products/lemon-lime-mojo-balanced-energy-pouches,mipod.com,1768670599,,,,,
9601,,"Mango Mojo Balanced Energy Pouches",,,"Nicotine-Free Vapes > MOJO Pouches",http://aussievapes.com.au/wp-content/uploads/2026/01/mango-mojo-balanced-energy-pouches-1.png,,,,1,227,,https://mipod.com/products/mango-mojo-balanced-energy-pouches,mipod.com,1768670601,,,,,
9603,,"Mint Mojo Balanced Energy Pouches",,,"Nicotine-Free Vapes > MOJO Pouches",http://aussievapes.com.au/wp-content/uploads/2026/01/mint-mojo-balanced-energy-pouches-1.png,,,,1,226,,https://mipod.com/products/mint-mojo-balanced-energy-pouches,mipod.com,1768670603,,,,,
9605,,"Berry Mojo Balanced Energy Pouches",,,"Nicotine-Free Vapes > MOJO Pouches",http://aussievapes.com.au/wp-content/uploads/2026/01/berry-mojo-balanced-energy-pouches-1.png,,,,1,225,,https://mipod.com/products/berry-mojo-balanced-energy-pouches,mipod.com,1769793838,,,,,
9609,,"Wintergreen Sesh Pouches",,,"Pouches > nicotine pouches > Sesh Nicotine Pouches",http://aussievapes.com.au/wp-content/uploads/2026/01/wintergreen-sesh-pouches.png,,,,1,223,,https://mipod.com/products/wintergreen-sesh-pouches,mipod.com,1768671697,,,,,
9610,,"Clear Sesh Pouches",,,"Pouches > nicotine pouches > Sesh Nicotine Pouches",http://aussievapes.com.au/wp-content/uploads/2026/01/clear-sesh-pouches.png,,,,1,224,,https://mipod.com/products/clear-sesh-pouches,mipod.com,1769794835,,,,,
9611,,"Mango Sesh Pouches",,,"Pouches > nicotine pouches > Sesh Nicotine Pouches",http://aussievapes.com.au/wp-content/uploads/2026/01/mango-sesh-pouches.png,,,,1,222,,https://mipod.com/products/mango-sesh-pouches,mipod.com,1778363334,,,,,
9613,,"Sesh Pouch Sampler",,,"Pouches > nicotine pouches > Sesh Nicotine Pouches",http://aussievapes.com.au/wp-content/uploads/2026/01/sesh-pouch-sampler.png,,,,1,221,,https://mipod.com/products/sesh-pouch-sampler,mipod.com,1768671701,,,,,
9615,,"Mint Sesh Pouches",,,"Pouches > nicotine pouches > Sesh Nicotine Pouches",http://aussievapes.com.au/wp-content/uploads/2026/01/mint-sesh-pouches.png,,,,1,220,,https://mipod.com/products/mint-sesh-pouches,mipod.com,1769696704,,,,,
9617,,"Cappuccino Sesh Pouches",,,"Pouches > nicotine pouches > Sesh Nicotine Pouches",http://aussievapes.com.au/wp-content/uploads/2026/01/cappuccino-sesh-pouches.png,,,,1,219,,https://mipod.com/products/cappuccino-sesh-pouches,mipod.com,1769794764,,,,,
9619,,"ZIMO Pouch Sampler",,,"Pouches > nicotine pouches > Zimo Nicotine Pouches",http://aussievapes.com.au/wp-content/uploads/2026/01/zimo-pouch-sampler.png,,,,1,218,,https://mipod.com/products/zimo-pouch-sampler,mipod.com,1768671774,,,,,
9621,,"Grape ZIMO Pouches",,,"Pouches > nicotine pouches > Zimo Nicotine Pouches",http://aussievapes.com.au/wp-content/uploads/2026/01/grape-zimo-pouches.png,,,,1,217,,https://mipod.com/products/grape-zimo-pouches,mipod.com,1768671776,,,,,
9623,,"Wintergreen ZIMO Pouches",,,"Pouches > nicotine pouches > Zimo Nicotine Pouches",http://aussievapes.com.au/wp-content/uploads/2026/01/wintergreen-zimo-pouches.png,,,,1,216,,https://mipod.com/products/wintergreen-zimo-pouches,mipod.com,1778344766,,,,,
9625,,"Mint ZIMO Pouches",,,"Pouches > nicotine pouches > Zimo Nicotine Pouches",http://aussievapes.com.au/wp-content/uploads/2026/01/mint-zimo-pouches.png,,,,1,215,,https://mipod.com/products/mint-zimo-pouches,mipod.com,1768671782,,,,,
9627,,"Blueberry ZIMO Pouches",,,"Pouches > nicotine pouches > Zimo Nicotine Pouches",http://aussievapes.com.au/wp-content/uploads/2026/01/blueberry-zimo-pouches.png,,,,1,214,,https://mipod.com/products/blueberry-zimo-pouches,mipod.com,1769794752,,,,,
9629,,"Mango ZIMO Pouches",,,"Pouches > nicotine pouches > Zimo Nicotine Pouches",http://aussievapes.com.au/wp-content/uploads/2026/01/mango-zimo-pouches.png,,,,1,213,,https://mipod.com/products/mango-zimo-pouches,mipod.com,1768671788,,,,,
9631,,"Cinnamon ZIMO Pouches",,,"Pouches > nicotine pouches > Zimo Nicotine Pouches",http://aussievapes.com.au/wp-content/uploads/2026/01/cinnamon-zimo-pouches.png,,,,1,212,,https://mipod.com/products/cinnamon-zimo-pouches,mipod.com,1769767227,,,,,
9634,,"Original Zimo Pouches",,,"Pouches > nicotine pouches > Zimo Nicotine Pouches",http://aussievapes.com.au/wp-content/uploads/2026/01/original-zimo-pouches.png,,,,1,211,,https://mipod.com/products/original-zimo-pouches,mipod.com,1778355749,,,,,
9635,,"Nicotine-Free ZIMO Pouches",,,"Pouches > nicotine pouches > Zimo Nicotine Pouches",http://aussievapes.com.au/wp-content/uploads/2026/01/nicotine-free-zimo-pouches.png,,,,1,210,,https://mipod.com/products/nicotine-free-zimo-pouches,mipod.com,1768671796,,,,,
9637,,"Lemon ZIMO Pouches",,,"Pouches > nicotine pouches > Zimo Nicotine Pouches",http://aussievapes.com.au/wp-content/uploads/2026/01/lemon-zimo-pouches.png,,,,1,209,,https://mipod.com/products/lemon-zimo-pouches,mipod.com,1768671800,,,,,
9639,,"Raspberry ZIMO Pouches",,,"Pouches > nicotine pouches > Zimo Nicotine Pouches",http://aussievapes.com.au/wp-content/uploads/2026/01/raspberry-zimo-pouches.png,,,,1,208,,https://mipod.com/products/raspberry-zimo-pouches,mipod.com,1768671803,,,,,
9642,,"Coffee ZYN Pouches",,,"Pouches > nicotine pouches > ZYN",http://aussievapes.com.au/wp-content/uploads/2026/01/coffee-zyn-pouches.png,,,,1,206,,https://mipod.com/products/coffee-zyn-pouches,mipod.com,1769794848,,,,,
9643,,"Spearmint ZYN Pouches",,,"Pouches > nicotine pouches > ZYN",http://aussievapes.com.au/wp-content/uploads/2026/01/spearmint-zyn-pouches.png,,,,1,207,,https://mipod.com/products/spearmint-zyn-pouches,mipod.com,1768671835,,,,,
9645,,"Cool Mint ZYN Pouches",,,"Pouches > nicotine pouches > ZYN",http://aussievapes.com.au/wp-content/uploads/2026/01/cool-mint-zyn-pouches.png,,,,1,205,,https://mipod.com/products/cool-mint-zyn-pouches,mipod.com,1778358479,,,,,
9647,,"Peppermint ZYN Pouches",,,"Pouches > nicotine pouches > ZYN",http://aussievapes.com.au/wp-content/uploads/2026/01/peppermint-zyn-pouches.png,,,,1,204,,https://mipod.com/products/peppermint-zyn-pouches,mipod.com,1778355745,,,,,
9649,,"Cinnamon ZYN Pouches",,,"Pouches > nicotine pouches > ZYN",http://aussievapes.com.au/wp-content/uploads/2026/01/cinnamon-zyn-pouches.png,,,,1,203,,https://mipod.com/products/cinnamon-zyn-pouches,mipod.com,1769696167,,,,,
9651,,"Wintergreen ZYN Pouches",,,"Pouches > nicotine pouches > ZYN",http://aussievapes.com.au/wp-content/uploads/2026/01/wintergreen-zyn-pouches.png,,,,1,202,,https://mipod.com/products/wintergreen-zyn-pouches,mipod.com,1768671845,,,,,
9653,,"Chill ZYN Pouches",,,"Pouches > nicotine pouches > ZYN",http://aussievapes.com.au/wp-content/uploads/2026/01/chill-zyn-pouches.png,,,,1,201,,https://mipod.com/products/chill-zyn-pouches,mipod.com,1769794783,,,,,
9655,,"Smooth ZYN Pouches",,,"Pouches > nicotine pouches > ZYN",http://aussievapes.com.au/wp-content/uploads/2026/01/smooth-zyn-pouches.png,,,,1,200,,https://mipod.com/products/smooth-zyn-pouches,mipod.com,1768671852,,,,,
9659,,"Citrus AMMO Nicotine Pouches",,,"Pouches > nicotine pouches > AMMO Nicotine Pouches",http://aussievapes.com.au/wp-content/uploads/2026/01/citrus-ammo-nicotine-pouches.png,,,,1,199,,https://mipod.com/products/citrus-ammo-pouches,mipod.com,1778358591,,,,,
9660,,"Wintergreen AMMO Nicotine Pouches",,,"Pouches > nicotine pouches > AMMO Nicotine Pouches",http://aussievapes.com.au/wp-content/uploads/2026/01/wintergreen-ammo-nicotine-pouches.png,,,,1,197,,https://mipod.com/products/wintergreen-ammo-pouches,mipod.com,1768672094,,,,,
9661,,"Blue Razz AMMO Nicotine Pouches",,,"Pouches > nicotine pouches > AMMO Nicotine Pouches",http://aussievapes.com.au/wp-content/uploads/2026/01/blue-razz-ammo-nicotine-pouches.png,,,,1,198,,https://mipod.com/products/blue-razz-ammo-pouches,mipod.com,1769794719,,,,,
9663,,"AMMO Pouch Sampler",,,"Pouches > nicotine pouches > AMMO Nicotine Pouches",http://aussievapes.com.au/wp-content/uploads/2026/01/ammo-pouch-sampler.png,,,,1,196,,https://mipod.com/products/ammo-pouch-sampler,mipod.com,1769794700,,,,,
9665,,"Spicy Mango AMMO Pouches",,,"Pouches > nicotine pouches > AMMO Nicotine Pouches",http://aussievapes.com.au/wp-content/uploads/2026/01/spicy-mango-ammo-pouches.png,,,,1,195,,https://mipod.com/products/spicy-mango-ammo-pouches,mipod.com,1768672098,,,,,
9666,,"Mint AMMO Nicotine Pouches",,,"Pouches > nicotine pouches > AMMO Nicotine Pouches",,,,,1,194,,https://mipod.com/products/mint-ammo-pouches,mipod.com,1768672100,,,,,
9668,,"Natural AMMO Pouches",,,"Pouches > nicotine pouches > AMMO Nicotine Pouches",http://aussievapes.com.au/wp-content/uploads/2026/01/natural-ammo-pouches.png,,,,1,193,,https://mipod.com/products/natural-ammo-pouches,mipod.com,1768672103,,,,,
9670,,"Mi-Pod PRO",,,"Pouches > nicotine pouches > juice head pouches",http://aussievapes.com.au/wp-content/uploads/2026/01/mi-pod-pro.jpg,,,,1,192,,https://mipod.com/collections/mi-pod,mipod.com,1778360943,,,,,
9674,,"Juice Head Pouches Sampler",,,"Pouches > nicotine pouches > juice head pouches",http://aussievapes.com.au/wp-content/uploads/2026/01/juice-head-pouches-sampler.png,,,,1,191,,https://mipod.com/products/juice-head-ztn-pouch,mipod.com,1768672135,,,,,
9675,,"Vape Pods",,,"Pouches > nicotine pouches > juice head pouches",http://aussievapes.com.au/wp-content/uploads/2026/01/vape-pods.png,,,,1,190,,https://mipod.com/collections/vape-pods,mipod.com,1778355684,,,,,
9677,,"VaporLax Salts",,,"Pouches > nicotine pouches > juice head pouches",http://aussievapes.com.au/wp-content/uploads/2026/01/vaporlax-salts.png,,,,1,189,,https://mipod.com/collections/x-salts,mipod.com,1778355759,,,,,
9678,,"Watermelon Strawberry Mint Juice Head Pouches",,,"Pouches > nicotine pouches > juice head pouches",http://aussievapes.com.au/wp-content/uploads/2026/01/watermelon-strawberry-mint-juice-head-pouches.png,,,,1,188,,https://mipod.com/products/watermelon-strawberry-mint-juice-head-pouches,mipod.com,1768672139,,,,,
9680,,"Mango Strawberry Mint Juice Head Pouches",,,"Pouches > nicotine pouches > juice head pouches",http://aussievapes.com.au/wp-content/uploads/2026/01/mango-strawberry-mint-juice-head-pouches.png,,,,1,187,,https://mipod.com/products/mango-strawberry-mint-juice-head-pouches,mipod.com,1768672141,,,,,
9682,,"Peach Pineapple Mint Juice Head Pouches",,,"Pouches > nicotine pouches > juice head pouches",http://aussievapes.com.au/wp-content/uploads/2026/01/peach-pineapple-mint-juice-head-pouches.png,,,,1,186,,https://mipod.com/products/peach-pineapple-mint-juice-head-pouches,mipod.com,1768672143,,,,,
9684,,"Raspberry Lemonade Mint Juice Head Pouches",,,"Pouches > nicotine pouches > juice head pouches",http://aussievapes.com.au/wp-content/uploads/2026/01/raspberry-lemonade-mint-juice-head-pouches.png,,,,1,185,,https://mipod.com/products/raspberry-lemon-mint-juice-head-pouches,mipod.com,1778358474,,,,,
9686,,"Blueberry Lemon Mint Juice Head Pouches",,,"Pouches > nicotine pouches > juice head pouches",http://aussievapes.com.au/wp-content/uploads/2026/01/blueberry-lemon-mint-juice-head-pouches.png,,,,1,184,,https://mipod.com/products/blueberry-lemon-juice-head-pouches,mipod.com,1769794732,,,,,
9689,,"Puffco The Peak Pro + 3D XL Chamber",,,"Vaporizers > Portable Vaporizers",http://aussievapes.com.au/wp-content/uploads/2026/01/puffco-the-peak-pro-3d-xl-chamber.png,,,,1,183,,https://mipod.com/products/puffco-the-peak-pro-3d-xl-chamber,mipod.com,1769697107,,,,,
9691,,"Puffco Peak",,,"Vaporizers > Portable Vaporizers",http://aussievapes.com.au/wp-content/uploads/2026/01/puffco-peak.png,,,,1,182,,https://mipod.com/products/puffco-peak,mipod.com,1769794629,,,,,
9693,,"LOOKAH Seahorse 2.0",,,"Vaporizers > Portable Vaporizers",http://aussievapes.com.au/wp-content/uploads/2026/01/lookah-seahorse-20.png,,,,1,181,,https://mipod.com/products/lookah-seahorse-2-0,mipod.com,1769794603,,,,,
9695,,"Puffco The Peak V2",,,"Vaporizers > Portable Vaporizers",http://aussievapes.com.au/wp-content/uploads/2026/01/puffco-the-peak-v2.png,,,,1,180,,https://mipod.com/products/puffco-the-peak,mipod.com,1769794662,,,,,
9722,,"Crisp Menthol Naked Vape Juice",,,"Accessories > E-Liquid > Naked Vape Juice",http://aussievapes.com.au/wp-content/uploads/2026/01/crisp-menthol-naked-vape-juice.png,,,,1,178,,https://mipod.com/products/naked-100-60ml-crisp-menthol,mipod.com,1769057470,,,,,
9724,,"All Melon Naked Vape Juice",,,"Accessories > E-Liquid > Naked Vape Juice",http://aussievapes.com.au/wp-content/uploads/2026/01/all-melon-naked-vape-juice.png,,,,1,179,,https://mipod.com/products/naked-100-60ml-all-melon,mipod.com,1769795381,,,,,
9725,,"Lava Flow Naked Vape Juice",,,"Accessories > E-Liquid > Naked Vape Juice",http://aussievapes.com.au/wp-content/uploads/2026/01/lava-flow-naked-vape-juice.png,,,,1,177,,https://mipod.com/products/naked-100-60ml-lava-flow,mipod.com,1769057470,,,,,
9728,,"American Patriots Naked Vape Juice",,,"Accessories > E-Liquid > Naked Vape Juice",http://aussievapes.com.au/wp-content/uploads/2026/01/american-patriots-naked-vape-juice.png,,,,1,175,,https://mipod.com/products/naked-100-60ml-american-patriots,mipod.com,1769795456,,,,,
9729,,"Really Berry Naked Vape Juice",,,"Accessories > E-Liquid > Naked Vape Juice",http://aussievapes.com.au/wp-content/uploads/2026/01/really-berry-naked-vape-juice.png,,,,1,176,,https://mipod.com/products/naked-100-60ml-really-berry,mipod.com,1778358576,,,,,
9731,,"Hawaiian Pog Naked Vape Juice",,,"Accessories > E-Liquid > Naked Vape Juice",http://aussievapes.com.au/wp-content/uploads/2026/01/hawaiian-pog-naked-vape-juice.png,,,,1,174,,https://mipod.com/products/naked-100-60ml-hawaiian-pog,mipod.com,1769057475,,,,,
9733,,"Berry Naked Menthol Vape Juice",,,"Accessories > E-Liquid > Naked Vape Juice",http://aussievapes.com.au/wp-content/uploads/2026/01/berry-naked-menthol-vape-juice.png,,,,1,173,,https://mipod.com/products/naked-100-60ml-berry,mipod.com,1769057478,,,,,
9735,,"Mango Naked Vape Juice",,,"Accessories > E-Liquid > Naked Vape Juice",http://aussievapes.com.au/wp-content/uploads/2026/01/mango-naked-vape-juice.png,,,,1,172,,https://mipod.com/products/naked-100-60ml-mango,mipod.com,1769057480,,,,,
9737,,"Strawberry Pom Naked Menthol Vape Juice",,,"Accessories > E-Liquid > Naked Vape Juice",http://aussievapes.com.au/wp-content/uploads/2026/01/strawberry-pom-naked-menthol-vape-juice.png,,,,1,171,,https://mipod.com/products/naked-100-60ml-strawberry-pom,mipod.com,1769057483,,,,,
9739,,"Melon Naked Menthol Vape Juice",,,"Accessories > E-Liquid > Naked Vape Juice",http://aussievapes.com.au/wp-content/uploads/2026/01/melon-naked-menthol-vape-juice.png,,,,1,170,,https://mipod.com/products/naked-100-60ml-melon,mipod.com,1769057484,,,,,
9741,,"Cuban Blend Naked100 Tobacco Vape Juice",,,"Accessories > E-Liquid > Naked Vape Juice",http://aussievapes.com.au/wp-content/uploads/2026/01/cuban-blend-naked100-tobacco-vape-juice.png,,,,1,169,,https://mipod.com/products/cuban-blend-naked-100-tobacco-60ml,mipod.com,1769057487,,,,,
9743,,"Strawberry Pom NKD 100 Menthol Salts",,,"Accessories > E-Liquid > Naked Vape Juice",http://aussievapes.com.au/wp-content/uploads/2026/01/strawberry-pom-nkd-100-menthol-salts.png,,,,1,168,,https://mipod.com/products/strawberry-pom-nkd-100-menthol-salts,mipod.com,1769057490,,,,,
9745,,"Mint NKD 100 Salts",,,"Accessories > E-Liquid > Naked Vape Juice",http://aussievapes.com.au/wp-content/uploads/2026/01/mint-nkd-100-salts.png,,,,1,167,,https://mipod.com/products/mint-nkd-100-salts,mipod.com,1769057493,,,,,
9747,,"Melon NKD 100 Menthol Salts",,,"Accessories > E-Liquid > Naked Vape Juice",http://aussievapes.com.au/wp-content/uploads/2026/01/melon-nkd-100-menthol-salts.png,,,,1,166,,https://mipod.com/products/melon-nkd-100-salts,mipod.com,1769057496,,,,,
9749,,"Maui Sun NKD 100 Salts",,,"Accessories > E-Liquid > Naked Vape Juice",http://aussievapes.com.au/wp-content/uploads/2026/01/maui-sun-nkd-100-salts.png,,,,1,165,,https://mipod.com/products/maui-sun-nkd-100-salts,mipod.com,1769057499,,,,,
9751,,"Mango NKD 100 Salts",,,"Accessories > E-Liquid > Naked Vape Juice",http://aussievapes.com.au/wp-content/uploads/2026/01/mango-nkd-100-salts.png,,,,1,164,,https://mipod.com/products/mango-nkd-100-salts,mipod.com,1778355853,,,,,
9753,,"Lava Flow NKD 100 Salts",,,"Accessories > E-Liquid > Naked Vape Juice",http://aussievapes.com.au/wp-content/uploads/2026/01/lava-flow-nkd-100-salts.png,,,,1,163,,https://mipod.com/products/lava-flow-nkd-100-salts,mipod.com,1769057505,,,,,
9755,,"American Patriots NKD 100 Salts",,,"Accessories > E-Liquid > Naked Vape Juice",http://aussievapes.com.au/wp-content/uploads/2026/01/american-patriots-nkd-100-salts.png,,,,1,162,,https://mipod.com/products/american-patriots-nkd-100-salts,mipod.com,1769795470,,,,,
9757,,"Melon Kiwi NKD 100 Salts",,,"Accessories > E-Liquid > Naked Vape Juice",http://aussievapes.com.au/wp-content/uploads/2026/01/melon-kiwi-nkd-100-salts.png,,,,1,161,,https://mipod.com/products/melon-kiwi-nkd-100-salts,mipod.com,1769057511,,,,,
9761,,"Banana Freeze Pod Juice",,,"Accessories > E-Liquid > Fruit Vape Juice Flavors",http://aussievapes.com.au/wp-content/uploads/2026/01/banana-freeze-pod-juice.png,,,,1,160,,https://mipod.com/products/banana-freeze-pod-juice,mipod.com,1769795537,,,,,
9763,,"I Love Salts Juicy Apples",,,"Accessories > E-Liquid > Fruit Vape Juice Flavors",http://aussievapes.com.au/wp-content/uploads/2026/01/i-love-salts-juicy-apples.jpg,,,,1,158,,https://mipod.com/products/juicy-apples,mipod.com,1769700465,,,,,
9764,,"I Love Salts Blue Raspberry Ice",,,"Accessories > E-Liquid > Fruit Vape Juice Flavors",http://aussievapes.com.au/wp-content/uploads/2026/01/i-love-salts-blue-raspberry-ice.png,,,,1,159,,https://mipod.com/products/blue-raspberry-ice,mipod.com,1769057639,,,,,
9767,,"Strawberry Banana Freeze Pod Juice",,,"Accessories > E-Liquid > Fruit Vape Juice Flavors",http://aussievapes.com.au/wp-content/uploads/2026/01/strawberry-banana-freeze-pod-juice.png,,,,1,156,,https://mipod.com/products/strawberry-banana-freeze-pod-juice,mipod.com,1769057641,,,,,
9768,,"Rainbow Mix VaporLax Salt",,,"Accessories > E-Liquid > Fruit Vape Juice Flavors",http://aussievapes.com.au/wp-content/uploads/2026/01/rainbow-mix-vaporlax-salt.png,,,,1,157,,https://mipod.com/products/rainbow-mix-30ml,mipod.com,1769057642,,,,,
9770,,"Energy VaporLax Salt",,,"Accessories > E-Liquid > Fruit Vape Juice Flavors",http://aussievapes.com.au/wp-content/uploads/2026/01/energy-vaporlax-salt.png,,,,1,155,,https://mipod.com/products/energy-30ml,mipod.com,1769057643,,,,,
9772,,"Strawberry Banana VaporLax Salt",,,"Accessories > E-Liquid > Fruit Vape Juice Flavors",http://aussievapes.com.au/wp-content/uploads/2026/01/strawberry-banana-vaporlax-salt.png,,,,1,154,,https://mipod.com/products/strawberry-banana-30ml,mipod.com,1769057647,,,,,
9774,,"Blue Razz VaporLax Salt",,,"Accessories > E-Liquid > Fruit Vape Juice Flavors",http://aussievapes.com.au/wp-content/uploads/2026/01/blue-razz-vaporlax-salt.png,,,,1,153,,https://mipod.com/products/blue-razz-30ml-1,mipod.com,1769057648,,,,,
9776,,"Kiwi Melon by Cloud Nurdz Salts",,,"Accessories > E-Liquid > Fruit Vape Juice Flavors",http://aussievapes.com.au/wp-content/uploads/2026/01/kiwi-melon-by-cloud-nurdz-salts.png,,,,1,152,,https://mipod.com/products/kiwi-melon-by-cloud-nurdz-salts,mipod.com,1769057650,,,,,
9778,,"Iced Kiwi Melon by Cloud Nurdz Salts",,,"Accessories > E-Liquid > Fruit Vape Juice Flavors",http://aussievapes.com.au/wp-content/uploads/2026/01/iced-kiwi-melon-by-cloud-nurdz-salts.png,,,,1,151,,https://mipod.com/products/iced-kiwi-melon-by-cloud-nurdz-salts,mipod.com,1769057652,,,,,
9780,,"Iced Grape Apple by Cloud Nurdz Salts",,,"Accessories > E-Liquid > Fruit Vape Juice Flavors",http://aussievapes.com.au/wp-content/uploads/2026/01/iced-grape-apple-by-cloud-nurdz-salts.png,,,,1,150,,https://mipod.com/products/iced-grape-apple-by-cloud-nurdz-salts,mipod.com,1769057655,,,,,
9782,,"Iced Peach Blue Raspberry by Cloud Nurdz Salts",,,"Accessories > E-Liquid > Fruit Vape Juice Flavors",http://aussievapes.com.au/wp-content/uploads/2026/01/iced-peach-blue-raspberry-by-cloud-nurdz-salts.png,,,,1,149,,https://mipod.com/products/iced-peach-blue-raspberry-by-cloud-nurdz-salts,mipod.com,1769057658,,,,,
9784,,"Iced Watermelon Apple by Cloud Nurdz Salts",,,"Accessories > E-Liquid > Fruit Vape Juice Flavors",http://aussievapes.com.au/wp-content/uploads/2026/01/iced-watermelon-apple-by-cloud-nurdz-salts.png,,,,1,148,,https://mipod.com/products/iced-watermelon-apple-by-cloud-nurdz-salts,mipod.com,1769057660,,,,,
9786,,"Strawberry Lemon by Cloud Nurdz Salts",,,"Accessories > E-Liquid > Fruit Vape Juice Flavors",http://aussievapes.com.au/wp-content/uploads/2026/01/strawberry-lemon-by-cloud-nurdz-salts.png,,,,1,147,,https://mipod.com/products/strawberry-lemon-by-cloud-nurdz-salts,mipod.com,1769057663,,,,,
9788,,"Iced Grape Strawberry by Cloud Nurdz Salts",,,"Accessories > E-Liquid > Fruit Vape Juice Flavors",http://aussievapes.com.au/wp-content/uploads/2026/01/iced-grape-strawberry-by-cloud-nurdz-salts.png,,,,1,146,,https://mipod.com/products/iced-grape-strawberry-by-cloud-nurdz-salts,mipod.com,1769057665,,,,,
9790,,"Blue Razz Lemonade Freeze Pod Juice",,,"Accessories > E-Liquid > Fruit Vape Juice Flavors",http://aussievapes.com.au/wp-content/uploads/2026/01/blue-razz-lemonade-freeze-pod-juice.png,,,,1,145,,https://mipod.com/products/blue-razz-lemonade-freeze-pod-juice,mipod.com,1769057672,,,,,
9793,,"Blueberry Ice VaporLax Salt",,,"Accessories > E-Liquid > Fruit Vape Juice Flavors",http://aussievapes.com.au/wp-content/uploads/2026/01/blueberry-ice-vaporlax-salt.png,,,,1,144,,https://mipod.com/products/blueberry-ice-30ml,mipod.com,1769057674,,,,,
9795,,"Blue Razz Jam Pod Juice",,,"Accessories > E-Liquid > Fruit Vape Juice Flavors",http://aussievapes.com.au/wp-content/uploads/2026/01/blue-razz-jam-pod-juice.png,,,,1,143,,https://mipod.com/products/blue-razz-jam-pod-juice,mipod.com,1769700398,,,,,
9796,,"Rainbow Freeze Pod Juice",,,"Accessories > E-Liquid > Fruit Vape Juice Flavors",http://aussievapes.com.au/wp-content/uploads/2026/01/rainbow-freeze-pod-juice.png,,,,1,142,,https://mipod.com/products/rainbow-freeze-pod-juice,mipod.com,1769855820,,,,,
9798,,"Strawberry Kiwi VaporLax Salt",,,"Accessories > E-Liquid > Fruit Vape Juice Flavors",http://aussievapes.com.au/wp-content/uploads/2026/01/strawberry-kiwi-vaporlax-salt.png,,,,1,141,,https://mipod.com/products/strawberry-kiwi-vaporlax-salt,mipod.com,1769697778,,,,,
9800,,"Iced Strawberry Lemon by Cloud Nurdz Salts",,,"Accessories > E-Liquid > Fruit Vape Juice Flavors",http://aussievapes.com.au/wp-content/uploads/2026/01/iced-strawberry-lemon-by-cloud-nurdz-salts.png,,,,1,140,,https://mipod.com/products/iced-strawberry-lemon-by-cloud-nurdz-salts,mipod.com,1769057682,,,,,
9802,,"Iced Watermelon Berry by Cloud Nurdz Salts",,,"Accessories > E-Liquid > Fruit Vape Juice Flavors",http://aussievapes.com.au/wp-content/uploads/2026/01/iced-watermelon-berry-by-cloud-nurdz-salts.png,,,,1,139,,https://mipod.com/products/iced-watermelon-berry-by-cloud-nurdz-salts,mipod.com,1769704883,,,,,
9804,,"I Love Salts Grappleberry",,,"Accessories > E-Liquid > Fruit Vape Juice Flavors",http://aussievapes.com.au/wp-content/uploads/2026/01/i-love-salts-grappleberry.jpg,,,,1,138,,https://mipod.com/products/grappleberry,mipod.com,1769057686,,,,,
9806,,"I Love Salts Pink Lemonade",,,"Accessories > E-Liquid > Fruit Vape Juice Flavors",http://aussievapes.com.au/wp-content/uploads/2026/01/i-love-salts-pink-lemonade.png,,,,1,137,,https://mipod.com/products/pink-lemonade,mipod.com,1769057689,,,,,
9808,,"I Love Salts Strawberry Ice",,,"Accessories > E-Liquid > Fruit Vape Juice Flavors",http://aussievapes.com.au/wp-content/uploads/2026/01/i-love-salts-strawberry-ice.jpg,,,,1,136,,https://mipod.com/products/strawberry-ice,mipod.com,1769057692,,,,,
9810,,"Strawberry Cream VaporLax Salt",,,"Accessories > E-Liquid > Fruit Vape Juice Flavors",http://aussievapes.com.au/wp-content/uploads/2026/01/strawberry-cream-vaporlax-salt.png,,,,1,135,,https://mipod.com/products/strawberry-cream-30ml,mipod.com,1769682959,,,,,
9812,,"Peach Ice VaporLax Salt",,,"Accessories > E-Liquid > Fruit Vape Juice Flavors",http://aussievapes.com.au/wp-content/uploads/2026/01/peach-ice-vaporlax-salt.png,,,,1,134,,https://mipod.com/products/peach-ice-30ml-1,mipod.com,1769057698,,,,,
9814,,"Cotton Clouds Pod Juice",,,"Accessories > E-Liquid > Fruit Vape Juice Flavors",http://aussievapes.com.au/wp-content/uploads/2026/01/cotton-clouds-pod-juice.png,,,,1,133,,https://mipod.com/products/cotton-carnival-pod-juice,mipod.com,1769689134,,,,,
9816,,"Iced Blue Raspberry Lemon by Cloud Nurdz Salts",,,"Accessories > E-Liquid > Fruit Vape Juice Flavors",http://aussievapes.com.au/wp-content/uploads/2026/01/iced-blue-raspberry-lemon-by-cloud-nurdz-salts.png,,,,1,132,,https://mipod.com/products/iced-blue-raspberry-lemon-by-cloud-nurdz-salts,mipod.com,1778358530,,,,,
9818,,"Aloe Grape Cloud Nurdz Salts",,,"Accessories > E-Liquid > Fruit Vape Juice Flavors",http://aussievapes.com.au/wp-content/uploads/2026/01/aloe-grape-cloud-nurdz-salts.png,,,,1,131,,https://mipod.com/products/aloe-grape-cloud-nurdz-salts,mipod.com,1769795422,,,,,
9820,,"Strawberry Kiwi Cloud Nurdz Salts",,,"Accessories > E-Liquid > Fruit Vape Juice Flavors",http://aussievapes.com.au/wp-content/uploads/2026/01/strawberry-kiwi-cloud-nurdz-salts.png,,,,1,130,,https://mipod.com/products/strawberry-kiwi-cloud-nurdz-salts,mipod.com,1769057708,,,,,
9822,,"Cherry Apple Cloud Nurdz Salts",,,"Accessories > E-Liquid > Fruit Vape Juice Flavors",http://aussievapes.com.au/wp-content/uploads/2026/01/cherry-apple-cloud-nurdz-salts.png,,,,1,129,,https://mipod.com/products/cherry-apple-cloud-nurdz-salts,mipod.com,1769057710,,,,,
9824,,"Peach Dragon Fruit Cloud Nurdz Salts",,,"Accessories > E-Liquid > Fruit Vape Juice Flavors",http://aussievapes.com.au/wp-content/uploads/2026/01/peach-dragon-fruit-cloud-nurdz-salts.png,,,,1,128,,https://mipod.com/products/peach-dragon-fruit-cloud-nurdz-salts,mipod.com,1769057712,,,,,
9826,,"Banana Dragon Berry Cloud Nurdz Salts",,,"Accessories > E-Liquid > Fruit Vape Juice Flavors",http://aussievapes.com.au/wp-content/uploads/2026/01/banana-dragon-berry-cloud-nurdz-salts.png,,,,1,127,,https://mipod.com/products/banana-dragon-berry-cloud-nurdz-salts,mipod.com,1769795510,,,,,
9828,,"Iced Strawberry Kiwi Cloud Nurdz Salts",,,"Accessories > E-Liquid > Fruit Vape Juice Flavors",http://aussievapes.com.au/wp-content/uploads/2026/01/iced-strawberry-kiwi-cloud-nurdz-salts.png,,,,1,126,,https://mipod.com/products/iced-strawberry-kiwi-cloud-nurdz-salts-30ml,mipod.com,1769057718,,,,,
9830,,"Iced Very Berry Hibiscus Cloud Nurdz Salts",,,"Accessories > E-Liquid > Fruit Vape Juice Flavors",http://aussievapes.com.au/wp-content/uploads/2026/01/iced-very-berry-hibiscus-cloud-nurdz-salts.png,,,,1,125,,https://mipod.com/products/iced-verry-berry-hibiscus-cloud-nurdz-salts,mipod.com,1769057719,,,,,
9832,,"Iced Peach Melon Cloud Nurdz Salts",,,"Accessories > E-Liquid > Fruit Vape Juice Flavors",http://aussievapes.com.au/wp-content/uploads/2026/01/iced-peach-melon-cloud-nurdz-salts.png,,,,1,124,,https://mipod.com/products/iced-peach-melon-cloud-nurdz-salts-30ml,mipod.com,1769057722,,,,,
9834,,"Iced Cherry Apple Cloud Nurdz Salts",,,"Accessories > E-Liquid > Fruit Vape Juice Flavors",http://aussievapes.com.au/wp-content/uploads/2026/01/iced-cherry-apple-cloud-nurdz-salts.png,,,,1,123,,https://mipod.com/products/iced-cherry-apple-cloud-nurdz-salts-30ml,mipod.com,1778355932,,,,,
9836,,"Iced Peach Dragon Fruit Cloud Nurdz Salts",,,"Accessories > E-Liquid > Fruit Vape Juice Flavors",http://aussievapes.com.au/wp-content/uploads/2026/01/iced-peach-dragon-fruit-cloud-nurdz-salts.png,,,,1,122,,https://mipod.com/products/iced-peach-dragon-fruit-cloud-nurdz-salts,mipod.com,1769057726,,,,,
9838,,"Iced Strawberry Peach Cloud Nurdz Salts",,,"Accessories > E-Liquid > Fruit Vape Juice Flavors",http://aussievapes.com.au/wp-content/uploads/2026/01/iced-strawberry-peach-cloud-nurdz-salts.png,,,,1,121,,https://mipod.com/products/iced-strawberry-peach-cloud-nurdz-salts,mipod.com,1769057730,,,,,
9840,,"Iced Guava Passionfruit Cloud Nurdz Salts",,,"Accessories > E-Liquid > Fruit Vape Juice Flavors",http://aussievapes.com.au/wp-content/uploads/2026/01/iced-guava-passionfruit-cloud-nurdz-salts.png,,,,1,120,,https://mipod.com/products/iced-guava-passion-cloud-nurdz-salts,mipod.com,1769057732,,,,,
9843,,"Grapple Peach Urban Tale X Lost Mary Vape Juice",,,"Accessories > E-Liquid > Fruit Vape Juice Flavors",http://aussievapes.com.au/wp-content/uploads/2026/01/grapple-peach-urban-tale-x-lost-mary-vape-juice.png,,,,1,119,,https://mipod.com/products/grapple-peach-urban-tale-x-lost-mary-30ml,mipod.com,1769057736,,,,,
9844,,"Blue Razz Slushy Freeze Pod Juice",,,"Accessories > E-Liquid > Fruit Vape Juice Flavors",http://aussievapes.com.au/wp-content/uploads/2026/01/blue-razz-slushy-freeze-pod-juice.png,,,,1,118,,https://mipod.com/products/blue-razz-slushy-freeze-pod-juice,mipod.com,1769745029,,,,,
9846,,"Lemon Lime Urban Tale X Lost Mary Vape Juice",,,"Accessories > E-Liquid > Fruit Vape Juice Flavors",http://aussievapes.com.au/wp-content/uploads/2026/01/lemon-lime-urban-tale-x-lost-mary-vape-juice.png,,,,1,117,,https://mipod.com/products/lemon-lime-urban-tale-x-lost-mary-30ml,mipod.com,1769057738,,,,,
9848,,"Gami Urban Tale X Lost Mary Vape Juice",,,"Accessories > E-Liquid > Fruit Vape Juice Flavors",http://aussievapes.com.au/wp-content/uploads/2026/01/gami-urban-tale-x-lost-mary-vape-juice.png,,,,1,116,,https://mipod.com/products/gami-urban-tale-x-lost-mary-30ml,mipod.com,1778359559,,,,,
9850,,"Tropic Mango Ice Urban Tale X Lost Mary Vape Juice",,,"Accessories > E-Liquid > Fruit Vape Juice Flavors",http://aussievapes.com.au/wp-content/uploads/2026/01/tropic-mango-ice-urban-tale-x-lost-mary-vape-juice.png,,,,1,115,,https://mipod.com/products/tropic-mango-ice-urban-tale-x-lost-mary-30ml,mipod.com,1778359772,,,,,
9852,,"Strawberry Mango Urban Tale X Lost Mary Vape Juice",,,"Accessories > E-Liquid > Fruit Vape Juice Flavors",http://aussievapes.com.au/wp-content/uploads/2026/01/strawberry-mango-urban-tale-x-lost-mary-vape-juice.png,,,,1,114,,https://mipod.com/products/strawberry-mango-urban-tale-x-lost-mary-30ml,mipod.com,1769057745,,,,,
9854,,"Strawberry Ice Urban Tale X Lost Mary Vape Juice",,,"Accessories > E-Liquid > Fruit Vape Juice Flavors",http://aussievapes.com.au/wp-content/uploads/2026/01/strawberry-ice-urban-tale-x-lost-mary-vape-juice.png,,,,1,113,,https://mipod.com/products/strawberry-ice-urban-tale-x-lost-mary-30ml,mipod.com,1778354496,,,,,
9856,,"Watermelon Berry by Cloud Nurdz Salts",,,"Accessories > E-Liquid > Fruit Vape Juice Flavors",http://aussievapes.com.au/wp-content/uploads/2026/01/watermelon-berry-by-cloud-nurdz-salts.png,,,,1,112,,https://mipod.com/products/watermelon-berry-by-cloud-nurdz-salts,mipod.com,1769057752,,,,,
9858,,"Sour Fruity Worms Pod Juice",,,"Accessories > E-Liquid > Fruit Vape Juice Flavors",http://aussievapes.com.au/wp-content/uploads/2026/01/sour-fruity-worms-pod-juice.png,,,,1,111,,https://mipod.com/products/sour-fruity-worms-pod-juice-30ml,mipod.com,1769698450,,,,,
9860,,"Banana Custard Monster Salt by Monster Labs",,,"Accessories > E-Liquid > Fruit Vape Juice Flavors",http://aussievapes.com.au/wp-content/uploads/2026/01/banana-custard-monster-salt-by-monster-labs.png,,,,1,110,,https://mipod.com/products/banana-monster-labs-custard-monster-30ml,mipod.com,1769694812,,,,,
9862,,"Mixed Berry Custard Monster Salt by Monster Labs",,,"Accessories > E-Liquid > Fruit Vape Juice Flavors",http://aussievapes.com.au/wp-content/uploads/2026/01/mixed-berry-custard-monster-salt-by-monster-labs.png,,,,1,109,,https://mipod.com/products/mixed-berry-monster-labs-custard-monster-30ml,mipod.com,1769683559,,,,,
9864,,"Creamsicle Custard Monster Salt by Monster Labs",,,"Accessories > E-Liquid > Fruit Vape Juice Flavors",http://aussievapes.com.au/wp-content/uploads/2026/01/creamsicle-custard-monster-salt-by-monster-labs.png,,,,1,108,,https://mipod.com/products/creamsicle-monster-labs-custard-monster-30ml-swirl-ed,mipod.com,1769057762,,,,,
9866,,"Passionfruit Orange Guava Fruit Monster Salt by Monster Labs",,,"Accessories > E-Liquid > Fruit Vape Juice Flavors",http://aussievapes.com.au/wp-content/uploads/2026/01/passionfruit-orange-guava-fruit-monster-salt-by-monster-labs.png,,,,1,107,,https://mipod.com/products/passionfruit-orange-guava-monster-labs-fruit-monster-30ml,mipod.com,1769057763,,,,,
9868,,"Blackberry Jam Monster Salt",,,"Accessories > E-Liquid > Fruit Vape Juice Flavors",http://aussievapes.com.au/wp-content/uploads/2026/01/blackberry-jam-monster-salt.png,,,,1,106,,https://mipod.com/products/blackberry-monster-labs-jam-monster-30ml,mipod.com,1769057766,,,,,
9870,,"Blueberry Jam Monster Salt",,,"Accessories > E-Liquid > Fruit Vape Juice Flavors",http://aussievapes.com.au/wp-content/uploads/2026/01/blueberry-jam-monster-salt.png,,,,1,105,,https://mipod.com/products/blueberry-monster-labs-jam-monster-30ml,mipod.com,1769057770,,,,,
9872,,"Strawberry Jam Monster Salt",,,"Accessories > E-Liquid > Fruit Vape Juice Flavors",http://aussievapes.com.au/wp-content/uploads/2026/01/strawberry-jam-monster-salt.png,,,,1,104,,https://mipod.com/products/strawberry-monster-labs-jam-monster-30ml,mipod.com,1769057773,,,,,
9874,,"Fruity Bears Freeze Pod Juice",,,"Accessories > E-Liquid > Fruit Vape Juice Flavors",http://aussievapes.com.au/wp-content/uploads/2026/01/fruity-bears-freeze-pod-juice.png,,,,1,103,,https://mipod.com/products/fruity-bears-freeze-pod-juice-30ml,mipod.com,1769057775,,,,,
9876,,"Blue Razz Pod Juice",,,"Accessories > E-Liquid > Fruit Vape Juice Flavors",http://aussievapes.com.au/wp-content/uploads/2026/01/blue-razz-pod-juice.png,,,,1,102,,https://mipod.com/products/blue-razz-pod-juice,mipod.com,1778355800,,,,,
9878,,"Banana Ice VaporLax Salt",,,"Accessories > E-Liquid > Fruit Vape Juice Flavors",http://aussievapes.com.au/wp-content/uploads/2026/01/banana-ice-vaporlax-salt.png,,,,1,101,,https://mipod.com/products/banana-ice-30ml-1,mipod.com,1769795550,,,,,
9880,,"Crush Grape VaporLax Salt",,,"Accessories > E-Liquid > Fruit Vape Juice Flavors",http://aussievapes.com.au/wp-content/uploads/2026/01/crush-grape-vaporlax-salt.png,,,,1,100,,https://mipod.com/products/crush-grape-30ml,mipod.com,1769057785,,,,,
9882,,"Icy Fruits VaporLax Salt",,,"Accessories > E-Liquid > Fruit Vape Juice Flavors",http://aussievapes.com.au/wp-content/uploads/2026/01/icy-fruits-vaporlax-salt.png,,,,1,99,,https://mipod.com/products/icy-fruits-30ml,mipod.com,1769057790,,,,,
9884,,"Lush Ice VaporLax Salt",,,"Accessories > E-Liquid > Fruit Vape Juice Flavors",http://aussievapes.com.au/wp-content/uploads/2026/01/lush-ice-vaporlax-salt.png,,,,1,98,,https://mipod.com/products/lush-ice-30ml,mipod.com,1769057792,,,,,
9886,,"Jewel Mint Lush Freeze Pod Juice",,,"Accessories > E-Liquid > Fruit Vape Juice Flavors",http://aussievapes.com.au/wp-content/uploads/2026/01/jewel-mint-lush-freeze-pod-juice.png,,,,1,97,,https://mipod.com/products/jewel-mint-lush-freeze-pod-juice,mipod.com,1769057794,,,,,
9888,,"Jewel Mango Pod Juice",,,"Accessories > E-Liquid > Fruit Vape Juice Flavors",http://aussievapes.com.au/wp-content/uploads/2026/01/jewel-mango-pod-juice.png,,,,1,96,,https://mipod.com/products/jewel-mango-pod-juice,mipod.com,1769057797,,,,,
9890,,"Frozen Strawberry Pod Juice",,,"Accessories > E-Liquid > Fruit Vape Juice Flavors",http://aussievapes.com.au/wp-content/uploads/2026/01/frozen-strawberry-pod-juice.png,,,,1,95,,https://mipod.com/products/frozen-strawberry-pod-juice,mipod.com,1769691681,,,,,
9893,,"Blue Razz Slushy Pod Juice",,,"Accessories > E-Liquid > Fruit Vape Juice Flavors",http://aussievapes.com.au/wp-content/uploads/2026/01/blue-razz-slushy-pod-juice.png,,,,1,94,,https://mipod.com/products/blue-razz-slushy-pod-juice,mipod.com,1769809366,,,,,
9894,,"Blue Razz Lemonade Pod Juice",,,"Accessories > E-Liquid > Fruit Vape Juice Flavors",http://aussievapes.com.au/wp-content/uploads/2026/01/blue-razz-lemonade-pod-juice.png,,,,1,92,,https://mipod.com/products/blue-razz-lemonade-pod-juice,mipod.com,1769057810,,,,,
9896,,"Strawberry Kiwi Freeze Pod Juice",,,"Accessories > E-Liquid > Fruit Vape Juice Flavors",http://aussievapes.com.au/wp-content/uploads/2026/01/strawberry-kiwi-freeze-pod-juice.png,,,,1,93,,https://mipod.com/products/strawberry-kiwi-freeze-pod-juice,mipod.com,1769057811,,,,,
9898,,"Blue Raspberry Lemon by Cloud Nurdz Salts",,,"Accessories > E-Liquid > Fruit Vape Juice Flavors",http://aussievapes.com.au/wp-content/uploads/2026/01/blue-raspberry-lemon-by-cloud-nurdz-salts.png,,,,1,91,,https://mipod.com/products/blue-raspberry-lemon-by-cloud-nurdz-salts,mipod.com,1769057814,,,,,
9900,,"Rocket Pop Pod Juice",,,"Accessories > E-Liquid > Fruit Vape Juice Flavors",http://aussievapes.com.au/wp-content/uploads/2026/01/rocket-pop-pod-juice.png,,,,1,90,,https://mipod.com/products/rocket-pop-pod-juice-30ml,mipod.com,1769057817,,,,,
9902,,"Hawaiian Pod Juice",,,"Accessories > E-Liquid > Fruit Vape Juice Flavors",http://aussievapes.com.au/wp-content/uploads/2026/01/hawaiian-pod-juice.png,,,,1,89,,https://mipod.com/products/hawaiian-pod-juice-30ml,mipod.com,1769057820,,,,,
9904,,"Berry Watermelon Pod Juice",,,"Accessories > E-Liquid > Fruit Vape Juice Flavors",http://aussievapes.com.au/wp-content/uploads/2026/01/berry-watermelon-pod-juice.png,,,,1,88,,https://mipod.com/products/berry-watermelon-pod-juice-30ml,mipod.com,1769057823,,,,,
9906,,"Blue Raz Gush RAZ X Pod Juice (100ml)",,,"Accessories > E-Liquid > Fruit Vape Juice Flavors",http://aussievapes.com.au/wp-content/uploads/2026/01/blue-raz-gush-raz-x-pod-juice-100ml.png,,,,1,87,,https://mipod.com/products/blue-raz-gush-raz-x-pod-juice-100ml-gush-edition,mipod.com,1769057827,,,,,
9908,,"Green Apple Gush RAZ X Pod Juice (100ml)",,,"Accessories > E-Liquid > Fruit Vape Juice Flavors",http://aussievapes.com.au/wp-content/uploads/2026/01/green-apple-gush-raz-x-pod-juice-100ml.png,,,,1,86,,https://mipod.com/products/green-apple-gush-raz-x-pod-juice-100ml-gush-edition,mipod.com,1769057830,,,,,
9910,,"Strawberry Peach Gush RAZ X Pod Juice (100ml)",,,"Accessories > E-Liquid > Fruit Vape Juice Flavors",http://aussievapes.com.au/wp-content/uploads/2026/01/strawberry-peach-gush-raz-x-pod-juice-100ml.png,,,,1,85,,https://mipod.com/products/strawberry-peach-gush-raz-x-pod-juice-100ml-gush-edition,mipod.com,1769057834,,,,,
9912,,"Watermelon Gush RAZ X Pod Juice (100ml)",,,"Accessories > E-Liquid > Fruit Vape Juice Flavors",http://aussievapes.com.au/wp-content/uploads/2026/01/watermelon-gush-raz-x-pod-juice-100ml.png,,,,1,84,,https://mipod.com/products/watermelon-gush-raz-x-pod-juice-100ml-gush-edition,mipod.com,1769057836,,,,,
9914,,"Tropical Gush RAZ X Pod Juice (100ml)",,,"Accessories > E-Liquid > Fruit Vape Juice Flavors",http://aussievapes.com.au/wp-content/uploads/2026/01/tropical-gush-raz-x-pod-juice-100ml.png,,,,1,83,,https://mipod.com/products/tropical-gush-raz-x-pod-juice-100ml-gush-edition,mipod.com,1769057839,,,,,
9916,,"Cotton Clouds Pod Juice 100ml",,,"Accessories > E-Liquid > Fruit Vape Juice Flavors",http://aussievapes.com.au/wp-content/uploads/2026/01/cotton-clouds-pod-juice-100ml.png,,,,1,82,,https://mipod.com/products/cotton-clouds-pod-juice-100ml,mipod.com,1769057842,,,,,
9918,,"Black Cherry Fruit Monster Salt by Monster Labs",,,"Accessories > E-Liquid > Fruit Vape Juice Flavors",http://aussievapes.com.au/wp-content/uploads/2026/01/black-cherry-fruit-monster-salt-by-monster-labs.png,,,,1,81,,https://mipod.com/products/black-cherry-monster-labs-fruit-monster-30ml,mipod.com,1769057845,,,,,
9920,,"Peach Pear Juice Head Salt",,,"Accessories > E-Liquid > Fruit Vape Juice Flavors",http://aussievapes.com.au/wp-content/uploads/2026/01/peach-pear-juice-head-salt.png,,,,1,80,,https://mipod.com/products/peach-pear-30ml,mipod.com,1769057850,,,,,
9922,,"Blueberry Lemon Juice Head Salt",,,"Accessories > E-Liquid > Fruit Vape Juice Flavors",http://aussievapes.com.au/wp-content/uploads/2026/01/blueberry-lemon-juice-head-salt.png,,,,1,79,,https://mipod.com/products/blueberry-lemon-30ml,mipod.com,1769057852,,,,,,,
9924,,"Watermelon Lime Juice Head Salt",,,"Accessories > E-Liquid > Fruit Vape Juice Flavors",http://aussievapes.com.au/wp-content/uploads/2026/01/watermelon-lime-juice-head-salt.png,,,,1,78,,https://mipod.com/products/watermelon-lime-30ml,mipod.com,1769692794,,,,,,,
9926,,"Strawberry Glazed Donut RAZ X Pod Juice",,,"Accessories > E-Liquid > Fruit Vape Juice Flavors",http://aussievapes.com.au/wp-content/uploads/2026/01/strawberry-glazed-donut-raz-x-pod-juice.png,,,,1,77,,https://mipod.com/products/strawberry-glazed-donut-raz-x-pod-juice-30ml,mipod.com,1769057857,,,,,,,
9928,,"Pink Burst Chew Pod Juice",,,"Accessories > E-Liquid > Fruit Vape Juice Flavors",http://aussievapes.com.au/wp-content/uploads/2026/01/pink-burst-chew-pod-juice.png,,,,1,76,,https://mipod.com/products/pink-burst-pod-juice,mipod.com,1769673068,,,,,,,
9930,,"Baja Burst Pod Juice",,,"Accessories > E-Liquid > Fruit Vape Juice Flavors",http://aussievapes.com.au/wp-content/uploads/2026/01/baja-burst-pod-juice.png,,,,1,75,,https://mipod.com/products/baja-burst-pod-juice-30ml,mipod.com,1769795483,,,,,,,
9932,,"Aloe Grape Pod Juice",,,"Accessories > E-Liquid > Fruit Vape Juice Flavors",http://aussievapes.com.au/wp-content/uploads/2026/01/aloe-grape-pod-juice.png,,,,1,74,,https://mipod.com/products/aloe-grape-pod-juice-30ml,mipod.com,1769795442,,,,,,,
9934,,"Grape Strawberry by Cloud Nurdz Salts",,,"Accessories > E-Liquid > Fruit Vape Juice Flavors",http://aussievapes.com.au/wp-content/uploads/2026/01/grape-strawberry-by-cloud-nurdz-salts.png,,,,1,73,,https://mipod.com/products/grape-strawberry-by-cloud-nurdz-salts,mipod.com,1769057870,,,,,,,
9936,,"I Love Salts Blue Raspberry",,,"Accessories > E-Liquid > Fruit Vape Juice Flavors",http://aussievapes.com.au/wp-content/uploads/2026/01/i-love-salts-blue-raspberry.jpg,,,,1,72,,https://mipod.com/products/blue-raspberry,mipod.com,1769057872,,,,,,,
9938,,"White Gummy Ice RAZ X Pod Juice",,,"Accessories > E-Liquid > Fruit Vape Juice Flavors",http://aussievapes.com.au/wp-content/uploads/2026/01/white-gummy-ice-raz-x-pod-juice.png,,,,1,71,,https://mipod.com/products/white-gummy-ice-raz-x-pod-juice-30ml,mipod.com,1769057875,,,,,,,
9940,,"Blue Razz Cotton Clouds RAZ X Pod Juice",,,"Accessories > E-Liquid > Fruit Vape Juice Flavors",http://aussievapes.com.au/wp-content/uploads/2026/01/blue-razz-cotton-clouds-raz-x-pod-juice.png,,,,1,70,,https://mipod.com/products/blue-razz-cotton-clouds-raz-x-pod-juice-30ml,mipod.com,1769696838,,,,,,,
9942,,"Strawberry Kiwi Pod Juice",,,"Accessories > E-Liquid > Fruit Vape Juice Flavors",http://aussievapes.com.au/wp-content/uploads/2026/01/strawberry-kiwi-pod-juice.png,,,,1,69,,https://mipod.com/products/strawberry-kiwi-pod-juice,mipod.com,1769057881,,,,,,,
9944,,"Strawberry Ice Cream Pod Juice",,,"Accessories > E-Liquid > Fruit Vape Juice Flavors",http://aussievapes.com.au/wp-content/uploads/2026/01/strawberry-ice-cream-pod-juice.png,,,,1,68,,https://mipod.com/products/strawberry-ice-cream-pod-juice-30ml,mipod.com,1769057884,,,,,,,
9946,,"Guava Peach Juice Head Salt",,,"Accessories > E-Liquid > Fruit Vape Juice Flavors",http://aussievapes.com.au/wp-content/uploads/2026/01/guava-peach-juice-head-salt.png,,,,1,67,,https://mipod.com/products/guava-peach-30ml,mipod.com,1769057888,,,,,,,
9948,,"Strawberry Kiwi Juice Head Salt",,,"Accessories > E-Liquid > Fruit Vape Juice Flavors",http://aussievapes.com.au/wp-content/uploads/2026/01/strawberry-kiwi-juice-head-salt.png,,,,1,66,,https://mipod.com/products/strawberry-kiwi-30ml,mipod.com,1769057891,,,,,,,
9950,,"Dubai Chocolate Pod Juice",,,"Accessories > E-Liquid > Fruit Vape Juice Flavors",http://aussievapes.com.au/wp-content/uploads/2026/01/dubai-chocolate-pod-juice.png,,,,1,65,,https://mipod.com/products/dubai-chocolate-pod-juice-30ml,mipod.com,1769057893,,,,,,,
9952,,"Strawberry Kiwi Pomegranate Fruit Monster Salt by Monster Labs",,,"Accessories > E-Liquid > Fruit Vape Juice Flavors",http://aussievapes.com.au/wp-content/uploads/2026/01/strawberry-kiwi-pomegranate-fruit-monster-salt-by-monster-labs.png,,,,1,64,,https://mipod.com/products/strawberry-kiwi-pomegranate-monster-labs-fruit-monster-30ml,mipod.com,1769057899,,,,,,,
9954,,"Blackberry Custard Monster Salt by Monster Labs",,,"Accessories > E-Liquid > Fruit Vape Juice Flavors",http://aussievapes.com.au/wp-content/uploads/2026/01/blackberry-custard-monster-salt-by-monster-labs.png,,,,1,63,,https://mipod.com/products/blackberry-monster-labs-custard-monster-30ml,mipod.com,1769057902,,,,,,,
9956,,"Blueberry Custard Monster Salt by Monster Labs",,,"Accessories > E-Liquid > Fruit Vape Juice Flavors",http://aussievapes.com.au/wp-content/uploads/2026/01/blueberry-custard-monster-salt-by-monster-labs.png,,,,1,62,,https://mipod.com/products/blueberry-monster-labs-custard-monster-30ml,mipod.com,1769681478,,,,,,,
9958,,"Strawberry Custard Monster Salt by Monster Labs",,,"Accessories > E-Liquid > Fruit Vape Juice Flavors",http://aussievapes.com.au/wp-content/uploads/2026/01/strawberry-custard-monster-salt-by-monster-labs.png,,,,1,61,,https://mipod.com/products/strawberry-monster-labs-custard-monster-30ml,mipod.com,1769057907,,,,,,,
9960,,"Blueberry Vanilla Custard Monster Salt by Monster Labs",,,"Accessories > E-Liquid > Fruit Vape Juice Flavors",http://aussievapes.com.au/wp-content/uploads/2026/01/blueberry-vanilla-custard-monster-salt-by-monster-labs.png,,,,1,60,,https://mipod.com/products/blueberry-vanilla-monster-labs-custard-monster-30ml-swirl-ed,mipod.com,1769057912,,,,,,,
9962,,"Blueberry Raspberry Lemon Fruit Monster Salt by Monster Labs",,,"Accessories > E-Liquid > Fruit Vape Juice Flavors",http://aussievapes.com.au/wp-content/uploads/2026/01/blueberry-raspberry-lemon-fruit-monster-salt-by-monster-labs.png,,,,1,59,,https://mipod.com/products/blueberry-raspberry-lemon-monster-labs-fruit-monster-30ml,mipod.com,1769057916,,,,,,,
9964,,"Pineapple Grapefruit Juice Head Salt",,,"Accessories > E-Liquid > Fruit Vape Juice Flavors",http://aussievapes.com.au/wp-content/uploads/2026/01/pineapple-grapefruit-juice-head-salt.png,,,,1,58,,https://mipod.com/products/pineapple-grapefruit-30ml,mipod.com,1769750421,,,,,,,
9966,,"Grape Chew Freeze Pod Juice",,,"Accessories > E-Liquid > Fruit Vape Juice Flavors",http://aussievapes.com.au/wp-content/uploads/2026/01/grape-chew-freeze-pod-juice.png,,,,1,57,,https://mipod.com/products/grape-chew-freeze-pod-juice-30ml,mipod.com,1769057922,,,,,,,
9968,,"Peach Freeze Pod Juice",,,"Accessories > E-Liquid > Fruit Vape Juice Flavors",http://aussievapes.com.au/wp-content/uploads/2026/01/peach-freeze-pod-juice.png,,,,1,56,,https://mipod.com/products/peach-freeze-pod-juice,mipod.com,1769057925,,,,,,,
9970,,"White Monster Pod Juice",,,"Accessories > E-Liquid > Fruit Vape Juice Flavors",http://aussievapes.com.au/wp-content/uploads/2026/01/white-monster-pod-juice.png,,,,1,55,,https://mipod.com/products/white-monster-pod-juice-30ml,mipod.com,1769057928,,,,,,,
9972,,"Strawberry Vanilla Custard Monster Salt by Monster Labs",,,"Accessories > E-Liquid > Fruit Vape Juice Flavors",http://aussievapes.com.au/wp-content/uploads/2026/01/strawberry-vanilla-custard-monster-salt-by-monster-labs.png,,,,1,54,,https://mipod.com/products/strawberry-vanilla-monster-labs-custard-monster-30ml-swirl,mipod.com,1769057931,,,,,,,
9974,,"Raspberry Jam Monster Salt",,,"Accessories > E-Liquid > Fruit Vape Juice Flavors",http://aussievapes.com.au/wp-content/uploads/2026/01/raspberry-jam-monster-salt.png,,,,1,53,,https://mipod.com/products/raspberry-monster-labs-jam-monster-30ml,mipod.com,1778363327,,,,,,,
9976,,"Peach Blue Raspberry by Cloud Nurdz Salts",,,"Accessories > E-Liquid > Fruit Vape Juice Flavors",http://aussievapes.com.au/wp-content/uploads/2026/01/peach-blue-raspberry-by-cloud-nurdz-salts.png,,,,1,52,,https://mipod.com/products/peach-blue-raspberry-by-cloud-nurdz-salts,mipod.com,1769057937,,,,,,,
9978,,"Watermelon Apple by Cloud Nurdz Salts",,,"Accessories > E-Liquid > Fruit Vape Juice Flavors",http://aussievapes.com.au/wp-content/uploads/2026/01/watermelon-apple-by-cloud-nurdz-salts.png,,,,1,51,,https://mipod.com/products/watermelon-apple-by-cloud-nurdz-salts,mipod.com,1769057940,,,,,,,
9980,,"Very Berry Hibiscus Cloud Nurdz Salts",,,"Accessories > E-Liquid > Fruit Vape Juice Flavors",http://aussievapes.com.au/wp-content/uploads/2026/01/very-berry-hibiscus-cloud-nurdz-salts.png,,,,1,50,,https://mipod.com/products/very-berry-hibiscus-cloud-nurdz-salts,mipod.com,1769057943,,,,,,,
9982,,"Iced Pineapple Mango Cloud Nurdz Salts",,,"Accessories > E-Liquid > Fruit Vape Juice Flavors",http://aussievapes.com.au/wp-content/uploads/2026/01/iced-pineapple-mango-cloud-nurdz-salts.png,,,,1,49,,https://mipod.com/products/iced-pineapple-mango-cloud-nurdz-salts,mipod.com,1769057947,,,,,,,
9984,,"Pomegranate Berry Cloud Nurdz Salts",,,"Accessories > E-Liquid > Fruit Vape Juice Flavors",http://aussievapes.com.au/wp-content/uploads/2026/01/pomegranate-berry-cloud-nurdz-salts.png,,,,1,48,,https://mipod.com/products/pomegranate-berry-cloud-nurdz-salts,mipod.com,1769057950,,,,,,,
9986,,"Iced Pomegranate Berry Cloud Nurdz Salts",,,"Accessories > E-Liquid > Fruit Vape Juice Flavors",http://aussievapes.com.au/wp-content/uploads/2026/01/iced-pomegranate-berry-cloud-nurdz-salts.png,,,,1,47,,https://mipod.com/products/iced-pomegranate-berry-cloud-nurdz-salts,mipod.com,1769697515,,,,,,,
9988,,"Peach Melon Cloud Nurdz Salts",,,"Accessories > E-Liquid > Fruit Vape Juice Flavors",http://aussievapes.com.au/wp-content/uploads/2026/01/peach-melon-cloud-nurdz-salts.png,,,,1,46,,https://mipod.com/products/peach-melon-cloud-nurdz-salts,mipod.com,1778355926,,,,,,,
9990,,"Iced Banana Dragon Berry Cloud Nurdz Salts",,,"Accessories > E-Liquid > Fruit Vape Juice Flavors",http://aussievapes.com.au/wp-content/uploads/2026/01/iced-banana-dragon-berry-cloud-nurdz-salts.png,,,,1,45,,https://mipod.com/products/iced-banana-dragon-berry-cloud-nurdz-salts,mipod.com,1769057959,,,,,,,
9992,,"I Love Salts Blue Strawberry",,,"Accessories > E-Liquid > Fruit Vape Juice Flavors",http://aussievapes.com.au/wp-content/uploads/2026/01/i-love-salts-blue-strawberry.png,,,,1,44,,https://mipod.com/products/blue-strawberry,mipod.com,1769057962,,,,,,,
9994,,"I Love Salts Strawberry Guava",,,"Accessories > E-Liquid > Fruit Vape Juice Flavors",http://aussievapes.com.au/wp-content/uploads/2026/01/i-love-salts-strawberry-guava.png,,,,1,43,,https://mipod.com/products/strawberry-guava,mipod.com,1769057965,,,,,,,
9996,,"I Love Salts Sweet Strawberry",,,"Accessories > E-Liquid > Fruit Vape Juice Flavors",http://aussievapes.com.au/wp-content/uploads/2026/01/i-love-salts-sweet-strawberry.png,,,,1,42,,https://mipod.com/products/sweet-strawberry,mipod.com,1769057968,,,,,,,
9998,,"I Love Salts Tropic Mango",,,"Accessories > E-Liquid > Fruit Vape Juice Flavors",http://aussievapes.com.au/wp-content/uploads/2026/01/i-love-salts-tropic-mango.jpg,,,,1,41,,https://mipod.com/products/tropic-mango,mipod.com,1769699323,,,,,,,
10000,,"Lychee Strawberry Pod Juice",,,"Accessories > E-Liquid > Fruit Vape Juice Flavors",http://aussievapes.com.au/wp-content/uploads/2026/01/lychee-strawberry-pod-juice.png,,,,1,40,,https://mipod.com/products/lychee-strawberry-pod-juice-30ml,mipod.com,1769057974,,,,,,,
10002,,"Straw Watermelon Bubblegum Ice RAZ X Pod Juice",,,"Accessories > E-Liquid > Fruit Vape Juice Flavors",http://aussievapes.com.au/wp-content/uploads/2026/01/straw-watermelon-bubblegum-ice-raz-x-pod-juice.png,,,,1,39,,https://mipod.com/products/straw-watermelon-bubblegum-ice-raz-x-pod-juice-30ml,mipod.com,1769057978,,,,,,,
10004,,"Strawberry Lolly RAZ X Pod Juice",,,"Accessories > E-Liquid > Fruit Vape Juice Flavors",http://aussievapes.com.au/wp-content/uploads/2026/01/strawberry-lolly-raz-x-pod-juice.png,,,,1,38,,https://mipod.com/products/strawberry-lolly-raz-x-pod-juice-30ml,mipod.com,1769057980,,,,,,,
10006,,"Pink Berries RAZ X Pod Juice",,,"Accessories > E-Liquid > Fruit Vape Juice Flavors",http://aussievapes.com.au/wp-content/uploads/2026/01/pink-berries-raz-x-pod-juice.png,,,,1,37,,https://mipod.com/products/pink-berries-raz-x-pod-juice-30ml,mipod.com,1769057984,,,,,,,
10008,,"Bangin Sour Berries RAZ X Pod Juice",,,"Accessories > E-Liquid > Fruit Vape Juice Flavors",http://aussievapes.com.au/wp-content/uploads/2026/01/bangin-sour-berries-raz-x-pod-juice.png,,,,1,36,,https://mipod.com/products/bangin-sour-berries-raz-x-pod-juice-30ml,mipod.com,1769057986,,,,,,,
10010,,"Strawberry Burst RAZ X Pod Juice",,,"Accessories > E-Liquid > Fruit Vape Juice Flavors",http://aussievapes.com.au/wp-content/uploads/2026/01/strawberry-burst-raz-x-pod-juice.png,,,,1,35,,https://mipod.com/products/strawberry-burst-raz-x-pod-juice-30ml,mipod.com,1769057989,,,,,,,
10012,,"Night Crawler RAZ X Pod Juice",,,"Accessories > E-Liquid > Fruit Vape Juice Flavors",http://aussievapes.com.au/wp-content/uploads/2026/01/night-crawler-raz-x-pod-juice.png,,,,1,34,,https://mipod.com/products/night-crawler-raz-x-pod-juice-30ml,mipod.com,1769717530,,,,,,,
10014,,"Georgia Peach RAZ X Pod Juice",,,"Accessories > E-Liquid > Fruit Vape Juice Flavors",http://aussievapes.com.au/wp-content/uploads/2026/01/georgia-peach-raz-x-pod-juice.png,,,,1,33,,https://mipod.com/products/georgia-peach-raz-x-pod-juice-30ml,mipod.com,1769057995,,,,,,,
10016,,"Blueberry Watermelon RAZ X Pod Juice",,,"Accessories > E-Liquid > Fruit Vape Juice Flavors",http://aussievapes.com.au/wp-content/uploads/2026/01/blueberry-watermelon-raz-x-pod-juice.png,,,,1,32,,https://mipod.com/products/blueberry-watermelon-raz-x-pod-juice-30ml,mipod.com,1769057998,,,,,,,
10018,,"Grape Apple by Cloud Nurdz Salts",,,"Accessories > E-Liquid > Fruit Vape Juice Flavors",http://aussievapes.com.au/wp-content/uploads/2026/01/grape-apple-by-cloud-nurdz-salts.png,,,,1,31,,https://mipod.com/products/grape-apple-by-cloud-nurdz-salts,mipod.com,1769058001,,,,,,,
10020,,"Strawberry Peach Cloud Nurdz Salts",,,"Accessories > E-Liquid > Fruit Vape Juice Flavors",http://aussievapes.com.au/wp-content/uploads/2026/01/strawberry-peach-cloud-nurdz-salts.png,,,,1,30,,https://mipod.com/products/strawberry-peach-cloud-nurdz-salts,mipod.com,1769058005,default,80,{},"CLOUD NURDZ Vapes,Buy CLOUD NURDZ Vapes Australia",,"Buy CLOUD NURDZ Vapes Australia | 4500 Puff Bulk &amp; retail.","Shop CLOUD NURDZ vapes at Aussie Vape Hub. Best prices on 4500 Puff and 3500 Puff models. Fast shipping in Australia. Buy bulk and save!"
10023,,"I Love Salts Spearmint",,,"Accessories > E-Liquid > Menthol Vape Juice Flavors",http://aussievapes.com.au/wp-content/uploads/2026/01/i-love-salts-spearmint.png,,,,1,29,,https://mipod.com/products/spearmint,mipod.com,1769058303,,,,,,,
10025,,"Iced Blue Raspberry Lemon by Cloud Nurdz 100mL",,,"Accessories > E-Liquid > Menthol Vape Juice Flavors",http://aussievapes.com.au/wp-content/uploads/2026/01/iced-blue-raspberry-lemon-by-cloud-nurdz-100ml.png,,,,1,28,,https://mipod.com/products/iced-blue-raspberry-lemon-by-cloud-nurdz-100ml,mipod.com,1769058307,,,,,,,
10027,,"Jewel Mint Diamond Pod Juice",,,"Accessories > E-Liquid > Menthol Vape Juice Flavors",http://aussievapes.com.au/wp-content/uploads/2026/01/jewel-mint-diamond-pod-juice.png,,,,1,27,,https://mipod.com/products/jewel-mint-diamond-pod-juice,mipod.com,1769700331,,,,,,,
10029,,"Jewel Mint Sapphire Pod Juice",,,"Accessories > E-Liquid > Menthol Vape Juice Flavors",http://aussievapes.com.au/wp-content/uploads/2026/01/jewel-mint-sapphire-pod-juice.png,,,,1,26,,https://mipod.com/products/jewel-mint-sapphire-pod-juice,mipod.com,1769058329,,,,,,,
10031,,"Iced Strawberry Lemon by Cloud Nurdz 100mL",,,"Accessories > E-Liquid > Menthol Vape Juice Flavors",http://aussievapes.com.au/wp-content/uploads/2026/01/iced-strawberry-lemon-by-cloud-nurdz-100ml.png,,,,1,25,,https://mipod.com/products/iced-strawberry-lemon-by-cloud-nurdz-100ml,mipod.com,1769695744,,,,,,,
10033,,"Iced Grape Apple by Cloud Nurdz 100mL",,,"Accessories > E-Liquid > Menthol Vape Juice Flavors",http://aussievapes.com.au/wp-content/uploads/2026/01/iced-grape-apple-by-cloud-nurdz-100ml.png,,,,1,24,,https://mipod.com/products/iced-grape-apple-by-cloud-nurdz-100ml,mipod.com,1769058337,,,,,,,
10035,,"Strawberry Kiwi Cloud Nurdz Iced eJuice",,,"Accessories > E-Liquid > Menthol Vape Juice Flavors",http://aussievapes.com.au/wp-content/uploads/2026/01/strawberry-kiwi-cloud-nurdz-iced-ejuice.png,,,,1,23,,https://mipod.com/products/iced-strawberry-kiwi-cloud-nurdz-iced,mipod.com,1769058374,,,,,,,
10037,,"Very Berry Hibiscus Cloud Nurdz Iced eJuice",,,"Accessories > E-Liquid > Menthol Vape Juice Flavors",http://aussievapes.com.au/wp-content/uploads/2026/01/very-berry-hibiscus-cloud-nurdz-iced-ejuice.png,,,,1,22,,https://mipod.com/products/iced-very-berry-hibiscus-cloud-nurdz-100ml,mipod.com,1769058377,,,,,,,
10039,,"Banana Dragonberry Cloud Nurdz Iced eJuice",,,"Accessories > E-Liquid > Menthol Vape Juice Flavors",http://aussievapes.com.au/wp-content/uploads/2026/01/banana-dragonberry-cloud-nurdz-iced-ejuice.png,,,,1,21,,https://mipod.com/products/iced-banana-dragonberry-cloud-nurdz-100ml,mipod.com,1769795523,,,,,,,
10041,,"Peach Melon Cloud Nurdz Iced eJuice",,,"Accessories > E-Liquid > Menthol Vape Juice Flavors",http://aussievapes.com.au/wp-content/uploads/2026/01/peach-melon-cloud-nurdz-iced-ejuice.png,,,,1,20,,https://mipod.com/products/iced-peach-melon-cloud-nurdz-100ml,mipod.com,1769760227,,,,,,,
10043,,"Guava Passion Cloud Nurdz Iced eJuice",,,"Accessories > E-Liquid > Menthol Vape Juice Flavors",http://aussievapes.com.au/wp-content/uploads/2026/01/guava-passion-cloud-nurdz-iced-ejuice.png,,,,1,19,,https://mipod.com/products/iced-guava-passion-cloud-nurdz-100ml,mipod.com,1769058384,,,,,,,
10045,,"Cherry Apple Cloud Nurdz Iced eJuice",,,"Accessories > E-Liquid > Menthol Vape Juice Flavors",http://aussievapes.com.au/wp-content/uploads/2026/01/cherry-apple-cloud-nurdz-iced-ejuice.png,,,,1,18,,https://mipod.com/products/iced-cherry-apple-cloud-nurdz-100ml,mipod.com,1769699659,,,,,,,
10047,,"Peach Dragonfruit Cloud Nurdz Iced eJuice",,,"Accessories > E-Liquid > Menthol Vape Juice Flavors",http://aussievapes.com.au/wp-content/uploads/2026/01/peach-dragonfruit-cloud-nurdz-iced-ejuice.png,,,,1,17,,https://mipod.com/products/iced-peach-dragonfruit-cloud-nurdz-100ml,mipod.com,1769058391,,,,,,,
10049,,"Strawberry Peach Cloud Nurdz Iced eJuice",,,"Accessories > E-Liquid > Menthol Vape Juice Flavors",http://aussievapes.com.au/wp-content/uploads/2026/01/strawberry-peach-cloud-nurdz-iced-ejuice.png,,,,1,16,,https://mipod.com/products/iced-strawberry-peach-cloud-nurdz-100ml,mipod.com,1769058394,,,,,,,
10051,,"Pomegranate Berry Cloud Nurdz Iced eJuice",,,"Accessories > E-Liquid > Menthol Vape Juice Flavors",http://aussievapes.com.au/wp-content/uploads/2026/01/pomegranate-berry-cloud-nurdz-iced-ejuice.png,,,,1,15,,https://mipod.com/products/iced-pomegranate-berry-cloud-nurdz-100ml,mipod.com,1769700801,,,,,,,
10053,,"Pineapple Mango Cloud Nurdz Iced eJuice",,,"Accessories > E-Liquid > Menthol Vape Juice Flavors",http://aussievapes.com.au/wp-content/uploads/2026/01/pineapple-mango-cloud-nurdz-iced-ejuice.png,,,,1,14,,https://mipod.com/products/iced-pinapple-mango-cloud-nurdz-100ml,mipod.com,1769696433,,,,,,,
10055,,"Aloe Grape Cloud Nurdz Iced eJuice",,,"Accessories > E-Liquid > Menthol Vape Juice Flavors",http://aussievapes.com.au/wp-content/uploads/2026/01/aloe-grape-cloud-nurdz-iced-ejuice.png,,,,1,13,,https://mipod.com/products/iced-aloe-grape-cloud-nurdz-100ml,mipod.com,1769795401,,,,,,,
10057,,"Jewel Mint Pod Juice",,,"Accessories > E-Liquid > Menthol Vape Juice Flavors",http://aussievapes.com.au/wp-content/uploads/2026/01/jewel-mint-pod-juice.png,,,,1,12,,https://mipod.com/products/jewel-mint-pod-juice,mipod.com,1769058405,,,,,,,
10059,,"Cool Mint VaporLax Salt",,,"Accessories > E-Liquid > Menthol Vape Juice Flavors",http://aussievapes.com.au/wp-content/uploads/2026/01/cool-mint-vaporlax-salt.png,,,,1,11,,https://mipod.com/products/cool-mint-30ml,mipod.com,1769687159,,,,,,,
10061,,"Iced Watermelon Apple by Cloud Nurdz 100mL",,,"Accessories > E-Liquid > Menthol Vape Juice Flavors",http://aussievapes.com.au/wp-content/uploads/2026/01/iced-watermelon-apple-by-cloud-nurdz-100ml.png,,,,1,10,,https://mipod.com/products/iced-watermelon-apple-by-cloud-nurdz-100ml,mipod.com,1778253972,,,,,,,
10063,,"Iced Watermelon Berry by Cloud Nurdz 100mL",,,"Accessories > E-Liquid > Menthol Vape Juice Flavors",http://aussievapes.com.au/wp-content/uploads/2026/01/iced-watermelon-berry-by-cloud-nurdz-100ml.png,,,,1,9,,https://mipod.com/products/iced-watermelon-berry-by-cloud-nurdz-100ml,mipod.com,1778253968,,,,,,,
10065,,"Cherry Berry Cloud Nurdz Iced eJuice",,,"Accessories > E-Liquid > Menthol Vape Juice Flavors",http://aussievapes.com.au/wp-content/uploads/2026/01/cherry-berry-cloud-nurdz-iced-ejuice.png,,,,1,8,,https://mipod.com/products/iced-cherry-berry-cloud-nurdz-100ml,mipod.com,1778253967,,,,,,,
10067,,"Sour Watermelon Strawberry Cloud Nurdz eJuice",,,"Accessories > E-Liquid > Menthol Vape Juice Flavors",http://aussievapes.com.au/wp-content/uploads/2026/01/sour-watermelon-strawberry-cloud-nurdz-ejuice.png,,,,1,7,,https://mipod.com/products/sour-watermelon-strawberry-cloud-nurdz-100ml-1,mipod.com,1778253967,,,,,,,
